name,label,bin,x,mean_density,local_density,global_density
top_L0_KV0,top L0-KV0 (u int mean=0.998),0,0.0025,1.2738107105749107e-05,1.3861435706173455e-05,1.1614778505324758e-05
top_L0_KV0,top L0-KV0 (u int mean=0.998),1,0.0075,1.0314638403967941e-05,1.1113772218201185e-05,9.515504589734697e-06
top_L0_KV0,top L0-KV0 (u int mean=0.998),2,0.0125,1.0877879982043987e-05,1.171796884388446e-05,1.0037791120203516e-05
top_L0_KV0,top L0-KV0 (u int mean=0.998),3,0.017499999999999998,1.1098700265499417e-05,1.1940569081048125e-05,1.025683144995071e-05
top_L0_KV0,top L0-KV0 (u int mean=0.998),4,0.0225,1.8683451421403724e-05,2.0584490731120502e-05,1.6782412111686945e-05
top_L0_KV0,top L0-KV0 (u int mean=0.998),5,0.0275,1.0980931399221358e-05,1.2004486417741386e-05,9.95737638070133e-06
top_L0_KV0,top L0-KV0 (u int mean=0.998),6,0.0325,8.391769882543088e-06,9.088682148217231e-06,7.694857616868944e-06
top_L0_KV0,top L0-KV0 (u int mean=0.998),7,0.037500000000000006,6.610721712580719e-06,7.142853204657383e-06,6.078590220504054e-06
top_L0_KV0,top L0-KV0 (u int mean=0.998),8,0.0425,6.484157857501925e-06,6.951897051164581e-06,6.016418663839269e-06
top_L0_KV0,top L0-KV0 (u int mean=0.998),9,0.0475,6.279627546338215e-06,6.6766171065475125e-06,5.8826379861289165e-06
top_L0_KV0,top L0-KV0 (u int mean=0.998),10,0.052500000000000005,7.410115243570001e-06,7.879650504654429e-06,6.9405799824855715e-06
top_L0_KV0,top L0-KV0 (u int mean=0.998),11,0.0575,6.813741897434714e-06,7.271845906383792e-06,6.355637888485635e-06
top_L0_KV0,top L0-KV0 (u int mean=0.998),12,0.0625,7.368877396020577e-06,7.879176501595403e-06,6.858578290445751e-06
top_L0_KV0,top L0-KV0 (u int mean=0.998),13,0.0675,7.492365931735126e-06,8.052453636204454e-06,6.932278227265799e-06
top_L0_KV0,top L0-KV0 (u int mean=0.998),14,0.07250000000000001,7.748083897775513e-06,8.310492948534634e-06,7.185674847016392e-06
top_L0_KV0,top L0-KV0 (u int mean=0.998),15,0.0775,8.111207267878586e-06,8.71170131436624e-06,7.5107132213909315e-06
top_L0_KV0,top L0-KV0 (u int mean=0.998),16,0.0825,9.250171485167664e-06,9.967403849080775e-06,8.532939121254555e-06
top_L0_KV0,top L0-KV0 (u int mean=0.998),17,0.08750000000000001,9.044347241804473e-06,9.709834685622809e-06,8.378859797986138e-06
top_L0_KV0,top L0-KV0 (u int mean=0.998),18,0.0925,9.74892398199399e-06,1.0495211474749664e-05,9.002636489238317e-06
top_L0_KV0,top L0-KV0 (u int mean=0.998),19,0.0975,9.866864237333723e-06,1.0639591180401048e-05,9.0941372942664e-06
top_L0_KV0,top L0-KV0 (u int mean=0.998),20,0.10250000000000001,1.156520173571453e-05,1.2518553307115457e-05,1.0611850164313605e-05
top_L0_KV0,top L0-KV0 (u int mean=0.998),21,0.1075,1.0290118173169763e-05,1.099104481332753e-05,9.589191533011996e-06
top_L0_KV0,top L0-KV0 (u int mean=0.998),22,0.1125,1.0344479942351166e-05,1.1043295634140446e-05,9.645664250561886e-06
top_L0_KV0,top L0-KV0 (u int mean=0.998),23,0.11750000000000001,1.5934605258394186e-05,1.735630706889424e-05,1.4512903447894132e-05
top_L0_KV0,top L0-KV0 (u int mean=0.998),24,0.1225,1.8289578982993202e-05,2.0386420357811274e-05,1.6192737608175127e-05
top_L0_KV0,top L0-KV0 (u int mean=0.998),25,0.1275,9.467547500260512e-06,1.0268396404658883e-05,8.666698595862141e-06
top_L0_KV0,top L0-KV0 (u int mean=0.998),26,0.1325,8.502838955783331e-06,9.238045953858481e-06,7.76763195770818e-06
top_L0_KV0,top L0-KV0 (u int mean=0.998),27,0.1375,7.3840197651569336e-06,7.980243668928974e-06,6.787795861384893e-06
top_L0_KV0,top L0-KV0 (u int mean=0.998),28,0.14250000000000002,8.000511501293772e-06,8.62865986103348e-06,7.372363141554063e-06
top_L0_KV0,top L0-KV0 (u int mean=0.998),29,0.1475,1.0836408131836045e-05,1.1752510159470018e-05,9.920306104202073e-06
top_L0_KV0,top L0-KV0 (u int mean=0.998),30,0.1525,1.087906198790226e-05,1.1747226022659366e-05,1.0010897953145153e-05
top_L0_KV0,top L0-KV0 (u int mean=0.998),31,0.1575,8.897536982236229e-06,9.55263225575566e-06,8.242441708716797e-06
top_L0_KV0,top L0-KV0 (u int mean=0.998),32,0.1625,1.0169085416908024e-05,1.0916812458715088e-05,9.421358375100957e-06
top_L0_KV0,top L0-KV0 (u int mean=0.998),33,0.1675,1.0557072698956305e-05,1.1318530549634229e-05,9.795614848278384e-06
top_L0_KV0,top L0-KV0 (u int mean=0.998),34,0.17250000000000001,1.0704335792358472e-05,1.148967475574279e-05,9.918996828974156e-06
top_L0_KV0,top L0-KV0 (u int mean=0.998),35,0.17750000000000002,1.0913243730925615e-05,1.17572117984212e-05,1.006927566343003e-05
top_L0_KV0,top L0-KV0 (u int mean=0.998),36,0.1825,1.1293144438008695e-05,1.213073060008745e-05,1.0455558275929938e-05
top_L0_KV0,top L0-KV0 (u int mean=0.998),37,0.1875,1.2031071376991268e-05,1.2914719121681628e-05,1.1147423632300907e-05
top_L0_KV0,top L0-KV0 (u int mean=0.998),38,0.1925,1.2658619951112981e-05,1.366987585527113e-05,1.164736404695483e-05
top_L0_KV0,top L0-KV0 (u int mean=0.998),39,0.1975,4.327468094343447e-05,5.0742733116797876e-05,3.580662877007106e-05
top_L0_KV0,top L0-KV0 (u int mean=0.998),40,0.2025,0.0002080656703961229,0.0002485761560444238,0.000167555184747822
top_L0_KV0,top L0-KV0 (u int mean=0.998),41,0.20750000000000002,1.3506585863330501e-05,1.4493358305246926e-05,1.2519813421414077e-05
top_L0_KV0,top L0-KV0 (u int mean=0.998),42,0.2125,1.479764377838271e-05,1.591272604376367e-05,1.368256151300175e-05
top_L0_KV0,top L0-KV0 (u int mean=0.998),43,0.2175,0.0015657538235213258,0.0018174559153132058,0.0013140517317294456
top_L0_KV0,top L0-KV0 (u int mean=0.998),44,0.2225,1.8977710445662005e-05,2.4147620414234033e-05,1.3807800477089976e-05
top_L0_KV0,top L0-KV0 (u int mean=0.998),45,0.2275,5.343974464722123e-06,6.595658240777473e-06,4.092290688666773e-06
top_L0_KV0,top L0-KV0 (u int mean=0.998),46,0.2325,4.387759105384248e-06,5.365827373030438e-06,3.4096908377380586e-06
top_L0_KV0,top L0-KV0 (u int mean=0.998),47,0.23750000000000002,3.0324387247609204e-06,3.687759284990274e-06,2.3771181645315664e-06
top_L0_KV0,top L0-KV0 (u int mean=0.998),48,0.2425,2.8110733499683453e-06,3.4276173924549117e-06,2.194529307481779e-06
top_L0_KV0,top L0-KV0 (u int mean=0.998),49,0.2475,3.3259495353377133e-06,4.032715472541375e-06,2.6191835981340513e-06
top_L0_KV0,top L0-KV0 (u int mean=0.998),50,0.2525,3.72760313130779e-06,4.6041422235378245e-06,2.8510640390777553e-06
top_L0_KV0,top L0-KV0 (u int mean=0.998),51,0.2575,3.833930853553673e-06,4.740583822889935e-06,2.9272778842174115e-06
top_L0_KV0,top L0-KV0 (u int mean=0.998),52,0.2625,4.674697915366518e-06,5.730520277731037e-06,3.618875553001999e-06
top_L0_KV0,top L0-KV0 (u int mean=0.998),53,0.2675,0.000348752353139454,0.0004046708441559791,0.00029283386212292887
top_L0_KV0,top L0-KV0 (u int mean=0.998),54,0.2725,0.00035182845011507064,0.0004011812850584257,0.0003024756151717156
top_L0_KV0,top L0-KV0 (u int mean=0.998),55,0.2775,4.117935077374568e-06,5.035853389147503e-06,3.2000167656016335e-06
top_L0_KV0,top L0-KV0 (u int mean=0.998),56,0.28250000000000003,3.4489047655889796e-06,4.21059758082265e-06,2.6872119503553094e-06
top_L0_KV0,top L0-KV0 (u int mean=0.998),57,0.28750000000000003,3.7010611078715423e-06,4.539693057787579e-06,2.8624291579555054e-06
top_L0_KV0,top L0-KV0 (u int mean=0.998),58,0.2925,3.538960649101292e-06,4.369217711947775e-06,2.708703586254809e-06
top_L0_KV0,top L0-KV0 (u int mean=0.998),59,0.2975,3.844695868338022e-06,4.7724905373667885e-06,2.9169011993092553e-06
top_L0_KV0,top L0-KV0 (u int mean=0.998),60,0.3025,5.713247471054014e-06,7.080528559656939e-06,4.34596638245109e-06
top_L0_KV0,top L0-KV0 (u int mean=0.998),61,0.3075,4.021731310136342e-06,4.999268055273985e-06,3.0441945649986986e-06
top_L0_KV0,top L0-KV0 (u int mean=0.998),62,0.3125,3.689675135579559e-06,4.5829937919604295e-06,2.7963564791986883e-06
top_L0_KV0,top L0-KV0 (u int mean=0.998),63,0.3175,2.119705996100103e-05,2.7611261430138256e-05,1.4782858491863798e-05
top_L0_KV0,top L0-KV0 (u int mean=0.998),64,0.3225,5.8469001414453355e-06,7.482286556686242e-06,4.21151372620443e-06
top_L0_KV0,top L0-KV0 (u int mean=0.998),65,0.3275,3.930608573097873e-06,4.970415862512059e-06,2.890801283683686e-06
top_L0_KV0,top L0-KV0 (u int mean=0.998),66,0.3325,2.0058946412453745e-06,2.478398528182879e-06,1.5333907543078697e-06
top_L0_KV0,top L0-KV0 (u int mean=0.998),67,0.3375,1.9013280824050786e-06,2.3403940758726094e-06,1.4622620889375476e-06
top_L0_KV0,top L0-KV0 (u int mean=0.998),68,0.3425,2.0145989602886923e-06,2.4565478530088773e-06,1.5726500675685071e-06
top_L0_KV0,top L0-KV0 (u int mean=0.998),69,0.34750000000000003,2.2351475195137027e-06,2.769027219073905e-06,1.7012678199535003e-06
top_L0_KV0,top L0-KV0 (u int mean=0.998),70,0.35250000000000004,2.0806367006441306e-06,2.565002611325846e-06,1.5962707899624157e-06
top_L0_KV0,top L0-KV0 (u int mean=0.998),71,0.3575,2.8473589566146984e-06,3.542219993895352e-06,2.1524979193340447e-06
top_L0_KV0,top L0-KV0 (u int mean=0.998),72,0.3625,2.9689966741638533e-06,3.7243396816068397e-06,2.213653666720867e-06
top_L0_KV0,top L0-KV0 (u int mean=0.998),73,0.3675,3.272033869247285e-06,4.1245512777875e-06,2.4195164607070704e-06
top_L0_KV0,top L0-KV0 (u int mean=0.998),74,0.3725,3.9312287185566674e-06,4.995201460847706e-06,2.867255976265629e-06
top_L0_KV0,top L0-KV0 (u int mean=0.998),75,0.3775,3.0131118405409192e-06,3.8056628000049386e-06,2.2205608810769003e-06
top_L0_KV0,top L0-KV0 (u int mean=0.998),76,0.3825,3.2375235556563505e-06,4.1021551169251325e-06,2.372891994387568e-06
top_L0_KV0,top L0-KV0 (u int mean=0.998),77,0.3875,3.2406604110032533e-06,4.063499919279171e-06,2.4178209027273364e-06
top_L0_KV0,top L0-KV0 (u int mean=0.998),78,0.3925,4.5252257661689195e-06,5.618379970785879e-06,3.4320715615519603e-06
top_L0_KV0,top L0-KV0 (u int mean=0.998),79,0.3975,5.244486974983634e-06,6.466302790743482e-06,4.022671159223787e-06
top_L0_KV0,top L0-KV0 (u int mean=0.998),80,0.4025,5.328420391898752e-06,6.565586123282888e-06,4.091254660514616e-06
top_L0_KV0,top L0-KV0 (u int mean=0.998),81,0.40750000000000003,4.848235919650636e-06,6.091749128245283e-06,3.6047227110559888e-06
top_L0_KV0,top L0-KV0 (u int mean=0.998),82,0.41250000000000003,1.4018198450165592e-05,1.7893254429119615e-05,1.0143142471211572e-05
top_L0_KV0,top L0-KV0 (u int mean=0.998),83,0.41750000000000004,1.0840656549199984e-05,1.3806397159247094e-05,7.874915939152873e-06
top_L0_KV0,top L0-KV0 (u int mean=0.998),84,0.4225,4.584151936017276e-06,5.8202760036302995e-06,3.3480278684042527e-06
top_L0_KV0,top L0-KV0 (u int mean=0.998),85,0.4275,2.920309481981219e-06,3.635742051041494e-06,2.2048769129209437e-06
top_L0_KV0,top L0-KV0 (u int mean=0.998),86,0.4325,2.1145124995720314e-06,2.5719392949343145e-06,1.6570857042097487e-06
top_L0_KV0,top L0-KV0 (u int mean=0.998),87,0.4375,1.9947697751376836e-06,2.428402906064418e-06,1.5611366442109492e-06
top_L0_KV0,top L0-KV0 (u int mean=0.998),88,0.4425,2.2352511369457976e-06,2.7006404447352646e-06,1.7698618291563304e-06
top_L0_KV0,top L0-KV0 (u int mean=0.998),89,0.4475,2.443944716950292e-06,2.9965278827148722e-06,1.8913615511857124e-06
top_L0_KV0,top L0-KV0 (u int mean=0.998),90,0.4525,2.715458606417087e-06,3.3327429491691873e-06,2.098174263664987e-06
top_L0_KV0,top L0-KV0 (u int mean=0.998),91,0.4575,2.8415520724982864e-06,3.5441592477322307e-06,2.138944897264342e-06
top_L0_KV0,top L0-KV0 (u int mean=0.998),92,0.4625,2.922687136625817e-06,3.6333314678163982e-06,2.212042805435236e-06
top_L0_KV0,top L0-KV0 (u int mean=0.998),93,0.4675,2.8252728481805074e-06,3.496025621123928e-06,2.1545200752370874e-06
top_L0_KV0,top L0-KV0 (u int mean=0.998),94,0.47250000000000003,3.282568919920388e-06,4.047650885955331e-06,2.5174869538854442e-06
top_L0_KV0,top L0-KV0 (u int mean=0.998),95,0.47750000000000004,2.8659047675968656e-06,3.5788790293216673e-06,2.152930505872064e-06
top_L0_KV0,top L0-KV0 (u int mean=0.998),96,0.4825,3.1476388195577395e-06,3.940997885365505e-06,2.3542797537499738e-06
top_L0_KV0,top L0-KV0 (u int mean=0.998),97,0.4875,3.267897576668994e-06,4.121338666404231e-06,2.4144564869337567e-06
top_L0_KV0,top L0-KV0 (u int mean=0.998),98,0.4925,3.885516719037696e-06,4.864195489062695e-06,2.906837949012697e-06
top_L0_KV0,top L0-KV0 (u int mean=0.998),99,0.4975,3.3337634996704376e-06,4.173094566795044e-06,2.494432432545831e-06
top_L0_KV0,top L0-KV0 (u int mean=0.998),100,0.5025,5.848284518249005e-06,7.213467678671545e-06,4.4831013578264645e-06
top_L0_KV0,top L0-KV0 (u int mean=0.998),101,0.5075,5.100642462301558e-06,6.342676864993077e-06,3.85860805961004e-06
top_L0_KV0,top L0-KV0 (u int mean=0.998),102,0.5125,2.2164511814740505e-05,2.8624713130349327e-05,1.570431049913168e-05
top_L0_KV0,top L0-KV0 (u int mean=0.998),103,0.5175,6.750403112424205e-06,8.438153599854559e-06,5.062652624993851e-06
top_L0_KV0,top L0-KV0 (u int mean=0.998),104,0.5225,4.798362364713934e-06,6.074147482390149e-06,3.5225772470377185e-06
top_L0_KV0,top L0-KV0 (u int mean=0.998),105,0.5275,2.462998411699248e-06,3.0054894263490236e-06,1.9205073970494724e-06
top_L0_KV0,top L0-KV0 (u int mean=0.998),106,0.5325,2.3405065608780466e-06,2.932160214186297e-06,1.7488529075697962e-06
top_L0_KV0,top L0-KV0 (u int mean=0.998),107,0.5375,2.16082172041102e-06,2.7091077429629095e-06,1.6125356978591299e-06
top_L0_KV0,top L0-KV0 (u int mean=0.998),108,0.5425,2.288479387451454e-06,2.857396192926639e-06,1.7195625819762687e-06
top_L0_KV0,top L0-KV0 (u int mean=0.998),109,0.5475,1.9192734441730863e-06,2.4014969832413565e-06,1.4370499051048164e-06
top_L0_KV0,top L0-KV0 (u int mean=0.998),110,0.5525,2.4659952211030552e-06,3.0925512289416346e-06,1.8394392132644758e-06
top_L0_KV0,top L0-KV0 (u int mean=0.998),111,0.5575,2.5194690757806323e-06,3.1749554604435356e-06,1.8639826911177288e-06
top_L0_KV0,top L0-KV0 (u int mean=0.998),112,0.5625,2.8641299211683095e-06,3.6128277055727916e-06,2.115432136763827e-06
top_L0_KV0,top L0-KV0 (u int mean=0.998),113,0.5675,3.1887629786199663e-06,4.021662724491242e-06,2.355863232748691e-06
top_L0_KV0,top L0-KV0 (u int mean=0.998),114,0.5725,3.6336761663083706e-06,4.580519073117882e-06,2.6868332594988587e-06
top_L0_KV0,top L0-KV0 (u int mean=0.998),115,0.5775,2.8160320653114468e-06,3.5815577510740174e-06,2.050506379548876e-06
top_L0_KV0,top L0-KV0 (u int mean=0.998),116,0.5824999999999999,3.1437064649253443e-06,3.980539515526159e-06,2.30687341432453e-06
top_L0_KV0,top L0-KV0 (u int mean=0.998),117,0.5874999999999999,3.049206660372355e-06,3.863064177624308e-06,2.235349143120402e-06
top_L0_KV0,top L0-KV0 (u int mean=0.998),118,0.5924999999999999,3.6936689217067653e-06,4.696521630519003e-06,2.690816212894528e-06
top_L0_KV0,top L0-KV0 (u int mean=0.998),119,0.5974999999999999,3.305647242411526e-06,4.183497383434899e-06,2.427797101388153e-06
top_L0_KV0,top L0-KV0 (u int mean=0.998),120,0.6024999999999999,6.260529330250262e-06,7.81667569883991e-06,4.704382961660615e-06
top_L0_KV0,top L0-KV0 (u int mean=0.998),121,0.6074999999999999,1.4108331242823624e-05,1.8160585536211977e-05,1.005607694943527e-05
top_L0_KV0,top L0-KV0 (u int mean=0.998),122,0.6124999999999999,1.4497917853922055e-05,1.8458151609073476e-05,1.0537684098770634e-05
top_L0_KV0,top L0-KV0 (u int mean=0.998),123,0.6174999999999999,5.081567093969039e-06,6.333182714765176e-06,3.829951473172903e-06
top_L0_KV0,top L0-KV0 (u int mean=0.998),124,0.6224999999999999,5.147080798906245e-06,6.626379705007171e-06,3.6677818928053185e-06
top_L0_KV0,top L0-KV0 (u int mean=0.998),125,0.6275,2.4454855796258405e-06,3.037136041582146e-06,1.853835117669535e-06
top_L0_KV0,top L0-KV0 (u int mean=0.998),126,0.6325,2.4515552386869137e-06,3.0391751936674283e-06,1.8639352837063988e-06
top_L0_KV0,top L0-KV0 (u int mean=0.998),127,0.6375,4.52236577887431e-06,5.418809044905564e-06,3.625922512843057e-06
top_L0_KV0,top L0-KV0 (u int mean=0.998),128,0.6425,3.3230048026260713e-06,4.1183409881081645e-06,2.5276686171439777e-06
top_L0_KV0,top L0-KV0 (u int mean=0.998),129,0.6475,2.5935346457117703e-06,3.267519332439406e-06,1.9195499589841347e-06
top_L0_KV0,top L0-KV0 (u int mean=0.998),130,0.6525,2.7264361831060213e-06,3.439374300536916e-06,2.0134980656751267e-06
top_L0_KV0,top L0-KV0 (u int mean=0.998),131,0.6575,3.3665105344685534e-06,4.22464943637481e-06,2.5083716325622973e-06
top_L0_KV0,top L0-KV0 (u int mean=0.998),132,0.6625,3.0145586314184972e-06,3.7869630367432753e-06,2.242154226093719e-06
top_L0_KV0,top L0-KV0 (u int mean=0.998),133,0.6675,3.069756774363798e-06,3.867549123372425e-06,2.271964425355171e-06
top_L0_KV0,top L0-KV0 (u int mean=0.998),134,0.6725,3.209737176998065e-06,4.059696185062681e-06,2.3597781689334496e-06
top_L0_KV0,top L0-KV0 (u int mean=0.998),135,0.6775,3.103734635650263e-06,3.911854313238499e-06,2.2956149580620277e-06
top_L0_KV0,top L0-KV0 (u int mean=0.998),136,0.6825,3.790386512849052e-06,4.788580034593386e-06,2.7921929911047172e-06
top_L0_KV0,top L0-KV0 (u int mean=0.998),137,0.6875,3.727846197827083e-06,4.704529374066624e-06,2.7511630215875423e-06
top_L0_KV0,top L0-KV0 (u int mean=0.998),138,0.6925,3.6602681185675986e-06,4.620742824304866e-06,2.6997934128303314e-06
top_L0_KV0,top L0-KV0 (u int mean=0.998),139,0.6975,4.111172399591721e-06,5.1856649179171654e-06,3.0366798812662765e-06
top_L0_KV0,top L0-KV0 (u int mean=0.998),140,0.7025,6.327353024257068e-06,7.82038630729533e-06,4.834319741218808e-06
top_L0_KV0,top L0-KV0 (u int mean=0.998),141,0.7074999999999999,2.5226551380390966e-05,3.193901355708866e-05,1.8514089203693273e-05
top_L0_KV0,top L0-KV0 (u int mean=0.998),142,0.7124999999999999,8.2581156967925e-06,1.0291478864538866e-05,6.224752529046132e-06
top_L0_KV0,top L0-KV0 (u int mean=0.998),143,0.7174999999999999,5.534337122168966e-06,6.7704225362571635e-06,4.298251708080768e-06
top_L0_KV0,top L0-KV0 (u int mean=0.998),144,0.7224999999999999,3.465978392926315e-06,4.333954832093566e-06,2.5980019537590645e-06
top_L0_KV0,top L0-KV0 (u int mean=0.998),145,0.7274999999999999,2.961156691786268e-06,3.6333737593200307e-06,2.2889396242525047e-06
top_L0_KV0,top L0-KV0 (u int mean=0.998),146,0.7324999999999999,2.6376637833891436e-06,3.235042039965005e-06,2.0402855268132825e-06
top_L0_KV0,top L0-KV0 (u int mean=0.998),147,0.7374999999999999,3.1177369237411767e-06,3.8337352797108385e-06,2.401738567771515e-06
top_L0_KV0,top L0-KV0 (u int mean=0.998),148,0.7424999999999999,2.9759501753038165e-06,3.6659288135914333e-06,2.2859715370161993e-06
top_L0_KV0,top L0-KV0 (u int mean=0.998),149,0.7474999999999999,3.414456752385117e-06,4.20641627637711e-06,2.6224972283931232e-06
top_L0_KV0,top L0-KV0 (u int mean=0.998),150,0.7525,3.942020433506904e-06,4.849104568295713e-06,3.034936298718094e-06
top_L0_KV0,top L0-KV0 (u int mean=0.998),151,0.7575,6.445114625616302e-06,7.74107408168285e-06,5.149155169549756e-06
top_L0_KV0,top L0-KV0 (u int mean=0.998),152,0.7625,4.437994188525149e-06,5.433838071309895e-06,3.4421503057404024e-06
top_L0_KV0,top L0-KV0 (u int mean=0.998),153,0.7675,5.830197112897752e-06,7.241132185039792e-06,4.4192620407557115e-06
top_L0_KV0,top L0-KV0 (u int mean=0.998),154,0.7725,4.996420979555946e-06,6.2204700595559966e-06,3.7723718995558945e-06
top_L0_KV0,top L0-KV0 (u int mean=0.998),155,0.7775,4.765456545945718e-06,5.942251521316523e-06,3.5886615705749136e-06
top_L0_KV0,top L0-KV0 (u int mean=0.998),156,0.7825,4.49490622551301e-06,5.578915274132409e-06,3.410897176893611e-06
top_L0_KV0,top L0-KV0 (u int mean=0.998),157,0.7875,4.7796473105725975e-06,5.951483850757151e-06,3.607810770388044e-06
top_L0_KV0,top L0-KV0 (u int mean=0.998),158,0.7925,4.9516353897161025e-06,6.178973844076349e-06,3.7242969353558564e-06
top_L0_KV0,top L0-KV0 (u int mean=0.998),159,0.7975,5.5238021039778174e-06,6.887305257155926e-06,4.160298950799708e-06
top_L0_KV0,top L0-KV0 (u int mean=0.998),160,0.8025,1.792646367805771e-05,2.2502888522727256e-05,1.3350038833388161e-05
top_L0_KV0,top L0-KV0 (u int mean=0.998),161,0.8075,1.851832671003909e-05,2.347960690128405e-05,1.3557046518794128e-05
top_L0_KV0,top L0-KV0 (u int mean=0.998),162,0.8125,5.757246209928521e-06,7.208117429919574e-06,4.306374989937467e-06
top_L0_KV0,top L0-KV0 (u int mean=0.998),163,0.8175,5.958633445451206e-06,7.526042963945656e-06,4.391223926956757e-06
top_L0_KV0,top L0-KV0 (u int mean=0.998),164,0.8225,2.9664184515760487e-06,3.6924202666861154e-06,2.240416636465982e-06
top_L0_KV0,top L0-KV0 (u int mean=0.998),165,0.8275,3.1838129237777527e-06,3.983186015180504e-06,2.3844398323750023e-06
top_L0_KV0,top L0-KV0 (u int mean=0.998),166,0.8325,3.062313997556235e-06,3.8265346964700645e-06,2.2980932986424056e-06
top_L0_KV0,top L0-KV0 (u int mean=0.998),167,0.8374999999999999,3.5369985442100315e-06,4.418285162241123e-06,2.65571192617894e-06
top_L0_KV0,top L0-KV0 (u int mean=0.998),168,0.8424999999999999,3.1796156016688267e-06,3.988532236170224e-06,2.37069896716743e-06
top_L0_KV0,top L0-KV0 (u int mean=0.998),169,0.8474999999999999,3.8903032597253125e-06,4.896572493505248e-06,2.8840340259453763e-06
top_L0_KV0,top L0-KV0 (u int mean=0.998),170,0.8524999999999999,4.693389192717795e-06,5.890757035688564e-06,3.496021349747025e-06
top_L0_KV0,top L0-KV0 (u int mean=0.998),171,0.8574999999999999,4.443111265572952e-06,5.5985153072210125e-06,3.2877072239248913e-06
top_L0_KV0,top L0-KV0 (u int mean=0.998),172,0.8624999999999999,5.181152224460156e-06,6.589936089897362e-06,3.7723683590229484e-06
top_L0_KV0,top L0-KV0 (u int mean=0.998),173,0.8674999999999999,6.503228470527184e-06,8.278866126992007e-06,4.727590814062361e-06
top_L0_KV0,top L0-KV0 (u int mean=0.998),174,0.8724999999999999,5.838129904337361e-06,7.4035193132918465e-06,4.272740495382875e-06
top_L0_KV0,top L0-KV0 (u int mean=0.998),175,0.8775,6.9646835884538764e-06,8.715573682950759e-06,5.213793493956993e-06
top_L0_KV0,top L0-KV0 (u int mean=0.998),176,0.8825,8.007562623138906e-06,9.86277866234429e-06,6.15234658393352e-06
top_L0_KV0,top L0-KV0 (u int mean=0.998),177,0.8875,6.419703741552699e-06,8.155305392522547e-06,4.6841020905828505e-06
top_L0_KV0,top L0-KV0 (u int mean=0.998),178,0.8925,7.027586629452084e-06,8.902840428553255e-06,5.152332830350913e-06
top_L0_KV0,top L0-KV0 (u int mean=0.998),179,0.8975,6.529482919047172e-06,8.309288399946776e-06,4.749677438147566e-06
top_L0_KV0,top L0-KV0 (u int mean=0.998),180,0.9025,3.5240708793285845e-05,4.460459006492913e-05,2.5876827521642554e-05
top_L0_KV0,top L0-KV0 (u int mean=0.998),181,0.9075,9.370979723501349e-06,1.1583980657243436e-05,7.157978789759259e-06
top_L0_KV0,top L0-KV0 (u int mean=0.998),182,0.9125,7.426338462274934e-06,9.242035762976489e-06,5.610641161573378e-06
top_L0_KV0,top L0-KV0 (u int mean=0.998),183,0.9175,4.422375582180393e-06,5.50349812199004e-06,3.341253042370746e-06
top_L0_KV0,top L0-KV0 (u int mean=0.998),184,0.9225,4.198564259435703e-06,5.222511910168188e-06,3.174616608703218e-06
top_L0_KV0,top L0-KV0 (u int mean=0.998),185,0.9275,4.384311263753002e-06,5.433326155720611e-06,3.3352963717853915e-06
top_L0_KV0,top L0-KV0 (u int mean=0.998),186,0.9325,4.851845395543413e-06,6.052703871059098e-06,3.6509869200277275e-06
top_L0_KV0,top L0-KV0 (u int mean=0.998),187,0.9375,5.202960445720757e-06,6.493267911927043e-06,3.9126529795144705e-06
top_L0_KV0,top L0-KV0 (u int mean=0.998),188,0.9425,5.380335478223839e-06,6.7310811898226215e-06,4.029589766625057e-06
top_L0_KV0,top L0-KV0 (u int mean=0.998),189,0.9475,6.645595029957413e-06,8.296078541596736e-06,4.995111518318092e-06
top_L0_KV0,top L0-KV0 (u int mean=0.998),190,0.9525,7.690739429173326e-06,9.638533518747344e-06,5.742945339599308e-06
top_L0_KV0,top L0-KV0 (u int mean=0.998),191,0.9575,6.915575332706275e-06,8.674362139312766e-06,5.156788526099783e-06
top_L0_KV0,top L0-KV0 (u int mean=0.998),192,0.9624999999999999,9.218025037885777e-06,1.159012052604729e-05,6.845929549724263e-06
top_L0_KV0,top L0-KV0 (u int mean=0.998),193,0.9674999999999999,8.88847742024674e-06,1.114166419873592e-05,6.63529064175756e-06
top_L0_KV0,top L0-KV0 (u int mean=0.998),194,0.9724999999999999,1.0084160862788849e-05,1.2699651636337097e-05,7.468670089240602e-06
top_L0_KV0,top L0-KV0 (u int mean=0.998),195,0.9774999999999999,9.67649202721077e-06,1.215220290110405e-05,7.200781153317491e-06
top_L0_KV0,top L0-KV0 (u int mean=0.998),196,0.9824999999999999,1.0039256137263561e-05,1.2656245449501771e-05,7.422266825025352e-06
top_L0_KV0,top L0-KV0 (u int mean=0.998),197,0.9874999999999999,9.319201337478133e-06,1.1727664189363298e-05,6.910738485592967e-06
top_L0_KV0,top L0-KV0 (u int mean=0.998),198,0.9924999999999999,1.1369014600859373e-05,1.43963721451915e-05,8.341657056527246e-06
top_L0_KV0,top L0-KV0 (u int mean=0.998),199,0.9975,1.152782817825937e-05,1.4636788884152857e-05,8.418867472365882e-06
top_L1_KV1,top L1-KV1 (u int mean=0.996),0,0.0025,0.00025572670637075134,0.00029578500378387877,0.00021566840895762392
top_L1_KV1,top L1-KV1 (u int mean=0.996),1,0.0075,1.2536593309115623e-05,1.601824365999554e-05,9.054942958235707e-06
top_L1_KV1,top L1-KV1 (u int mean=0.996),2,0.0125,1.1888669417560648e-05,1.5175019825619529e-05,8.602319009501766e-06
top_L1_KV1,top L1-KV1 (u int mean=0.996),3,0.017499999999999998,1.1179778117106514e-05,1.4096244902767857e-05,8.263311331445169e-06
top_L1_KV1,top L1-KV1 (u int mean=0.996),4,0.0225,1.881352122674278e-05,2.371692426095251e-05,1.3910118192533056e-05
top_L1_KV1,top L1-KV1 (u int mean=0.996),5,0.0275,1.2950544154526661e-05,1.5898042420303682e-05,1.0003045888749642e-05
top_L1_KV1,top L1-KV1 (u int mean=0.996),6,0.0325,9.631575478254361e-06,1.2000876690113468e-05,7.262274266395252e-06
top_L1_KV1,top L1-KV1 (u int mean=0.996),7,0.037500000000000006,6.98039719233228e-06,8.840298895458026e-06,5.120495489206535e-06
top_L1_KV1,top L1-KV1 (u int mean=0.996),8,0.0425,6.3727889921340515e-06,7.986786808292631e-06,4.758791175975473e-06
top_L1_KV1,top L1-KV1 (u int mean=0.996),9,0.0475,5.359896817935805e-06,6.794446091719562e-06,3.925347544152048e-06
top_L1_KV1,top L1-KV1 (u int mean=0.996),10,0.052500000000000005,6.0354115427279405e-06,7.69074992084435e-06,4.380073164611531e-06
top_L1_KV1,top L1-KV1 (u int mean=0.996),11,0.0575,5.602064784885183e-06,7.118004175156654e-06,4.086125394613711e-06
top_L1_KV1,top L1-KV1 (u int mean=0.996),12,0.0625,6.619445140846178e-06,8.395255820557526e-06,4.84363446113483e-06
top_L1_KV1,top L1-KV1 (u int mean=0.996),13,0.0675,7.459084827132756e-06,9.402977281882028e-06,5.515192372383483e-06
top_L1_KV1,top L1-KV1 (u int mean=0.996),14,0.07250000000000001,7.234504465714053e-06,9.157070231984627e-06,5.311938699443479e-06
top_L1_KV1,top L1-KV1 (u int mean=0.996),15,0.0775,7.677574119822697e-06,9.801834007053653e-06,5.5533142325917396e-06
top_L1_KV1,top L1-KV1 (u int mean=0.996),16,0.0825,7.266559858213181e-06,9.134680437585172e-06,5.3984392788411895e-06
top_L1_KV1,top L1-KV1 (u int mean=0.996),17,0.08750000000000001,8.579729922075785e-06,1.0912048700057702e-05,6.2474111440938685e-06
top_L1_KV1,top L1-KV1 (u int mean=0.996),18,0.0925,9.991909532150853e-06,1.2732827177127806e-05,7.250991887173898e-06
top_L1_KV1,top L1-KV1 (u int mean=0.996),19,0.0975,8.234905643738394e-06,1.039003032993995e-05,6.0797809575368385e-06
top_L1_KV1,top L1-KV1 (u int mean=0.996),20,0.10250000000000001,1.0561184842978427e-05,1.350361532916265e-05,7.6187543567942025e-06
top_L1_KV1,top L1-KV1 (u int mean=0.996),21,0.1075,8.589349474976058e-06,1.090909748719631e-05,6.269601462755807e-06
top_L1_KV1,top L1-KV1 (u int mean=0.996),22,0.1125,8.029814986392531e-06,1.0154520623473218e-05,5.905109349311845e-06
top_L1_KV1,top L1-KV1 (u int mean=0.996),23,0.11750000000000001,1.3936832122648673e-05,1.753313527582837e-05,1.0340528969468973e-05
top_L1_KV1,top L1-KV1 (u int mean=0.996),24,0.1225,1.8324986561830364e-05,2.3126445349979413e-05,1.3523527773681313e-05
top_L1_KV1,top L1-KV1 (u int mean=0.996),25,0.1275,1.0483976901858633e-05,1.3218055106075813e-05,7.749898697641453e-06
top_L1_KV1,top L1-KV1 (u int mean=0.996),26,0.1325,8.393712205036407e-06,1.079170705712126e-05,5.995717352951553e-06
top_L1_KV1,top L1-KV1 (u int mean=0.996),27,0.1375,6.66705632771222e-06,8.475187444543866e-06,4.858925210880573e-06
top_L1_KV1,top L1-KV1 (u int mean=0.996),28,0.14250000000000002,6.765925803620121e-06,8.692501621356183e-06,4.8393499858840575e-06
top_L1_KV1,top L1-KV1 (u int mean=0.996),29,0.1475,8.083249744978665e-06,9.996759997323221e-06,6.169739492634108e-06
top_L1_KV1,top L1-KV1 (u int mean=0.996),30,0.1525,9.217750739968064e-06,1.1405428283848909e-05,7.030073196087219e-06
top_L1_KV1,top L1-KV1 (u int mean=0.996),31,0.1575,7.113164006763587e-06,8.94066433180082e-06,5.2856636817263535e-06
top_L1_KV1,top L1-KV1 (u int mean=0.996),32,0.1625,8.250010515504463e-06,1.040824450423575e-05,6.091776526773174e-06
top_L1_KV1,top L1-KV1 (u int mean=0.996),33,0.1675,8.725297886615277e-06,1.0981525325145672e-05,6.469070448084884e-06
top_L1_KV1,top L1-KV1 (u int mean=0.996),34,0.17250000000000001,7.88974989518465e-06,1.0017751541064562e-05,5.761748249304739e-06
top_L1_KV1,top L1-KV1 (u int mean=0.996),35,0.17750000000000002,8.338055745785563e-06,1.0499880561708e-05,6.1762309298631275e-06
top_L1_KV1,top L1-KV1 (u int mean=0.996),36,0.1825,8.14204837037583e-06,1.022046110067874e-05,6.063635640072919e-06
top_L1_KV1,top L1-KV1 (u int mean=0.996),37,0.1875,9.043767911569895e-06,1.1305955013085622e-05,6.781580810054168e-06
top_L1_KV1,top L1-KV1 (u int mean=0.996),38,0.1925,1.0177609766515161e-05,1.2757186855846417e-05,7.598032677183905e-06
top_L1_KV1,top L1-KV1 (u int mean=0.996),39,0.1975,5.057734927861799e-05,6.444385618513999e-05,3.6710842372096e-05
top_L1_KV1,top L1-KV1 (u int mean=0.996),40,0.2025,0.0002271307952444853,0.00029661738283591276,0.00015764420765305789
top_L1_KV1,top L1-KV1 (u int mean=0.996),41,0.20750000000000002,1.1970794698104976e-05,1.5013055287584263e-05,8.928534108625691e-06
top_L1_KV1,top L1-KV1 (u int mean=0.996),42,0.2125,9.709907581217131e-06,1.1955669541358865e-05,7.464145621075399e-06
top_L1_KV1,top L1-KV1 (u int mean=0.996),43,0.2175,0.0012724355600702048,0.0015324244571794615,0.0010124466629609483
top_L1_KV1,top L1-KV1 (u int mean=0.996),44,0.2225,2.5023600820921793e-05,3.4450773910066346e-05,1.559642773177724e-05
top_L1_KV1,top L1-KV1 (u int mean=0.996),45,0.2275,7.181428673318026e-06,9.364785796606157e-06,4.998071550029895e-06
top_L1_KV1,top L1-KV1 (u int mean=0.996),46,0.2325,6.823961618757884e-06,8.803041055216454e-06,4.844882182299313e-06
top_L1_KV1,top L1-KV1 (u int mean=0.996),47,0.23750000000000002,2.977640982797831e-06,3.437125493681898e-06,2.5181564719137635e-06
top_L1_KV1,top L1-KV1 (u int mean=0.996),48,0.2425,2.6383191352254343e-06,3.0304845820085447e-06,2.246153688442324e-06
top_L1_KV1,top L1-KV1 (u int mean=0.996),49,0.2475,3.0126573002624875e-06,3.4512576771053967e-06,2.574056923419578e-06
top_L1_KV1,top L1-KV1 (u int mean=0.996),50,0.2525,3.190037343106919e-06,3.7548400574191225e-06,2.625234628794715e-06
top_L1_KV1,top L1-KV1 (u int mean=0.996),51,0.2575,3.9026030711803676e-06,4.674707237687212e-06,3.130498904673524e-06
top_L1_KV1,top L1-KV1 (u int mean=0.996),52,0.2625,4.882081839241437e-06,5.8831074381617195e-06,3.881056240321154e-06
top_L1_KV1,top L1-KV1 (u int mean=0.996),53,0.2675,0.0002914398195993532,0.0003328333398907749,0.00025004629930793144
top_L1_KV1,top L1-KV1 (u int mean=0.996),54,0.2725,0.00031191870997255525,0.00035593909725711067,0.0002678983226879999
top_L1_KV1,top L1-KV1 (u int mean=0.996),55,0.2775,4.874431738244311e-06,5.716072954393374e-06,4.032790522095249e-06
top_L1_KV1,top L1-KV1 (u int mean=0.996),56,0.28250000000000003,3.7979520633208656e-06,4.460029003894306e-06,3.1358751227474258e-06
top_L1_KV1,top L1-KV1 (u int mean=0.996),57,0.28750000000000003,3.858307171153033e-06,4.4741712567234316e-06,3.242443085582636e-06
top_L1_KV1,top L1-KV1 (u int mean=0.996),58,0.2925,3.7345739412687958e-06,4.361949241423904e-06,3.1071986411136876e-06
top_L1_KV1,top L1-KV1 (u int mean=0.996),59,0.2975,3.862549492948476e-06,4.506288551705698e-06,3.218810434191255e-06
top_L1_KV1,top L1-KV1 (u int mean=0.996),60,0.3025,5.989188788849528e-06,7.414851682239844e-06,4.563525895459211e-06
top_L1_KV1,top L1-KV1 (u int mean=0.996),61,0.3075,5.714857853230829e-06,7.041994292324359e-06,4.387721414137299e-06
top_L1_KV1,top L1-KV1 (u int mean=0.996),62,0.3125,4.1611676562882034e-06,5.011827478743466e-06,3.3105078338329415e-06
top_L1_KV1,top L1-KV1 (u int mean=0.996),63,0.3175,2.117962243833712e-05,2.9725067991291455e-05,1.2634176885382789e-05
top_L1_KV1,top L1-KV1 (u int mean=0.996),64,0.3225,1.6295815531261075e-05,2.268334302308566e-05,9.908288039436489e-06
top_L1_KV1,top L1-KV1 (u int mean=0.996),65,0.3275,6.195880830871049e-06,8.438444134688844e-06,3.953317527053254e-06
top_L1_KV1,top L1-KV1 (u int mean=0.996),66,0.3325,4.098645417473433e-06,5.251153051436372e-06,2.946137783510494e-06
top_L1_KV1,top L1-KV1 (u int mean=0.996),67,0.3375,2.294089483712014e-06,2.7431966438078755e-06,1.8449823236161528e-06
top_L1_KV1,top L1-KV1 (u int mean=0.996),68,0.3425,2.2653657083537837e-06,2.5891444010994746e-06,1.9415870156080928e-06
top_L1_KV1,top L1-KV1 (u int mean=0.996),69,0.34750000000000003,2.3105858417693526e-06,2.7261041525759666e-06,1.8950675309627383e-06
top_L1_KV1,top L1-KV1 (u int mean=0.996),70,0.35250000000000004,2.3265243466344794e-06,2.714157241306176e-06,1.9388914519627827e-06
top_L1_KV1,top L1-KV1 (u int mean=0.996),71,0.3575,3.1654172403250413e-06,3.847554629438881e-06,2.4832798512112016e-06
top_L1_KV1,top L1-KV1 (u int mean=0.996),72,0.3625,3.5346395991707273e-06,4.34573225252929e-06,2.723546945812164e-06
top_L1_KV1,top L1-KV1 (u int mean=0.996),73,0.3675,3.8674652874500945e-06,4.8146974742329415e-06,2.9202331006672466e-06
top_L1_KV1,top L1-KV1 (u int mean=0.996),74,0.3725,4.964421983848816e-06,6.33367452402516e-06,3.595169443672473e-06
top_L1_KV1,top L1-KV1 (u int mean=0.996),75,0.3775,3.603015557018807e-06,4.3264853145176725e-06,2.8795457995199414e-06
top_L1_KV1,top L1-KV1 (u int mean=0.996),76,0.3825,4.0288461491400085e-06,4.8095678591510345e-06,3.248124439128982e-06
top_L1_KV1,top L1-KV1 (u int mean=0.996),77,0.3875,3.459793934520608e-06,3.936080734742323e-06,2.983507134298894e-06
top_L1_KV1,top L1-KV1 (u int mean=0.996),78,0.3925,4.979294430995651e-06,5.7930427114375305e-06,4.165546150553772e-06
top_L1_KV1,top L1-KV1 (u int mean=0.996),79,0.3975,6.117780295815984e-06,6.976778032757076e-06,5.258782558874893e-06
top_L1_KV1,top L1-KV1 (u int mean=0.996),80,0.4025,7.808070368550294e-06,9.645732136829923e-06,5.970408600270665e-06
top_L1_KV1,top L1-KV1 (u int mean=0.996),81,0.40750000000000003,7.826260116416961e-06,9.574974683346227e-06,6.077545549487695e-06
top_L1_KV1,top L1-KV1 (u int mean=0.996),82,0.41250000000000003,1.5955795106492587e-05,2.1348780332378476e-05,1.0562809880606697e-05
top_L1_KV1,top L1-KV1 (u int mean=0.996),83,0.41750000000000004,2.2495311522366785e-05,3.150096465885456e-05,1.3489658385879011e-05
top_L1_KV1,top L1-KV1 (u int mean=0.996),84,0.4225,7.030547229598077e-06,9.473407512164808e-06,4.587686947031346e-06
top_L1_KV1,top L1-KV1 (u int mean=0.996),85,0.4275,5.862626803069101e-06,8.032348952318508e-06,3.6929046538196938e-06
top_L1_KV1,top L1-KV1 (u int mean=0.996),86,0.4325,2.5971856660232466e-06,3.18914895355452e-06,2.0052223784919728e-06
top_L1_KV1,top L1-KV1 (u int mean=0.996),87,0.4375,2.3972574224119725e-06,2.943296213483596e-06,1.8512186313403487e-06
top_L1_KV1,top L1-KV1 (u int mean=0.996),88,0.4425,2.4518663345978505e-06,2.9244950253217084e-06,1.9792376438739926e-06
top_L1_KV1,top L1-KV1 (u int mean=0.996),89,0.4475,2.7693995028650013e-06,3.4179124505888988e-06,2.120886555141104e-06
top_L1_KV1,top L1-KV1 (u int mean=0.996),90,0.4525,3.1147292897263213e-06,3.888670627410258e-06,2.3407879520423843e-06
top_L1_KV1,top L1-KV1 (u int mean=0.996),91,0.4575,3.794727880241615e-06,4.8872088232850985e-06,2.702246937198132e-06
top_L1_KV1,top L1-KV1 (u int mean=0.996),92,0.4625,3.389275101588802e-06,4.265304044435782e-06,2.513246158741822e-06
top_L1_KV1,top L1-KV1 (u int mean=0.996),93,0.4675,3.4177623758426175e-06,4.2429617224115646e-06,2.592563029273671e-06
top_L1_KV1,top L1-KV1 (u int mean=0.996),94,0.47250000000000003,3.7557533525094707e-06,4.6157821803457665e-06,2.8957245246731744e-06
top_L1_KV1,top L1-KV1 (u int mean=0.996),95,0.47750000000000004,3.539854203284319e-06,4.316512981209339e-06,2.7631954253592994e-06
top_L1_KV1,top L1-KV1 (u int mean=0.996),96,0.4825,3.7116224770475773e-06,4.4941711426612784e-06,2.9290738114338766e-06
top_L1_KV1,top L1-KV1 (u int mean=0.996),97,0.4875,4.078878443384123e-06,4.9736614755602204e-06,3.184095411208026e-06
top_L1_KV1,top L1-KV1 (u int mean=0.996),98,0.4925,4.601772535092355e-06,5.496360569980295e-06,3.7071845002044157e-06
top_L1_KV1,top L1-KV1 (u int mean=0.996),99,0.4975,4.241388962457547e-06,4.974267117826717e-06,3.5085108070883767e-06
top_L1_KV1,top L1-KV1 (u int mean=0.996),100,0.5025,7.984184013106902e-06,9.89890583826179e-06,6.069462187952013e-06
top_L1_KV1,top L1-KV1 (u int mean=0.996),101,0.5075,9.612562280381098e-06,1.1975614792650699e-05,7.249509768111498e-06
top_L1_KV1,top L1-KV1 (u int mean=0.996),102,0.5125,2.315884239578736e-05,3.1546194609940616e-05,1.4771490181634103e-05
top_L1_KV1,top L1-KV1 (u int mean=0.996),103,0.5175,1.916269900448242e-05,2.579748122246071e-05,1.2527916786504128e-05
top_L1_KV1,top L1-KV1 (u int mean=0.996),104,0.5225,7.4972966461116035e-06,9.796754706517927e-06,5.19783858570528e-06
top_L1_KV1,top L1-KV1 (u int mean=0.996),105,0.5275,3.5985034563574506e-06,4.364299067154727e-06,2.832707845560175e-06
top_L1_KV1,top L1-KV1 (u int mean=0.996),106,0.5325,2.851932720204786e-06,3.4125346084173155e-06,2.291330831992257e-06
top_L1_KV1,top L1-KV1 (u int mean=0.996),107,0.5375,2.3216675149991976e-06,2.7703749927760716e-06,1.8729600372223234e-06
top_L1_KV1,top L1-KV1 (u int mean=0.996),108,0.5425,2.388308262522644e-06,2.8043021010099826e-06,1.9723144240353056e-06
top_L1_KV1,top L1-KV1 (u int mean=0.996),109,0.5475,2.1224722835151103e-06,2.482389277247421e-06,1.7625552897827999e-06
top_L1_KV1,top L1-KV1 (u int mean=0.996),110,0.5525,2.8304274256437826e-06,3.399874896915987e-06,2.260979954371578e-06
top_L1_KV1,top L1-KV1 (u int mean=0.996),111,0.5575,3.19409070925758e-06,3.83372389478609e-06,2.55445752372907e-06
top_L1_KV1,top L1-KV1 (u int mean=0.996),112,0.5625,3.2747439685668467e-06,3.880369571821315e-06,2.6691183653123777e-06
top_L1_KV1,top L1-KV1 (u int mean=0.996),113,0.5675,4.261889776963861e-06,5.177823985442436e-06,3.3459555684852863e-06
top_L1_KV1,top L1-KV1 (u int mean=0.996),114,0.5725,4.63018750451738e-06,5.580138122240896e-06,3.680236886793864e-06
top_L1_KV1,top L1-KV1 (u int mean=0.996),115,0.5775,3.6794205746965806e-06,4.3882492783658174e-06,2.970591871027344e-06
top_L1_KV1,top L1-KV1 (u int mean=0.996),116,0.5824999999999999,3.7206443721515825e-06,4.249190169502981e-06,3.192098574800184e-06
top_L1_KV1,top L1-KV1 (u int mean=0.996),117,0.5874999999999999,3.895120073593716e-06,4.437780408547301e-06,3.352459738640131e-06
top_L1_KV1,top L1-KV1 (u int mean=0.996),118,0.5924999999999999,4.2940882362277724e-06,4.828410413080876e-06,3.7597660593746696e-06
top_L1_KV1,top L1-KV1 (u int mean=0.996),119,0.5974999999999999,4.262425363776856e-06,4.8380597296012894e-06,3.6867909979524223e-06
top_L1_KV1,top L1-KV1 (u int mean=0.996),120,0.6024999999999999,8.24609877067165e-06,9.994615506262303e-06,6.497582035080995e-06
top_L1_KV1,top L1-KV1 (u int mean=0.996),121,0.6074999999999999,1.5665083878957375e-05,2.032295570383472e-05,1.1007212054080031e-05
top_L1_KV1,top L1-KV1 (u int mean=0.996),122,0.6124999999999999,2.4321765749846236e-05,3.301349209193306e-05,1.5630039407759405e-05
top_L1_KV1,top L1-KV1 (u int mean=0.996),123,0.6174999999999999,6.393756012000397e-06,7.96329280612034e-06,4.824219217880454e-06
top_L1_KV1,top L1-KV1 (u int mean=0.996),124,0.6224999999999999,8.567927709788948e-06,1.152927870862186e-05,5.606576710956038e-06
top_L1_KV1,top L1-KV1 (u int mean=0.996),125,0.6275,2.7811541209692744e-06,3.1778123132296187e-06,2.3844959287089296e-06
top_L1_KV1,top L1-KV1 (u int mean=0.996),126,0.6325,2.4824938934995903e-06,2.7999259373245877e-06,2.1650618496745925e-06
top_L1_KV1,top L1-KV1 (u int mean=0.996),127,0.6375,4.072383473742645e-06,4.5770965471092495e-06,3.5676704003760406e-06
top_L1_KV1,top L1-KV1 (u int mean=0.996),128,0.6425,4.1502769607047544e-06,4.823694358232647e-06,3.476859563176861e-06
top_L1_KV1,top L1-KV1 (u int mean=0.996),129,0.6475,2.9308298832932323e-06,3.4075580158189822e-06,2.4541017507674823e-06
top_L1_KV1,top L1-KV1 (u int mean=0.996),130,0.6525,3.1210575863432107e-06,3.7130186163787064e-06,2.5290965563077146e-06
top_L1_KV1,top L1-KV1 (u int mean=0.996),131,0.6575,3.836841285322277e-06,4.520064814122244e-06,3.1536177565223104e-06
top_L1_KV1,top L1-KV1 (u int mean=0.996),132,0.6625,3.4647209028142763e-06,4.024433012870889e-06,2.9050087927576636e-06
top_L1_KV1,top L1-KV1 (u int mean=0.996),133,0.6675,3.6894556144164066e-06,4.321570275221477e-06,3.0573409536113364e-06
top_L1_KV1,top L1-KV1 (u int mean=0.996),134,0.6725,3.7392453415512657e-06,4.342587788284748e-06,3.1359028948177832e-06
top_L1_KV1,top L1-KV1 (u int mean=0.996),135,0.6775,4.038047628845171e-06,4.689050358917614e-06,3.3870448987727286e-06
top_L1_KV1,top L1-KV1 (u int mean=0.996),136,0.6825,4.324258392378916e-06,4.985855525774241e-06,3.662661258983592e-06
top_L1_KV1,top L1-KV1 (u int mean=0.996),137,0.6875,4.5504348398545905e-06,5.195367293708841e-06,3.90550238600034e-06
top_L1_KV1,top L1-KV1 (u int mean=0.996),138,0.6925,4.330823669209037e-06,4.832852937397547e-06,3.828794401020527e-06
top_L1_KV1,top L1-KV1 (u int mean=0.996),139,0.6975,5.2842424825679965e-06,5.967871045088811e-06,4.600613920047181e-06
top_L1_KV1,top L1-KV1 (u int mean=0.996),140,0.7025,8.795425774873625e-06,1.0468524416345254e-05,7.1223271334019955e-06
top_L1_KV1,top L1-KV1 (u int mean=0.996),141,0.7074999999999999,2.6238741790101422e-05,3.583016554590098e-05,1.664731803430186e-05
top_L1_KV1,top L1-KV1 (u int mean=0.996),142,0.7124999999999999,1.9101500112940683e-05,2.617377403372042e-05,1.2029226192160941e-05
top_L1_KV1,top L1-KV1 (u int mean=0.996),143,0.7174999999999999,6.471192323585585e-06,8.168077475342475e-06,4.7743071718286956e-06
top_L1_KV1,top L1-KV1 (u int mean=0.996),144,0.7224999999999999,4.917963825131924e-06,6.1943587265237255e-06,3.641568923740124e-06
top_L1_KV1,top L1-KV1 (u int mean=0.996),145,0.7274999999999999,3.0032621631497543e-06,3.3266080988271696e-06,2.679916227472339e-06
top_L1_KV1,top L1-KV1 (u int mean=0.996),146,0.7324999999999999,2.5754113884041933e-06,2.8033453450656713e-06,2.3474774317427157e-06
top_L1_KV1,top L1-KV1 (u int mean=0.996),147,0.7374999999999999,2.782453293548315e-06,3.095411703465548e-06,2.4694948836310815e-06
top_L1_KV1,top L1-KV1 (u int mean=0.996),148,0.7424999999999999,2.7817854645815847e-06,3.163509956851028e-06,2.400060972312141e-06
top_L1_KV1,top L1-KV1 (u int mean=0.996),149,0.7474999999999999,3.5392567464701377e-06,4.00636206774964e-06,3.0721514251906356e-06
top_L1_KV1,top L1-KV1 (u int mean=0.996),150,0.7525,4.151689584627352e-06,4.823076713884282e-06,3.4803024553704224e-06
top_L1_KV1,top L1-KV1 (u int mean=0.996),151,0.7575,6.040458775454941e-06,6.905944831357504e-06,5.1749727195523775e-06
top_L1_KV1,top L1-KV1 (u int mean=0.996),152,0.7625,5.8408204657618105e-06,6.750831679320461e-06,4.9308092522031596e-06
top_L1_KV1,top L1-KV1 (u int mean=0.996),153,0.7675,5.643052726814598e-06,6.662548750162907e-06,4.62355670346629e-06
top_L1_KV1,top L1-KV1 (u int mean=0.996),154,0.7725,5.0943386245957555e-06,5.998728218920795e-06,4.1899490302707165e-06
top_L1_KV1,top L1-KV1 (u int mean=0.996),155,0.7775,4.898680158151234e-06,5.573464526215892e-06,4.223895790086577e-06
top_L1_KV1,top L1-KV1 (u int mean=0.996),156,0.7825,4.912261009134714e-06,5.456036693171232e-06,4.3684853250981955e-06
top_L1_KV1,top L1-KV1 (u int mean=0.996),157,0.7875,5.134773849541879e-06,5.580399390834957e-06,4.6891483082488e-06
top_L1_KV1,top L1-KV1 (u int mean=0.996),158,0.7925,5.1735090583601314e-06,5.679003720615583e-06,4.668014396104679e-06
top_L1_KV1,top L1-KV1 (u int mean=0.996),159,0.7975,6.259989878084785e-06,6.840800454353614e-06,5.679179301815955e-06
top_L1_KV1,top L1-KV1 (u int mean=0.996),160,0.8025,1.9695381930822415e-05,2.524969483731963e-05,1.4141069024325198e-05
top_L1_KV1,top L1-KV1 (u int mean=0.996),161,0.8075,2.208960300517252e-05,2.9418186061645558e-05,1.4761019948699478e-05
top_L1_KV1,top L1-KV1 (u int mean=0.996),162,0.8125,8.061720775133707e-06,1.0178648088705294e-05,5.9447934615621175e-06
top_L1_KV1,top L1-KV1 (u int mean=0.996),163,0.8175,1.0606365776766324e-05,1.4281741869126563e-05,6.930989684406086e-06
top_L1_KV1,top L1-KV1 (u int mean=0.996),164,0.8225,3.4813239722097933e-06,3.997873510083341e-06,2.9647744343362447e-06
top_L1_KV1,top L1-KV1 (u int mean=0.996),165,0.8275,2.9594397606810422e-06,3.3352500362785316e-06,2.583629485083553e-06
top_L1_KV1,top L1-KV1 (u int mean=0.996),166,0.8325,3.1155986367334014e-06,3.498948834541287e-06,2.7322484389255157e-06
top_L1_KV1,top L1-KV1 (u int mean=0.996),167,0.8374999999999999,3.10318485422353e-06,3.5110091078292627e-06,2.6953606006177973e-06
top_L1_KV1,top L1-KV1 (u int mean=0.996),168,0.8424999999999999,3.2320655074207546e-06,3.6204956229214858e-06,2.8436353919200234e-06
top_L1_KV1,top L1-KV1 (u int mean=0.996),169,0.8474999999999999,3.8070833657652003e-06,4.441063213432374e-06,3.173103518098027e-06
top_L1_KV1,top L1-KV1 (u int mean=0.996),170,0.8524999999999999,4.768222148803553e-06,5.608806727000878e-06,3.927637570606228e-06
top_L1_KV1,top L1-KV1 (u int mean=0.996),171,0.8574999999999999,4.3846038774323204e-06,5.039492699714694e-06,3.7297150551499466e-06
top_L1_KV1,top L1-KV1 (u int mean=0.996),172,0.8624999999999999,5.235926680922733e-06,6.207685016436569e-06,4.264168345408896e-06
top_L1_KV1,top L1-KV1 (u int mean=0.996),173,0.8674999999999999,6.030421120937847e-06,7.320433756571479e-06,4.740408485304215e-06
top_L1_KV1,top L1-KV1 (u int mean=0.996),174,0.8724999999999999,5.720261810893135e-06,6.747474019773238e-06,4.6930496020130315e-06
top_L1_KV1,top L1-KV1 (u int mean=0.996),175,0.8775,6.211926444978287e-06,7.071450324604354e-06,5.35240256535222e-06
top_L1_KV1,top L1-KV1 (u int mean=0.996),176,0.8825,7.932103682963187e-06,8.989450374688854e-06,6.874756991237518e-06
top_L1_KV1,top L1-KV1 (u int mean=0.996),177,0.8875,6.364322432870852e-06,7.1124939365420555e-06,5.616150929199648e-06
top_L1_KV1,top L1-KV1 (u int mean=0.996),178,0.8925,6.7919505844266884e-06,7.610789940112486e-06,5.9731112287408905e-06
top_L1_KV1,top L1-KV1 (u int mean=0.996),179,0.8975,6.596603530592152e-06,7.286070935411512e-06,5.9071361257727924e-06
top_L1_KV1,top L1-KV1 (u int mean=0.996),180,0.9025,3.443240789887828e-05,4.5142125502804576e-05,2.372269029495198e-05
top_L1_KV1,top L1-KV1 (u int mean=0.996),181,0.9075,2.4467612271499615e-05,3.209533654821176e-05,1.6839887994787466e-05
top_L1_KV1,top L1-KV1 (u int mean=0.996),182,0.9125,9.51875326141557e-06,1.1452153363019793e-05,7.585353159811348e-06
top_L1_KV1,top L1-KV1 (u int mean=0.996),183,0.9175,7.094748623005995e-06,8.618954877549965e-06,5.570542368462027e-06
top_L1_KV1,top L1-KV1 (u int mean=0.996),184,0.9225,4.308742550814973e-06,4.606472267758883e-06,4.011012833871064e-06
top_L1_KV1,top L1-KV1 (u int mean=0.996),185,0.9275,4.063385680248238e-06,4.274823595551425e-06,3.85194776494505e-06
top_L1_KV1,top L1-KV1 (u int mean=0.996),186,0.9325,4.2494177705521e-06,4.482773907251872e-06,4.016061633852327e-06
top_L1_KV1,top L1-KV1 (u int mean=0.996),187,0.9375,4.4697303889863956e-06,4.734258969360131e-06,4.20520180861266e-06
top_L1_KV1,top L1-KV1 (u int mean=0.996),188,0.9425,4.805006109823548e-06,5.111159160670857e-06,4.498853058976238e-06
top_L1_KV1,top L1-KV1 (u int mean=0.996),189,0.9475,6.213812931881486e-06,7.008886378961117e-06,5.4187394848018556e-06
top_L1_KV1,top L1-KV1 (u int mean=0.996),190,0.9525,6.644928394702479e-06,7.217776588471939e-06,6.0720802009330195e-06
top_L1_KV1,top L1-KV1 (u int mean=0.996),191,0.9575,5.841700385644799e-06,6.26365473570851e-06,5.4197460355810885e-06
top_L1_KV1,top L1-KV1 (u int mean=0.996),192,0.9624999999999999,7.613798467381067e-06,8.243828298353556e-06,6.983768636408578e-06
top_L1_KV1,top L1-KV1 (u int mean=0.996),193,0.9674999999999999,7.441853572994919e-06,8.05330971940878e-06,6.83039742658106e-06
top_L1_KV1,top L1-KV1 (u int mean=0.996),194,0.9724999999999999,8.133251672656375e-06,8.619147917800416e-06,7.647355427512334e-06
top_L1_KV1,top L1-KV1 (u int mean=0.996),195,0.9774999999999999,8.200436533505645e-06,8.61220249654642e-06,7.78867057046487e-06
top_L1_KV1,top L1-KV1 (u int mean=0.996),196,0.9824999999999999,8.613889869073838e-06,8.790027680203951e-06,8.437752057943726e-06
top_L1_KV1,top L1-KV1 (u int mean=0.996),197,0.9874999999999999,7.894717327872058e-06,8.126133512372949e-06,7.663301143371168e-06
top_L1_KV1,top L1-KV1 (u int mean=0.996),198,0.9924999999999999,9.599563717139453e-06,9.715244102283447e-06,9.483883331995457e-06
top_L1_KV1,top L1-KV1 (u int mean=0.996),199,0.9975,1.0303293817872016e-05,1.0643641547046303e-05,9.962946088697728e-06
top_L1_KV2,top L1-KV2 (u int mean=0.986),0,0.0025,0.00024168001563193035,0.0002643540628761392,0.0002190059683877215
top_L1_KV2,top L1-KV2 (u int mean=0.986),1,0.0075,8.875236162505676e-06,1.0352153931795069e-05,7.398318393216284e-06
top_L1_KV2,top L1-KV2 (u int mean=0.986),2,0.0125,7.912567206907234e-06,9.240266385696877e-06,6.5848680281175935e-06
top_L1_KV2,top L1-KV2 (u int mean=0.986),3,0.017499999999999998,7.123730374100237e-06,8.296485556716757e-06,5.950975191483719e-06
top_L1_KV2,top L1-KV2 (u int mean=0.986),4,0.0225,1.8569811873346354e-05,2.0820589172996862e-05,1.6319034573695846e-05
top_L1_KV2,top L1-KV2 (u int mean=0.986),5,0.0275,1.4835711015491273e-05,1.654112137267865e-05,1.3130300658303895e-05
top_L1_KV2,top L1-KV2 (u int mean=0.986),6,0.0325,1.1808783510908988e-05,1.3174588559650147e-05,1.0442978462167827e-05
top_L1_KV2,top L1-KV2 (u int mean=0.986),7,0.037500000000000006,9.462178209470754e-06,1.059745050773537e-05,8.326905911206137e-06
top_L1_KV2,top L1-KV2 (u int mean=0.986),8,0.0425,9.077520469905462e-06,1.0143168781594016e-05,8.011872158216907e-06
top_L1_KV2,top L1-KV2 (u int mean=0.986),9,0.0475,8.364319904379564e-06,9.370026451246563e-06,7.358613357512565e-06
top_L1_KV2,top L1-KV2 (u int mean=0.986),10,0.052500000000000005,9.160288359209646e-06,1.0254574111253792e-05,8.066002607165501e-06
top_L1_KV2,top L1-KV2 (u int mean=0.986),11,0.0575,8.51775218535522e-06,9.565326390007353e-06,7.470177980703088e-06
top_L1_KV2,top L1-KV2 (u int mean=0.986),12,0.0625,9.078181945605074e-06,1.018883177396544e-05,7.967532117244705e-06
top_L1_KV2,top L1-KV2 (u int mean=0.986),13,0.0675,9.435327633866564e-06,1.0599944667027167e-05,8.27071060070596e-06
top_L1_KV2,top L1-KV2 (u int mean=0.986),14,0.07250000000000001,8.675563367635927e-06,9.720044106740846e-06,7.631082628531008e-06
top_L1_KV2,top L1-KV2 (u int mean=0.986),15,0.0775,8.917924338293557e-06,1.0023188094367339e-05,7.812660582219775e-06
top_L1_KV2,top L1-KV2 (u int mean=0.986),16,0.0825,9.990657818751254e-06,1.124237551510175e-05,8.73894012240076e-06
top_L1_KV2,top L1-KV2 (u int mean=0.986),17,0.08750000000000001,9.010338293892672e-06,1.021312110895321e-05,7.807555478832131e-06
top_L1_KV2,top L1-KV2 (u int mean=0.986),18,0.0925,1.010396126182351e-05,1.1595596666731061e-05,8.612325856915959e-06
top_L1_KV2,top L1-KV2 (u int mean=0.986),19,0.0975,8.164911036041239e-06,9.28026091173706e-06,7.0495611603454174e-06
top_L1_KV2,top L1-KV2 (u int mean=0.986),20,0.10250000000000001,9.540601376605601e-06,1.081911626751467e-05,8.262086485696532e-06
top_L1_KV2,top L1-KV2 (u int mean=0.986),21,0.1075,7.168596232937879e-06,8.103534655999414e-06,6.233657809876344e-06
top_L1_KV2,top L1-KV2 (u int mean=0.986),22,0.1125,6.304229266618222e-06,7.102603603925672e-06,5.505854929310772e-06
top_L1_KV2,top L1-KV2 (u int mean=0.986),23,0.11750000000000001,1.4704246958834638e-05,1.6775855718671145e-05,1.2632638198998133e-05
top_L1_KV2,top L1-KV2 (u int mean=0.986),24,0.1225,1.9249056614561206e-05,2.2266137778258e-05,1.623197545086441e-05
top_L1_KV2,top L1-KV2 (u int mean=0.986),25,0.1275,1.1706532339823233e-05,1.3585905987513667e-05,9.827158692132798e-06
top_L1_KV2,top L1-KV2 (u int mean=0.986),26,0.1325,9.569427220412763e-06,1.1155674680399638e-05,7.983179760425888e-06
top_L1_KV2,top L1-KV2 (u int mean=0.986),27,0.1375,8.757302569709477e-06,1.0223039168977266e-05,7.291565970441687e-06
top_L1_KV2,top L1-KV2 (u int mean=0.986),28,0.14250000000000002,9.302697419246084e-06,1.0886329943917059e-05,7.71906489457511e-06
top_L1_KV2,top L1-KV2 (u int mean=0.986),29,0.1475,1.4097886018963176e-05,1.641060349909042e-05,1.1785168538835933e-05
top_L1_KV2,top L1-KV2 (u int mean=0.986),30,0.1525,1.3790942603009171e-05,1.6084085586953734e-05,1.1497799619064608e-05
top_L1_KV2,top L1-KV2 (u int mean=0.986),31,0.1575,1.0214493822705403e-05,1.2023905152805778e-05,8.405082492605029e-06
top_L1_KV2,top L1-KV2 (u int mean=0.986),32,0.1625,1.1426764761576383e-05,1.3400321433566984e-05,9.453208089585782e-06
top_L1_KV2,top L1-KV2 (u int mean=0.986),33,0.1675,1.0905868023769472e-05,1.27290984843447e-05,9.082637563194243e-06
top_L1_KV2,top L1-KV2 (u int mean=0.986),34,0.17250000000000001,9.69812944008806e-06,1.1387372507800006e-05,8.008886372376115e-06
top_L1_KV2,top L1-KV2 (u int mean=0.986),35,0.17750000000000002,1.074191821917988e-05,1.25685097438171e-05,8.915326694542663e-06
top_L1_KV2,top L1-KV2 (u int mean=0.986),36,0.1825,9.644500754088119e-06,1.1326025620357022e-05,7.962975887819215e-06
top_L1_KV2,top L1-KV2 (u int mean=0.986),37,0.1875,9.64159228950783e-06,1.133038074385695e-05,7.952803835158712e-06
top_L1_KV2,top L1-KV2 (u int mean=0.986),38,0.1925,1.0770280228809628e-05,1.2626950722603527e-05,8.913609735015728e-06
top_L1_KV2,top L1-KV2 (u int mean=0.986),39,0.1975,2.303139572339725e-05,2.7936023392222914e-05,1.8126768054571585e-05
top_L1_KV2,top L1-KV2 (u int mean=0.986),40,0.2025,9.259091129365515e-05,0.00011261521949888577,7.256660308842453e-05
top_L1_KV2,top L1-KV2 (u int mean=0.986),41,0.20750000000000002,8.999932321428008e-06,1.0787799299448255e-05,7.21206534340776e-06
top_L1_KV2,top L1-KV2 (u int mean=0.986),42,0.2125,8.924134533572214e-06,1.0589239999652428e-05,7.259029067492e-06
top_L1_KV2,top L1-KV2 (u int mean=0.986),43,0.2175,0.0010668731575996,0.0012117868122264294,0.0009219595029727705
top_L1_KV2,top L1-KV2 (u int mean=0.986),44,0.2225,1.4263718217729805e-05,1.821549514196314e-05,1.0311941293496472e-05
top_L1_KV2,top L1-KV2 (u int mean=0.986),45,0.2275,6.932957392434348e-06,8.880162600429945e-06,4.985752184438752e-06
top_L1_KV2,top L1-KV2 (u int mean=0.986),46,0.2325,5.587823263145505e-06,7.09864551546551e-06,4.0770010108255e-06
top_L1_KV2,top L1-KV2 (u int mean=0.986),47,0.23750000000000002,4.154385278200477e-06,5.252149451605094e-06,3.05662110479586e-06
top_L1_KV2,top L1-KV2 (u int mean=0.986),48,0.2425,3.7653940572519266e-06,4.791569056448809e-06,2.739219058055044e-06
top_L1_KV2,top L1-KV2 (u int mean=0.986),49,0.2475,4.312376290727116e-06,5.449363909195069e-06,3.175388672259162e-06
top_L1_KV2,top L1-KV2 (u int mean=0.986),50,0.2525,4.84960944748179e-06,6.183038651995178e-06,3.516180242968403e-06
top_L1_KV2,top L1-KV2 (u int mean=0.986),51,0.2575,4.887311904764959e-06,6.314872507573455e-06,3.459751301956463e-06
top_L1_KV2,top L1-KV2 (u int mean=0.986),52,0.2625,6.411561157295051e-06,8.137287165612048e-06,4.6858351489780555e-06
top_L1_KV2,top L1-KV2 (u int mean=0.986),53,0.2675,0.00030659027476076517,0.0003386047570432181,0.00027457579247831224
top_L1_KV2,top L1-KV2 (u int mean=0.986),54,0.2725,0.0002524433902522105,0.00029100762883769803,0.00021387915166672298
top_L1_KV2,top L1-KV2 (u int mean=0.986),55,0.2775,4.40684808365534e-06,5.524975741926548e-06,3.288720425384132e-06
top_L1_KV2,top L1-KV2 (u int mean=0.986),56,0.28250000000000003,3.513613754486349e-06,4.455313696131011e-06,2.5719138128416878e-06
top_L1_KV2,top L1-KV2 (u int mean=0.986),57,0.28750000000000003,3.3047601927397144e-06,4.189408221983675e-06,2.4201121634957545e-06
top_L1_KV2,top L1-KV2 (u int mean=0.986),58,0.2925,3.1702706248129934e-06,4.050677538154039e-06,2.2898637114719478e-06
top_L1_KV2,top L1-KV2 (u int mean=0.986),59,0.2975,2.9845719983053897e-06,3.825600190663993e-06,2.143543805946787e-06
top_L1_KV2,top L1-KV2 (u int mean=0.986),60,0.3025,5.2935207699127725e-06,6.7891329373586425e-06,3.7979086024669025e-06
top_L1_KV2,top L1-KV2 (u int mean=0.986),61,0.3075,3.6559505604470488e-06,4.651989619170698e-06,2.6599115017234e-06
top_L1_KV2,top L1-KV2 (u int mean=0.986),62,0.3125,2.7984226603296388e-06,3.6138856834051173e-06,1.9829596372541606e-06
top_L1_KV2,top L1-KV2 (u int mean=0.986),63,0.3175,1.655904769190134e-05,2.157393981048829e-05,1.1544155573314388e-05
top_L1_KV2,top L1-KV2 (u int mean=0.986),64,0.3225,8.10918799386075e-06,1.051983164351051e-05,5.698544344210989e-06
top_L1_KV2,top L1-KV2 (u int mean=0.986),65,0.3275,4.449207600438447e-06,5.8594215975712615e-06,3.0389936033056334e-06
top_L1_KV2,top L1-KV2 (u int mean=0.986),66,0.3325,2.993093870275386e-06,3.927967173110249e-06,2.0582205674405226e-06
top_L1_KV2,top L1-KV2 (u int mean=0.986),67,0.3375,2.337114139550067e-06,3.0817864171694964e-06,1.592441861930638e-06
top_L1_KV2,top L1-KV2 (u int mean=0.986),68,0.3425,2.615589181687028e-06,3.4013828391315267e-06,1.8297955242425296e-06
top_L1_KV2,top L1-KV2 (u int mean=0.986),69,0.34750000000000003,2.722470863350931e-06,3.596606185445645e-06,1.848335541256217e-06
top_L1_KV2,top L1-KV2 (u int mean=0.986),70,0.35250000000000004,2.716325838036937e-06,3.5716547748571818e-06,1.8609969012166921e-06
top_L1_KV2,top L1-KV2 (u int mean=0.986),71,0.3575,3.6251084338800865e-06,4.80735919999071e-06,2.4428576677694636e-06
top_L1_KV2,top L1-KV2 (u int mean=0.986),72,0.3625,3.81917979958806e-06,5.0881245182868696e-06,2.5502350808892515e-06
top_L1_KV2,top L1-KV2 (u int mean=0.986),73,0.3675,4.197178270715085e-06,5.658534194351107e-06,2.735822347079063e-06
top_L1_KV2,top L1-KV2 (u int mean=0.986),74,0.3725,5.055471766419422e-06,6.82396814357032e-06,3.286975389268524e-06
top_L1_KV2,top L1-KV2 (u int mean=0.986),75,0.3775,3.311605870034587e-06,4.487687777197737e-06,2.1355239628714377e-06
top_L1_KV2,top L1-KV2 (u int mean=0.986),76,0.3825,3.260215107405072e-06,4.426162604431738e-06,2.0942676103784052e-06
top_L1_KV2,top L1-KV2 (u int mean=0.986),77,0.3875,2.9332837406010574e-06,3.934303029901847e-06,1.932264451300268e-06
top_L1_KV2,top L1-KV2 (u int mean=0.986),78,0.3925,4.40038430480984e-06,5.692986925558736e-06,3.107781684060943e-06
top_L1_KV2,top L1-KV2 (u int mean=0.986),79,0.3975,4.5353889918585215e-06,5.84876845875572e-06,3.2220095249613223e-06
top_L1_KV2,top L1-KV2 (u int mean=0.986),80,0.4025,6.643083407555294e-06,8.360395570759596e-06,4.925771244350992e-06
top_L1_KV2,top L1-KV2 (u int mean=0.986),81,0.40750000000000003,4.773205550431417e-06,6.143669208670742e-06,3.4027418921920926e-06
top_L1_KV2,top L1-KV2 (u int mean=0.986),82,0.41250000000000003,1.3453996416501468e-05,1.6808570502949545e-05,1.009942233005339e-05
top_L1_KV2,top L1-KV2 (u int mean=0.986),83,0.41750000000000004,1.1134884679060114e-05,1.3604634302412575e-05,8.665135055707651e-06
top_L1_KV2,top L1-KV2 (u int mean=0.986),84,0.4225,5.482897328030438e-06,6.82306511277732e-06,4.1427295432835564e-06
top_L1_KV2,top L1-KV2 (u int mean=0.986),85,0.4275,3.955612856186365e-06,4.9573977613753025e-06,2.953827950997428e-06
top_L1_KV2,top L1-KV2 (u int mean=0.986),86,0.4325,2.6568819992332597e-06,3.3762984880273246e-06,1.9374655104391943e-06
top_L1_KV2,top L1-KV2 (u int mean=0.986),87,0.4375,2.7128457743076846e-06,3.426422495067527e-06,1.9992690535478426e-06
top_L1_KV2,top L1-KV2 (u int mean=0.986),88,0.4425,3.0079533571227198e-06,3.7656090106403487e-06,2.2502977036050912e-06
top_L1_KV2,top L1-KV2 (u int mean=0.986),89,0.4475,3.550254055945906e-06,4.471796793430778e-06,2.6287113184610334e-06
top_L1_KV2,top L1-KV2 (u int mean=0.986),90,0.4525,3.899434692097462e-06,4.903032569408035e-06,2.8958368147868896e-06
top_L1_KV2,top L1-KV2 (u int mean=0.986),91,0.4575,4.467197186386329e-06,5.679602476707909e-06,3.2547918960647493e-06
top_L1_KV2,top L1-KV2 (u int mean=0.986),92,0.4625,3.974347452283057e-06,5.052428995051221e-06,2.896265909514893e-06
top_L1_KV2,top L1-KV2 (u int mean=0.986),93,0.4675,3.7718027101618645e-06,4.791284076028595e-06,2.752321344295134e-06
top_L1_KV2,top L1-KV2 (u int mean=0.986),94,0.47250000000000003,3.951294932643837e-06,5.0126040735319426e-06,2.889985791755732e-06
top_L1_KV2,top L1-KV2 (u int mean=0.986),95,0.47750000000000004,3.382511753865661e-06,4.348801115026747e-06,2.416222392704575e-06
top_L1_KV2,top L1-KV2 (u int mean=0.986),96,0.4825,3.5032201586610815e-06,4.530658900746078e-06,2.4757814165760853e-06
top_L1_KV2,top L1-KV2 (u int mean=0.986),97,0.4875,3.7001045143369993e-06,4.795303945164571e-06,2.6049050835094282e-06
top_L1_KV2,top L1-KV2 (u int mean=0.986),98,0.4925,4.26961099719847e-06,5.474146161889491e-06,3.0650758325074482e-06
top_L1_KV2,top L1-KV2 (u int mean=0.986),99,0.4975,3.4420444470535065e-06,4.5041431998730075e-06,2.379945694234006e-06
top_L1_KV2,top L1-KV2 (u int mean=0.986),100,0.5025,7.659475654366232e-06,9.391583489559707e-06,5.9273678191727545e-06
top_L1_KV2,top L1-KV2 (u int mean=0.986),101,0.5075,6.671011379109716e-06,8.235662254004897e-06,5.1063605042145355e-06
top_L1_KV2,top L1-KV2 (u int mean=0.986),102,0.5125,1.8290673226926758e-05,2.2095181780709288e-05,1.448616467314423e-05
top_L1_KV2,top L1-KV2 (u int mean=0.986),103,0.5175,1.019604513885497e-05,1.219650851323552e-05,8.19558176447442e-06
top_L1_KV2,top L1-KV2 (u int mean=0.986),104,0.5225,5.831782695102967e-06,7.010635337272626e-06,4.6529300529333085e-06
top_L1_KV2,top L1-KV2 (u int mean=0.986),105,0.5275,3.457369404356671e-06,4.189949436295137e-06,2.724789372418205e-06
top_L1_KV2,top L1-KV2 (u int mean=0.986),106,0.5325,3.5239084752447525e-06,4.370482307487171e-06,2.6773346430023333e-06
top_L1_KV2,top L1-KV2 (u int mean=0.986),107,0.5375,3.6722379174339693e-06,4.54892726306103e-06,2.7955485718069084e-06
top_L1_KV2,top L1-KV2 (u int mean=0.986),108,0.5425,3.6429208226504017e-06,4.4802535837464215e-06,2.8055880615543823e-06
top_L1_KV2,top L1-KV2 (u int mean=0.986),109,0.5475,3.3405808608222287e-06,4.111596337809585e-06,2.5695653838348723e-06
top_L1_KV2,top L1-KV2 (u int mean=0.986),110,0.5525,4.607118179527398e-06,5.7065027963939685e-06,3.5077335626608275e-06
top_L1_KV2,top L1-KV2 (u int mean=0.986),111,0.5575,4.247292614374081e-06,5.215601098435789e-06,3.2789841303123727e-06
top_L1_KV2,top L1-KV2 (u int mean=0.986),112,0.5625,4.255383300590308e-06,5.232980405318293e-06,3.2777861958623234e-06
top_L1_KV2,top L1-KV2 (u int mean=0.986),113,0.5675,5.421671850009651e-06,6.652481618272889e-06,4.190862081746413e-06
top_L1_KV2,top L1-KV2 (u int mean=0.986),114,0.5725,5.88319362902569e-06,7.213195755996692e-06,4.553191502054688e-06
top_L1_KV2,top L1-KV2 (u int mean=0.986),115,0.5775,3.84922214737214e-06,4.7559344206352506e-06,2.942509874109029e-06
top_L1_KV2,top L1-KV2 (u int mean=0.986),116,0.5824999999999999,4.082717647893982e-06,5.03646443965928e-06,3.1289708561286844e-06
top_L1_KV2,top L1-KV2 (u int mean=0.986),117,0.5874999999999999,3.821782870870395e-06,4.697079800410263e-06,2.946485941330528e-06
top_L1_KV2,top L1-KV2 (u int mean=0.986),118,0.5924999999999999,4.282440240136306e-06,5.2887551679045174e-06,3.2761253123680945e-06
top_L1_KV2,top L1-KV2 (u int mean=0.986),119,0.5974999999999999,4.190000579131135e-06,5.188870951704823e-06,3.191130206557448e-06
top_L1_KV2,top L1-KV2 (u int mean=0.986),120,0.6024999999999999,6.787372431712616e-06,8.298565035147476e-06,5.276179828277756e-06
top_L1_KV2,top L1-KV2 (u int mean=0.986),121,0.6074999999999999,1.4407383202654144e-05,1.761261579044263e-05,1.1202150614865656e-05
top_L1_KV2,top L1-KV2 (u int mean=0.986),122,0.6124999999999999,1.3818785029278452e-05,1.6783375615757124e-05,1.085419444279978e-05
top_L1_KV2,top L1-KV2 (u int mean=0.986),123,0.6174999999999999,6.099705322932485e-06,7.545057249964364e-06,4.6543533959006055e-06
top_L1_KV2,top L1-KV2 (u int mean=0.986),124,0.6224999999999999,5.695541907308715e-06,7.014571208076502e-06,4.376512606540928e-06
top_L1_KV2,top L1-KV2 (u int mean=0.986),125,0.6275,3.1604823586154192e-06,3.986648924377992e-06,2.3343157928528465e-06
top_L1_KV2,top L1-KV2 (u int mean=0.986),126,0.6325,3.178778992410766e-06,3.991302264694241e-06,2.366255720127291e-06
top_L1_KV2,top L1-KV2 (u int mean=0.986),127,0.6375,5.582868616167097e-06,6.710648774190174e-06,4.455088458144019e-06
top_L1_KV2,top L1-KV2 (u int mean=0.986),128,0.6425,4.874666574648602e-06,5.990841535614371e-06,3.7584916136828336e-06
top_L1_KV2,top L1-KV2 (u int mean=0.986),129,0.6475,4.052006626612378e-06,5.1324443412730555e-06,2.9715689119517004e-06
top_L1_KV2,top L1-KV2 (u int mean=0.986),130,0.6525,4.217168753127355e-06,5.331400026469575e-06,3.102937479785136e-06
top_L1_KV2,top L1-KV2 (u int mean=0.986),131,0.6575,5.38769575086917e-06,6.761760914741899e-06,4.013630586996442e-06
top_L1_KV2,top L1-KV2 (u int mean=0.986),132,0.6625,4.560126825481348e-06,5.746312743732622e-06,3.3739409072300726e-06
top_L1_KV2,top L1-KV2 (u int mean=0.986),133,0.6675,4.302580391270437e-06,5.42664315617003e-06,3.1785176263708437e-06
top_L1_KV2,top L1-KV2 (u int mean=0.986),134,0.6725,4.124448029837627e-06,5.23763849612026e-06,3.0112575635549935e-06
top_L1_KV2,top L1-KV2 (u int mean=0.986),135,0.6775,4.12156144794348e-06,5.197006495499019e-06,3.0461164003879404e-06
top_L1_KV2,top L1-KV2 (u int mean=0.986),136,0.6825,4.4934106345603405e-06,5.672567421502858e-06,3.314253847617822e-06
top_L1_KV2,top L1-KV2 (u int mean=0.986),137,0.6875,4.241206405757631e-06,5.339064663140951e-06,3.143348148374311e-06
top_L1_KV2,top L1-KV2 (u int mean=0.986),138,0.6925,3.8042228425183566e-06,4.822240790807493e-06,2.786204894229221e-06
top_L1_KV2,top L1-KV2 (u int mean=0.986),139,0.6975,4.519689095364551e-06,5.674943005422912e-06,3.36443518530619e-06
top_L1_KV2,top L1-KV2 (u int mean=0.986),140,0.7025,7.89467929962484e-06,9.698385643527477e-06,6.090972955722204e-06
top_L1_KV2,top L1-KV2 (u int mean=0.986),141,0.7074999999999999,2.299046143759499e-05,2.8024272199088174e-05,1.795665067610181e-05
top_L1_KV2,top L1-KV2 (u int mean=0.986),142,0.7124999999999999,1.1622395342263709e-05,1.4076596146748801e-05,9.168194537778618e-06
top_L1_KV2,top L1-KV2 (u int mean=0.986),143,0.7174999999999999,5.896468962873769e-06,7.1545238305199225e-06,4.638414095227615e-06
top_L1_KV2,top L1-KV2 (u int mean=0.986),144,0.7224999999999999,4.4678682797894e-06,5.464334370636996e-06,3.471402188941803e-06
top_L1_KV2,top L1-KV2 (u int mean=0.986),145,0.7274999999999999,3.7545624341614063e-06,4.638399957457295e-06,2.870724910865517e-06
top_L1_KV2,top L1-KV2 (u int mean=0.986),146,0.7324999999999999,3.4671450147730605e-06,4.299469342835696e-06,2.6348206867104248e-06
top_L1_KV2,top L1-KV2 (u int mean=0.986),147,0.7374999999999999,3.870096224188403e-06,4.798473290585596e-06,2.94171915779121e-06
top_L1_KV2,top L1-KV2 (u int mean=0.986),148,0.7424999999999999,4.308718270554632e-06,5.353444683870683e-06,3.2639918572385795e-06
top_L1_KV2,top L1-KV2 (u int mean=0.986),149,0.7474999999999999,4.715357444443466e-06,5.835435786138987e-06,3.595279102747944e-06
top_L1_KV2,top L1-KV2 (u int mean=0.986),150,0.7525,5.6723769310857676e-06,6.976420373965604e-06,4.36833348820593e-06
top_L1_KV2,top L1-KV2 (u int mean=0.986),151,0.7575,7.433860413844481e-06,8.953010884787155e-06,5.9147099429018065e-06
top_L1_KV2,top L1-KV2 (u int mean=0.986),152,0.7625,6.044344250507752e-06,7.354475266246092e-06,4.734213234769413e-06
top_L1_KV2,top L1-KV2 (u int mean=0.986),153,0.7675,6.6173092737439476e-06,8.1380722544314e-06,5.096546293056495e-06
top_L1_KV2,top L1-KV2 (u int mean=0.986),154,0.7725,5.6348733973469015e-06,6.975028554734308e-06,4.2947182399594956e-06
top_L1_KV2,top L1-KV2 (u int mean=0.986),155,0.7775,4.765315866604526e-06,5.894074092793744e-06,3.636557640415309e-06
top_L1_KV2,top L1-KV2 (u int mean=0.986),156,0.7825,4.574180723336342e-06,5.621082436846336e-06,3.5272790098263485e-06
top_L1_KV2,top L1-KV2 (u int mean=0.986),157,0.7875,4.174161566489992e-06,5.144133962988105e-06,3.204189169991878e-06
top_L1_KV2,top L1-KV2 (u int mean=0.986),158,0.7925,4.283404686183141e-06,5.261572109053045e-06,3.305237263313237e-06
top_L1_KV2,top L1-KV2 (u int mean=0.986),159,0.7975,4.6596722264829234e-06,5.693890281171272e-06,3.6254541717945747e-06
top_L1_KV2,top L1-KV2 (u int mean=0.986),160,0.8025,2.4023425266607645e-05,2.805321696541796e-05,1.9993633567797326e-05
top_L1_KV2,top L1-KV2 (u int mean=0.986),161,0.8075,2.1792937234619914e-05,2.5691228821805062e-05,1.7894645647434766e-05
top_L1_KV2,top L1-KV2 (u int mean=0.986),162,0.8125,1.1210819268723882e-05,1.3378636010332099e-05,9.043002527115667e-06
top_L1_KV2,top L1-KV2 (u int mean=0.986),163,0.8175,1.1126815836957706e-05,1.3251826788161583e-05,9.00180488575383e-06
top_L1_KV2,top L1-KV2 (u int mean=0.986),164,0.8225,6.583003572099447e-06,7.994191784226651e-06,5.171815359972243e-06
top_L1_KV2,top L1-KV2 (u int mean=0.986),165,0.8275,6.295338932561987e-06,7.644989669383254e-06,4.9456881957407206e-06
top_L1_KV2,top L1-KV2 (u int mean=0.986),166,0.8325,6.471550128545849e-06,7.862898184742204e-06,5.080202072349493e-06
top_L1_KV2,top L1-KV2 (u int mean=0.986),167,0.8374999999999999,6.795318378343447e-06,8.200421137059624e-06,5.39021561962727e-06
top_L1_KV2,top L1-KV2 (u int mean=0.986),168,0.8424999999999999,6.40391441005964e-06,7.765204827592243e-06,5.042623992527037e-06
top_L1_KV2,top L1-KV2 (u int mean=0.986),169,0.8474999999999999,7.761801904442628e-06,9.387844621804626e-06,6.135759187080632e-06
top_L1_KV2,top L1-KV2 (u int mean=0.986),170,0.8524999999999999,9.301176273116393e-06,1.1166221026672116e-05,7.436131519560669e-06
top_L1_KV2,top L1-KV2 (u int mean=0.986),171,0.8574999999999999,7.625054243882395e-06,9.209042251053948e-06,6.0410662367108415e-06
top_L1_KV2,top L1-KV2 (u int mean=0.986),172,0.8624999999999999,8.979767601756195e-06,1.08707334090598e-05,7.088801794452593e-06
top_L1_KV2,top L1-KV2 (u int mean=0.986),173,0.8674999999999999,9.950527880521675e-06,1.2021791072973948e-05,7.8792646880694e-06
top_L1_KV2,top L1-KV2 (u int mean=0.986),174,0.8724999999999999,8.509822090932825e-06,1.0291132899250702e-05,6.728511282614948e-06
top_L1_KV2,top L1-KV2 (u int mean=0.986),175,0.8775,8.580855178154576e-06,1.0298777202219103e-05,6.8629331540900495e-06
top_L1_KV2,top L1-KV2 (u int mean=0.986),176,0.8825,9.392552409995655e-06,1.1169845168166961e-05,7.6152596518243494e-06
top_L1_KV2,top L1-KV2 (u int mean=0.986),177,0.8875,7.542038393434528e-06,9.085395179551727e-06,5.998681607317329e-06
top_L1_KV2,top L1-KV2 (u int mean=0.986),178,0.8925,7.905211077741114e-06,9.507980783902375e-06,6.3024413715798544e-06
top_L1_KV2,top L1-KV2 (u int mean=0.986),179,0.8975,6.834383270870603e-06,8.252636884468042e-06,5.416129657273164e-06
top_L1_KV2,top L1-KV2 (u int mean=0.986),180,0.9025,5.338706697395017e-05,6.458833175721728e-05,4.2185802190683065e-05
top_L1_KV2,top L1-KV2 (u int mean=0.986),181,0.9075,2.9085629291460335e-05,3.539264860462156e-05,2.2778609978299107e-05
top_L1_KV2,top L1-KV2 (u int mean=0.986),182,0.9125,1.5872457441089083e-05,1.9616734919379398e-05,1.212817996279877e-05
top_L1_KV2,top L1-KV2 (u int mean=0.986),183,0.9175,1.2214832021787257e-05,1.5287588699460946e-05,9.142075344113567e-06
top_L1_KV2,top L1-KV2 (u int mean=0.986),184,0.9225,9.889612247856608e-06,1.2419667460302922e-05,7.359557035410294e-06
top_L1_KV2,top L1-KV2 (u int mean=0.986),185,0.9275,1.0992364812929217e-05,1.3792449603248055e-05,8.192280022610379e-06
top_L1_KV2,top L1-KV2 (u int mean=0.986),186,0.9325,1.1496345434482335e-05,1.4459449565557797e-05,8.533241303406872e-06
top_L1_KV2,top L1-KV2 (u int mean=0.986),187,0.9375,1.1803601410065312e-05,1.4830998030187662e-05,8.776204789942962e-06
top_L1_KV2,top L1-KV2 (u int mean=0.986),188,0.9425,1.196736500982557e-05,1.5028103527064169e-05,8.906626492586969e-06
top_L1_KV2,top L1-KV2 (u int mean=0.986),189,0.9475,1.617228161064434e-05,2.0076460714335553e-05,1.2268102506953125e-05
top_L1_KV2,top L1-KV2 (u int mean=0.986),190,0.9525,1.594592848570236e-05,1.9784282163267824e-05,1.2107574808136892e-05
top_L1_KV2,top L1-KV2 (u int mean=0.986),191,0.9575,1.3499657500558116e-05,1.6822873931232607e-05,1.0176441069883627e-05
top_L1_KV2,top L1-KV2 (u int mean=0.986),192,0.9624999999999999,1.695909991537649e-05,2.1004497739340877e-05,1.2913702091412102e-05
top_L1_KV2,top L1-KV2 (u int mean=0.986),193,0.9674999999999999,1.5213008103793462e-05,1.8836369041049954e-05,1.158964716653697e-05
top_L1_KV2,top L1-KV2 (u int mean=0.986),194,0.9724999999999999,1.446651874305514e-05,1.792318666308087e-05,1.100985082302941e-05
top_L1_KV2,top L1-KV2 (u int mean=0.986),195,0.9774999999999999,1.3872509368541483e-05,1.7049321935961155e-05,1.0695696801121812e-05
top_L1_KV2,top L1-KV2 (u int mean=0.986),196,0.9824999999999999,1.3050315755793106e-05,1.616302964586274e-05,9.937601865723472e-06
top_L1_KV2,top L1-KV2 (u int mean=0.986),197,0.9874999999999999,1.1180846172464953e-05,1.3780848673507404e-05,8.580843671422502e-06
top_L1_KV2,top L1-KV2 (u int mean=0.986),198,0.9924999999999999,1.2734053598251194e-05,1.5710002116975375e-05,9.758105079527013e-06
top_L1_KV2,top L1-KV2 (u int mean=0.986),199,0.9975,1.2373185963302345e-05,1.5314278048858148e-05,9.432093877746541e-06
top_L1_KV3,top L1-KV3 (u int mean=0.998),0,0.0025,0.00016630590861918141,0.00019651615997418048,0.00013609565726418232
top_L1_KV3,top L1-KV3 (u int mean=0.998),1,0.0075,3.986274500838201e-06,4.9245521397876606e-06,3.0479968618887402e-06
top_L1_KV3,top L1-KV3 (u int mean=0.998),2,0.0125,3.6319467702534373e-06,4.428172344108004e-06,2.835721196398871e-06
top_L1_KV3,top L1-KV3 (u int mean=0.998),3,0.017499999999999998,2.4936316143404317e-06,3.077796593840633e-06,1.9094666348402304e-06
top_L1_KV3,top L1-KV3 (u int mean=0.998),4,0.0225,1.5938821085066074e-05,1.8906909450119463e-05,1.2970732720012685e-05
top_L1_KV3,top L1-KV3 (u int mean=0.998),5,0.0275,9.592280142507142e-06,1.1358845313225174e-05,7.825714971789108e-06
top_L1_KV3,top L1-KV3 (u int mean=0.998),6,0.0325,7.768840069794741e-06,9.34492001241389e-06,6.192760127175591e-06
top_L1_KV3,top L1-KV3 (u int mean=0.998),7,0.037500000000000006,4.8599071139473645e-06,5.938977860101399e-06,3.780836367793329e-06
top_L1_KV3,top L1-KV3 (u int mean=0.998),8,0.0425,4.514058011701699e-06,5.534460196291288e-06,3.493655827112109e-06
top_L1_KV3,top L1-KV3 (u int mean=0.998),9,0.0475,3.096191296744369e-06,3.929888163968696e-06,2.262494429520042e-06
top_L1_KV3,top L1-KV3 (u int mean=0.998),10,0.052500000000000005,3.524395192958504e-06,4.474207474101734e-06,2.574582911815274e-06
top_L1_KV3,top L1-KV3 (u int mean=0.998),11,0.0575,3.3520949500598363e-06,4.22979092361077e-06,2.474398976508902e-06
top_L1_KV3,top L1-KV3 (u int mean=0.998),12,0.0625,3.908453852626995e-06,4.926196197629906e-06,2.8907115076240838e-06
top_L1_KV3,top L1-KV3 (u int mean=0.998),13,0.0675,4.302789225870843e-06,5.380329119881415e-06,3.2252493318602708e-06
top_L1_KV3,top L1-KV3 (u int mean=0.998),14,0.07250000000000001,3.854074453865256e-06,4.841358889150017e-06,2.8667900185804944e-06
top_L1_KV3,top L1-KV3 (u int mean=0.998),15,0.0775,3.837267446523843e-06,4.7859066723633854e-06,2.8886282206843006e-06
top_L1_KV3,top L1-KV3 (u int mean=0.998),16,0.0825,5.519063021454583e-06,6.739242069540653e-06,4.2988839733685125e-06
top_L1_KV3,top L1-KV3 (u int mean=0.998),17,0.08750000000000001,4.83252085611444e-06,5.948683646498207e-06,3.716358065730674e-06
top_L1_KV3,top L1-KV3 (u int mean=0.998),18,0.0925,6.913252940015419e-06,8.624312109921967e-06,5.202193770108872e-06
top_L1_KV3,top L1-KV3 (u int mean=0.998),19,0.0975,4.379622319155324e-06,5.31747735164702e-06,3.4417672866636295e-06
top_L1_KV3,top L1-KV3 (u int mean=0.998),20,0.10250000000000001,6.243281043387989e-06,7.4725149456103935e-06,5.014047141165585e-06
top_L1_KV3,top L1-KV3 (u int mean=0.998),21,0.1075,3.832552461549962e-06,4.722213873264991e-06,2.942891049834933e-06
top_L1_KV3,top L1-KV3 (u int mean=0.998),22,0.1125,3.1981542219585076e-06,3.908230317912447e-06,2.4880781260045685e-06
top_L1_KV3,top L1-KV3 (u int mean=0.998),23,0.11750000000000001,9.989933220465122e-06,1.1788990848669658e-05,8.190875592260585e-06
top_L1_KV3,top L1-KV3 (u int mean=0.998),24,0.1225,1.4579779413484823e-05,1.734725023132861e-05,1.1812308595641038e-05
top_L1_KV3,top L1-KV3 (u int mean=0.998),25,0.1275,6.373896017716366e-06,7.764053131203192e-06,4.98373890422954e-06
top_L1_KV3,top L1-KV3 (u int mean=0.998),26,0.1325,5.272287450809797e-06,6.4561099374519216e-06,4.088464964167672e-06
top_L1_KV3,top L1-KV3 (u int mean=0.998),27,0.1375,3.893582313959801e-06,4.775833563793899e-06,3.011331064125703e-06
top_L1_KV3,top L1-KV3 (u int mean=0.998),28,0.14250000000000002,3.754904802073205e-06,4.610366415493315e-06,2.8994431886530947e-06
top_L1_KV3,top L1-KV3 (u int mean=0.998),29,0.1475,7.193571485280309e-06,8.511534766902124e-06,5.875608203658496e-06
top_L1_KV3,top L1-KV3 (u int mean=0.998),30,0.1525,8.108383578278985e-06,9.610719530428469e-06,6.606047626129501e-06
top_L1_KV3,top L1-KV3 (u int mean=0.998),31,0.1575,5.1322573203346375e-06,6.20555965724634e-06,4.058954983422934e-06
top_L1_KV3,top L1-KV3 (u int mean=0.998),32,0.1625,5.612849735468574e-06,6.804883517881015e-06,4.420815953056133e-06
top_L1_KV3,top L1-KV3 (u int mean=0.998),33,0.1675,5.555091649154877e-06,6.806040606274369e-06,4.304142692035384e-06
top_L1_KV3,top L1-KV3 (u int mean=0.998),34,0.17250000000000001,4.520382467327571e-06,5.551905327852832e-06,3.4888596068023096e-06
top_L1_KV3,top L1-KV3 (u int mean=0.998),35,0.17750000000000002,5.134446642581939e-06,6.228800105288558e-06,4.040093179875319e-06
top_L1_KV3,top L1-KV3 (u int mean=0.998),36,0.1825,4.865949307486517e-06,5.895546629679822e-06,3.8363519852932115e-06
top_L1_KV3,top L1-KV3 (u int mean=0.998),37,0.1875,4.607675220670769e-06,5.570085769639783e-06,3.645264671701755e-06
top_L1_KV3,top L1-KV3 (u int mean=0.998),38,0.1925,5.635546604107081e-06,6.837765632943567e-06,4.433327575270596e-06
top_L1_KV3,top L1-KV3 (u int mean=0.998),39,0.1975,4.998640738814889e-05,6.060973144680507e-05,3.936308332949271e-05
top_L1_KV3,top L1-KV3 (u int mean=0.998),40,0.2025,0.0001821399711851817,0.00021869969842620257,0.00014558024394416082
top_L1_KV3,top L1-KV3 (u int mean=0.998),41,0.20750000000000002,5.793539716795035e-06,7.026872651749727e-06,4.560206781840341e-06
top_L1_KV3,top L1-KV3 (u int mean=0.998),42,0.2125,5.127940227112049e-06,6.134919869639686e-06,4.120960584584411e-06
top_L1_KV3,top L1-KV3 (u int mean=0.998),43,0.2175,0.0010809387730757536,0.0012632831959698315,0.0008985943501816759
top_L1_KV3,top L1-KV3 (u int mean=0.998),44,0.2225,2.6759236269364397e-05,3.362923975406115e-05,1.988923278466765e-05
top_L1_KV3,top L1-KV3 (u int mean=0.998),45,0.2275,1.2039917026283676e-05,1.541260482034496e-05,8.66722923222239e-06
top_L1_KV3,top L1-KV3 (u int mean=0.998),46,0.2325,8.92735261816467e-06,1.1311208887881158e-05,6.543496348448181e-06
top_L1_KV3,top L1-KV3 (u int mean=0.998),47,0.23750000000000002,5.486832102568379e-06,7.1139734570481646e-06,3.859690748088594e-06
top_L1_KV3,top L1-KV3 (u int mean=0.998),48,0.2425,5.067557351269768e-06,6.5950534592827485e-06,3.540061243256787e-06
top_L1_KV3,top L1-KV3 (u int mean=0.998),49,0.2475,5.445413478355476e-06,7.052721132692698e-06,3.838105824018255e-06
top_L1_KV3,top L1-KV3 (u int mean=0.998),50,0.2525,5.823188108219515e-06,7.611687773792905e-06,4.034688442646127e-06
top_L1_KV3,top L1-KV3 (u int mean=0.998),51,0.2575,6.219179470333205e-06,8.184238757686607e-06,4.254120182979802e-06
top_L1_KV3,top L1-KV3 (u int mean=0.998),52,0.2625,7.290996563824592e-06,9.524732474476747e-06,5.057260653172437e-06
top_L1_KV3,top L1-KV3 (u int mean=0.998),53,0.2675,0.0003121078928935666,0.0003484793404433211,0.00027573644534381207
top_L1_KV3,top L1-KV3 (u int mean=0.998),54,0.2725,0.0002772525634294912,0.00031676130811320036,0.00023774381874578206
top_L1_KV3,top L1-KV3 (u int mean=0.998),55,0.2775,5.98067236166701e-06,7.648116089902552e-06,4.313228633431468e-06
top_L1_KV3,top L1-KV3 (u int mean=0.998),56,0.28250000000000003,4.918751358218287e-06,6.277037463015793e-06,3.560465253420781e-06
top_L1_KV3,top L1-KV3 (u int mean=0.998),57,0.28750000000000003,4.88087644206254e-06,6.257061711169497e-06,3.5046911729555826e-06
top_L1_KV3,top L1-KV3 (u int mean=0.998),58,0.2925,4.350820631771057e-06,5.6247385081016025e-06,3.0769027554405123e-06
top_L1_KV3,top L1-KV3 (u int mean=0.998),59,0.2975,4.4968099928155425e-06,5.865703217620778e-06,3.1279167680103067e-06
top_L1_KV3,top L1-KV3 (u int mean=0.998),60,0.3025,7.672525961360016e-06,9.54856383421949e-06,5.796488088500544e-06
top_L1_KV3,top L1-KV3 (u int mean=0.998),61,0.3075,5.227616400458958e-06,6.711258590387713e-06,3.7439742105302036e-06
top_L1_KV3,top L1-KV3 (u int mean=0.998),62,0.3125,4.2227950903647335e-06,5.473256318769667e-06,2.9723338619597987e-06
top_L1_KV3,top L1-KV3 (u int mean=0.998),63,0.3175,3.245512499461256e-05,4.129477169304404e-05,2.361547829618108e-05
top_L1_KV3,top L1-KV3 (u int mean=0.998),64,0.3225,1.5409207484091375e-05,1.994663547780614e-05,1.0871779490376607e-05
top_L1_KV3,top L1-KV3 (u int mean=0.998),65,0.3275,1.039215323674268e-05,1.334559926492927e-05,7.43870720855609e-06
top_L1_KV3,top L1-KV3 (u int mean=0.998),66,0.3325,4.957767730827202e-06,6.460270404724204e-06,3.4552650569301998e-06
top_L1_KV3,top L1-KV3 (u int mean=0.998),67,0.3375,4.413299166117213e-06,5.750057133419821e-06,3.0765411988146037e-06
top_L1_KV3,top L1-KV3 (u int mean=0.998),68,0.3425,4.431814967834466e-06,5.74026181051782e-06,3.123368125151111e-06
top_L1_KV3,top L1-KV3 (u int mean=0.998),69,0.34750000000000003,4.950808959490262e-06,6.497894511474962e-06,3.4037234075055622e-06
top_L1_KV3,top L1-KV3 (u int mean=0.998),70,0.35250000000000004,4.5910876938900666e-06,6.067664993939356e-06,3.1145103938407762e-06
top_L1_KV3,top L1-KV3 (u int mean=0.998),71,0.3575,6.103455137105942e-06,8.072356584826984e-06,4.1345536893849e-06
top_L1_KV3,top L1-KV3 (u int mean=0.998),72,0.3625,6.263446948651108e-06,8.321066096479107e-06,4.20582780082311e-06
top_L1_KV3,top L1-KV3 (u int mean=0.998),73,0.3675,7.097701102663581e-06,9.570546061305712e-06,4.624856144021448e-06
top_L1_KV3,top L1-KV3 (u int mean=0.998),74,0.3725,7.469668560133869e-06,1.0030213096407742e-05,4.9091240238599965e-06
top_L1_KV3,top L1-KV3 (u int mean=0.998),75,0.3775,5.075188352878156e-06,6.762895736756036e-06,3.387480969000275e-06
top_L1_KV3,top L1-KV3 (u int mean=0.998),76,0.3825,5.017002998946346e-06,6.681114882667316e-06,3.3528911152253774e-06
top_L1_KV3,top L1-KV3 (u int mean=0.998),77,0.3875,4.2994326585293104e-06,5.6772979795433846e-06,2.921567337515236e-06
top_L1_KV3,top L1-KV3 (u int mean=0.998),78,0.3925,6.5480500260101905e-06,8.311213995122152e-06,4.784886056898228e-06
top_L1_KV3,top L1-KV3 (u int mean=0.998),79,0.3975,7.059783724473943e-06,8.906287056171485e-06,5.213280392776401e-06
top_L1_KV3,top L1-KV3 (u int mean=0.998),80,0.4025,1.0337405910831876e-05,1.257492015481278e-05,8.099891666850973e-06
top_L1_KV3,top L1-KV3 (u int mean=0.998),81,0.40750000000000003,7.304912969630095e-06,9.250009562882561e-06,5.3598163763776285e-06
top_L1_KV3,top L1-KV3 (u int mean=0.998),82,0.41250000000000003,2.3472615745439335e-05,2.9760551179996192e-05,1.7184680310882478e-05
top_L1_KV3,top L1-KV3 (u int mean=0.998),83,0.41750000000000004,2.4310290817603732e-05,3.111271338899054e-05,1.7507868246216924e-05
top_L1_KV3,top L1-KV3 (u int mean=0.998),84,0.4225,1.1316799860391516e-05,1.4572017594868417e-05,8.061582125914615e-06
top_L1_KV3,top L1-KV3 (u int mean=0.998),85,0.4275,7.778823844871243e-06,1.0093087179744284e-05,5.464560509998202e-06
top_L1_KV3,top L1-KV3 (u int mean=0.998),86,0.4325,5.228879355659696e-06,6.805796147091314e-06,3.6519625642280777e-06
top_L1_KV3,top L1-KV3 (u int mean=0.998),87,0.4375,4.896948277226848e-06,6.3706308018091865e-06,3.423265752644511e-06
top_L1_KV3,top L1-KV3 (u int mean=0.998),88,0.4425,5.365903738103433e-06,6.9757547537717206e-06,3.756052722435145e-06
top_L1_KV3,top L1-KV3 (u int mean=0.998),89,0.4475,5.951394850204192e-06,7.795643991162901e-06,4.1071457092454826e-06
top_L1_KV3,top L1-KV3 (u int mean=0.998),90,0.4525,6.490542578571226e-06,8.519747617745971e-06,4.461337539396482e-06
top_L1_KV3,top L1-KV3 (u int mean=0.998),91,0.4575,6.243449157799269e-06,8.304852339538879e-06,4.182045976059661e-06
top_L1_KV3,top L1-KV3 (u int mean=0.998),92,0.4625,6.077636157897359e-06,8.04808321065918e-06,4.107189105135538e-06
top_L1_KV3,top L1-KV3 (u int mean=0.998),93,0.4675,5.790365816795072e-06,7.605365323927669e-06,3.975366309662474e-06
top_L1_KV3,top L1-KV3 (u int mean=0.998),94,0.47250000000000003,6.53683350394983e-06,8.56421934258833e-06,4.5094476653113295e-06
top_L1_KV3,top L1-KV3 (u int mean=0.998),95,0.47750000000000004,4.9026927188476425e-06,6.465337557009272e-06,3.340047880686013e-06
top_L1_KV3,top L1-KV3 (u int mean=0.998),96,0.4825,5.079556932027377e-06,6.743174188678884e-06,3.415939675375869e-06
top_L1_KV3,top L1-KV3 (u int mean=0.998),97,0.4875,5.415835460098606e-06,7.223830380098661e-06,3.6078405400985503e-06
top_L1_KV3,top L1-KV3 (u int mean=0.998),98,0.4925,6.237484983882625e-06,8.130268140251116e-06,4.344701827514135e-06
top_L1_KV3,top L1-KV3 (u int mean=0.998),99,0.4975,5.004513931388438e-06,6.561556152259332e-06,3.4474717105175453e-06
top_L1_KV3,top L1-KV3 (u int mean=0.998),100,0.5025,1.0888727225782141e-05,1.3228722277095325e-05,8.548732174468959e-06
top_L1_KV3,top L1-KV3 (u int mean=0.998),101,0.5075,8.430708005237517e-06,1.0678036980087719e-05,6.183379030387316e-06
top_L1_KV3,top L1-KV3 (u int mean=0.998),102,0.5125,3.594724051124233e-05,4.511250439723621e-05,2.6781976625248456e-05
top_L1_KV3,top L1-KV3 (u int mean=0.998),103,0.5175,1.715568519752456e-05,2.1852567442692816e-05,1.2458802952356304e-05
top_L1_KV3,top L1-KV3 (u int mean=0.998),104,0.5225,1.1248054858827216e-05,1.4227412456031224e-05,8.268697261623206e-06
top_L1_KV3,top L1-KV3 (u int mean=0.998),105,0.5275,5.552163250805669e-06,7.0618630161334295e-06,4.042463485477908e-06
top_L1_KV3,top L1-KV3 (u int mean=0.998),106,0.5325,5.639921612653001e-06,7.314497192315425e-06,3.9653460329905755e-06
top_L1_KV3,top L1-KV3 (u int mean=0.998),107,0.5375,5.204730850242153e-06,6.797859441576293e-06,3.6116022589080136e-06
top_L1_KV3,top L1-KV3 (u int mean=0.998),108,0.5425,5.811029698829121e-06,7.564749824138874e-06,4.0573095735193676e-06
top_L1_KV3,top L1-KV3 (u int mean=0.998),109,0.5475,5.10968611219401e-06,6.706798428370218e-06,3.5125737960178024e-06
top_L1_KV3,top L1-KV3 (u int mean=0.998),110,0.5525,6.17529563636968e-06,8.081379616799364e-06,4.269211655939996e-06
top_L1_KV3,top L1-KV3 (u int mean=0.998),111,0.5575,5.986143053503058e-06,7.832029561021564e-06,4.140256545984552e-06
top_L1_KV3,top L1-KV3 (u int mean=0.998),112,0.5625,6.3693094034533715e-06,8.23996301083493e-06,4.498655796071814e-06
top_L1_KV3,top L1-KV3 (u int mean=0.998),113,0.5675,7.67778989744069e-06,9.92556514185188e-06,5.430014653029502e-06
top_L1_KV3,top L1-KV3 (u int mean=0.998),114,0.5725,7.747214827499452e-06,1.0022448999994335e-05,5.47198065500457e-06
top_L1_KV3,top L1-KV3 (u int mean=0.998),115,0.5775,4.785905827832591e-06,6.306476166173525e-06,3.2653354894916575e-06
top_L1_KV3,top L1-KV3 (u int mean=0.998),116,0.5824999999999999,5.148441752161099e-06,6.704146569193524e-06,3.5927369351286742e-06
top_L1_KV3,top L1-KV3 (u int mean=0.998),117,0.5874999999999999,4.768619727916043e-06,6.228134582540536e-06,3.3091048732915496e-06
top_L1_KV3,top L1-KV3 (u int mean=0.998),118,0.5924999999999999,5.642657762499376e-06,7.310468812907597e-06,3.974846712091156e-06
top_L1_KV3,top L1-KV3 (u int mean=0.998),119,0.5974999999999999,4.902020488576195e-06,6.34077010935081e-06,3.463270867801579e-06
top_L1_KV3,top L1-KV3 (u int mean=0.998),120,0.6024999999999999,1.0354353126526153e-05,1.2688363572773856e-05,8.02034268027845e-06
top_L1_KV3,top L1-KV3 (u int mean=0.998),121,0.6074999999999999,2.3291865318242344e-05,2.9230136858261956e-05,1.7353593778222732e-05
top_L1_KV3,top L1-KV3 (u int mean=0.998),122,0.6124999999999999,2.7097193716534612e-05,3.39392093207737e-05,2.0255178112295524e-05
top_L1_KV3,top L1-KV3 (u int mean=0.998),123,0.6174999999999999,1.2111994400194298e-05,1.528727758730903e-05,8.936711213079565e-06
top_L1_KV3,top L1-KV3 (u int mean=0.998),124,0.6224999999999999,1.0759491309337526e-05,1.3685881737858705e-05,7.833100880816346e-06
top_L1_KV3,top L1-KV3 (u int mean=0.998),125,0.6275,5.052186582231245e-06,6.508849732459307e-06,3.5955234320031844e-06
top_L1_KV3,top L1-KV3 (u int mean=0.998),126,0.6325,5.170842793437e-06,6.6486718748949765e-06,3.693013711979022e-06
top_L1_KV3,top L1-KV3 (u int mean=0.998),127,0.6375,8.421682520877636e-06,1.0300085965094955e-05,6.543279076660318e-06
top_L1_KV3,top L1-KV3 (u int mean=0.998),128,0.6425,7.259594196641825e-06,9.224635830053427e-06,5.2945525632302245e-06
top_L1_KV3,top L1-KV3 (u int mean=0.998),129,0.6475,6.3469937166311345e-06,8.244717979063612e-06,4.449269454198657e-06
top_L1_KV3,top L1-KV3 (u int mean=0.998),130,0.6525,6.1239258327207476e-06,7.975114223362262e-06,4.272737442079233e-06
top_L1_KV3,top L1-KV3 (u int mean=0.998),131,0.6575,7.55751902456073e-06,9.730024690465403e-06,5.385013358656059e-06
top_L1_KV3,top L1-KV3 (u int mean=0.998),132,0.6625,6.057786647163863e-06,7.776188632695786e-06,4.339384661631941e-06
top_L1_KV3,top L1-KV3 (u int mean=0.998),133,0.6675,5.655926169570843e-06,7.328460014832672e-06,3.983392324309014e-06
top_L1_KV3,top L1-KV3 (u int mean=0.998),134,0.6725,5.388327313734667e-06,7.010363983031961e-06,3.766290644437374e-06
top_L1_KV3,top L1-KV3 (u int mean=0.998),135,0.6775,5.211442555719259e-06,6.735546321579022e-06,3.6873387898594956e-06
top_L1_KV3,top L1-KV3 (u int mean=0.998),136,0.6825,5.552714729414479e-06,7.1706135388792196e-06,3.93481591994974e-06
top_L1_KV3,top L1-KV3 (u int mean=0.998),137,0.6875,5.44647202462199e-06,7.026823823252926e-06,3.866120225991056e-06
top_L1_KV3,top L1-KV3 (u int mean=0.998),138,0.6925,4.907533171457804e-06,6.30513363830687e-06,3.5099327046087377e-06
top_L1_KV3,top L1-KV3 (u int mean=0.998),139,0.6975,5.6344542989401295e-06,7.163938919672676e-06,4.104969678207583e-06
top_L1_KV3,top L1-KV3 (u int mean=0.998),140,0.7025,1.0208017410410061e-05,1.2503028301580343e-05,7.913006519239779e-06
top_L1_KV3,top L1-KV3 (u int mean=0.998),141,0.7074999999999999,4.456756789750216e-05,5.598192923831188e-05,3.315320655669244e-05
top_L1_KV3,top L1-KV3 (u int mean=0.998),142,0.7124999999999999,2.0159171396829023e-05,2.5776853038093706e-05,1.4541489755564336e-05
top_L1_KV3,top L1-KV3 (u int mean=0.998),143,0.7174999999999999,1.2269264094097059e-05,1.5533531820567858e-05,9.004996367626258e-06
top_L1_KV3,top L1-KV3 (u int mean=0.998),144,0.7224999999999999,6.468957410886236e-06,8.362018336681234e-06,4.575896485091237e-06
top_L1_KV3,top L1-KV3 (u int mean=0.998),145,0.7274999999999999,5.740061965298082e-06,7.445032581797152e-06,4.035091348799012e-06
top_L1_KV3,top L1-KV3 (u int mean=0.998),146,0.7324999999999999,5.056615910754252e-06,6.617653005897799e-06,3.495578815610705e-06
top_L1_KV3,top L1-KV3 (u int mean=0.998),147,0.7374999999999999,6.085345327327169e-06,7.945433773264604e-06,4.225256881389734e-06
top_L1_KV3,top L1-KV3 (u int mean=0.998),148,0.7424999999999999,6.157379922504852e-06,8.070801738670394e-06,4.24395810633931e-06
top_L1_KV3,top L1-KV3 (u int mean=0.998),149,0.7474999999999999,6.934372176406864e-06,9.088017025403263e-06,4.780727327410464e-06
top_L1_KV3,top L1-KV3 (u int mean=0.998),150,0.7525,8.000582511158427e-06,1.055831600232133e-05,5.4428490199955244e-06
top_L1_KV3,top L1-KV3 (u int mean=0.998),151,0.7575,1.121364068369855e-05,1.3998705136535655e-05,8.428576230861446e-06
top_L1_KV3,top L1-KV3 (u int mean=0.998),152,0.7625,8.428236323457636e-06,1.0680059079147344e-05,6.176413567767927e-06
top_L1_KV3,top L1-KV3 (u int mean=0.998),153,0.7675,9.73334324174045e-06,1.259157326265787e-05,6.87511322082303e-06
top_L1_KV3,top L1-KV3 (u int mean=0.998),154,0.7725,7.696872005778588e-06,1.0086608426718158e-05,5.307135584839021e-06
top_L1_KV3,top L1-KV3 (u int mean=0.998),155,0.7775,6.283684984152518e-06,8.25358636445474e-06,4.313783603850295e-06
top_L1_KV3,top L1-KV3 (u int mean=0.998),156,0.7825,5.9640914124819185e-06,7.746169785605161e-06,4.182013039358676e-06
top_L1_KV3,top L1-KV3 (u int mean=0.998),157,0.7875,5.737689467163623e-06,7.490762657523321e-06,3.984616276803925e-06
top_L1_KV3,top L1-KV3 (u int mean=0.998),158,0.7925,5.72593234794892e-06,7.459970772418144e-06,3.9918939234796976e-06
top_L1_KV3,top L1-KV3 (u int mean=0.998),159,0.7975,6.227417884474562e-06,8.031559316025647e-06,4.423276452923476e-06
top_L1_KV3,top L1-KV3 (u int mean=0.998),160,0.8025,3.4504111454225495e-05,4.2775876668851455e-05,2.623234623959953e-05
top_L1_KV3,top L1-KV3 (u int mean=0.998),161,0.8075,3.7553151124874216e-05,4.675724182691608e-05,2.8349060422832345e-05
top_L1_KV3,top L1-KV3 (u int mean=0.998),162,0.8125,1.6934707900873036e-05,2.136640822365215e-05,1.2503007578093925e-05
top_L1_KV3,top L1-KV3 (u int mean=0.998),163,0.8175,1.6106188906763107e-05,2.0320201071756727e-05,1.1892176741769487e-05
top_L1_KV3,top L1-KV3 (u int mean=0.998),164,0.8225,8.196166439639846e-06,1.0489800225903828e-05,5.902532653375861e-06
top_L1_KV3,top L1-KV3 (u int mean=0.998),165,0.8275,7.234788459494926e-06,9.268897461619677e-06,5.200679457370175e-06
top_L1_KV3,top L1-KV3 (u int mean=0.998),166,0.8325,7.390027332933511e-06,9.452043579066022e-06,5.328011086801e-06
top_L1_KV3,top L1-KV3 (u int mean=0.998),167,0.8374999999999999,7.857042419345817e-06,1.0013461503279228e-05,5.700623335412404e-06
top_L1_KV3,top L1-KV3 (u int mean=0.998),168,0.8424999999999999,7.412695140374126e-06,9.519341866897385e-06,5.306048413850866e-06
top_L1_KV3,top L1-KV3 (u int mean=0.998),169,0.8474999999999999,8.887007636206232e-06,1.1463341122310209e-05,6.310674150102256e-06
top_L1_KV3,top L1-KV3 (u int mean=0.998),170,0.8524999999999999,1.0233208269840232e-05,1.3185254991705214e-05,7.2811615479752485e-06
top_L1_KV3,top L1-KV3 (u int mean=0.998),171,0.8574999999999999,8.654311061815991e-06,1.1151082324951339e-05,6.157539798680643e-06
top_L1_KV3,top L1-KV3 (u int mean=0.998),172,0.8624999999999999,9.353687167796515e-06,1.210827271539269e-05,6.59910162020034e-06
top_L1_KV3,top L1-KV3 (u int mean=0.998),173,0.8674999999999999,1.2110138495050446e-05,1.5670282372021965e-05,8.549994618078927e-06
top_L1_KV3,top L1-KV3 (u int mean=0.998),174,0.8724999999999999,9.16328018060345e-06,1.1858819042182794e-05,6.467741319024104e-06
top_L1_KV3,top L1-KV3 (u int mean=0.998),175,0.8775,9.336665048717155e-06,1.1774270400824857e-05,6.899059696609454e-06
top_L1_KV3,top L1-KV3 (u int mean=0.998),176,0.8825,1.10807438399466e-05,1.3766777361265018e-05,8.394710318628182e-06
top_L1_KV3,top L1-KV3 (u int mean=0.998),177,0.8875,8.263639253008087e-06,1.0547211851579569e-05,5.980066654436607e-06
top_L1_KV3,top L1-KV3 (u int mean=0.998),178,0.8925,9.168482928803964e-06,1.1634428379433562e-05,6.7025374781743655e-06
top_L1_KV3,top L1-KV3 (u int mean=0.998),179,0.8975,7.168096073785689e-06,9.135798986140539e-06,5.2003931614308385e-06
top_L1_KV3,top L1-KV3 (u int mean=0.998),180,0.9025,6.404301122334541e-05,7.947759942388595e-05,4.860842302280487e-05
top_L1_KV3,top L1-KV3 (u int mean=0.998),181,0.9075,3.025687182603828e-05,3.767104999496951e-05,2.2842693657107054e-05
top_L1_KV3,top L1-KV3 (u int mean=0.998),182,0.9125,2.0834688630852073e-05,2.5989686621739694e-05,1.5679690639964455e-05
top_L1_KV3,top L1-KV3 (u int mean=0.998),183,0.9175,1.1780287487843971e-05,1.4857276028124033e-05,8.703298947563911e-06
top_L1_KV3,top L1-KV3 (u int mean=0.998),184,0.9225,1.0032861431292467e-05,1.2709264215767949e-05,7.3564586468169835e-06
top_L1_KV3,top L1-KV3 (u int mean=0.998),185,0.9275,9.566301092231047e-06,1.2061594523921876e-05,7.07100766054022e-06
top_L1_KV3,top L1-KV3 (u int mean=0.998),186,0.9325,1.0681806559529961e-05,1.3520229426181426e-05,7.843383692878498e-06
top_L1_KV3,top L1-KV3 (u int mean=0.998),187,0.9375,1.0478741647343018e-05,1.3286894565161284e-05,7.670588729524752e-06
top_L1_KV3,top L1-KV3 (u int mean=0.998),188,0.9425,1.1191140272005994e-05,1.4219846109751546e-05,8.16243443426044e-06
top_L1_KV3,top L1-KV3 (u int mean=0.998),189,0.9475,1.404641628661401e-05,1.795479998431152e-05,1.0138032588916498e-05
top_L1_KV3,top L1-KV3 (u int mean=0.998),190,0.9525,1.4137571692377344e-05,1.795314307985661e-05,1.032200030489808e-05
top_L1_KV3,top L1-KV3 (u int mean=0.998),191,0.9575,1.1309047554927279e-05,1.4391029773313286e-05,8.227065336541273e-06
top_L1_KV3,top L1-KV3 (u int mean=0.998),192,0.9624999999999999,1.4687622378265329e-05,1.8666779656736514e-05,1.0708465099794142e-05
top_L1_KV3,top L1-KV3 (u int mean=0.998),193,0.9674999999999999,1.266900686199993e-05,1.607126968597835e-05,9.266744038021507e-06
top_L1_KV3,top L1-KV3 (u int mean=0.998),194,0.9724999999999999,1.2833014985907149e-05,1.6210657057464622e-05,9.455372914349677e-06
top_L1_KV3,top L1-KV3 (u int mean=0.998),195,0.9774999999999999,1.1205923686117914e-05,1.417029294056452e-05,8.24155443167131e-06
top_L1_KV3,top L1-KV3 (u int mean=0.998),196,0.9824999999999999,1.2326021695636363e-05,1.5553443518001586e-05,9.098599873271138e-06
top_L1_KV3,top L1-KV3 (u int mean=0.998),197,0.9874999999999999,9.837972681582738e-06,1.2415495380732214e-05,7.2604499824332635e-06
top_L1_KV3,top L1-KV3 (u int mean=0.998),198,0.9924999999999999,1.1960081954904516e-05,1.5050573113382728e-05,8.869590796426305e-06
top_L1_KV3,top L1-KV3 (u int mean=0.998),199,0.9975,9.867899669708485e-06,1.2391939305546526e-05,7.343860033870442e-06
