name,label,bin,x,mean_density
L16-KV2,L16-KV2 (spiky_readout_score=1.35),0,0.0025,0.0004535510105857351
L16-KV2,L16-KV2 (spiky_readout_score=1.35),1,0.0075,6.352580973510515e-06
L16-KV2,L16-KV2 (spiky_readout_score=1.35),2,0.0125,4.711901035696948e-07
L16-KV2,L16-KV2 (spiky_readout_score=1.35),3,0.017499999999999998,5.588860868702536e-07
L16-KV2,L16-KV2 (spiky_readout_score=1.35),4,0.0225,1.5269241941950895e-06
L16-KV2,L16-KV2 (spiky_readout_score=1.35),5,0.0275,8.319925353106328e-07
L16-KV2,L16-KV2 (spiky_readout_score=1.35),6,0.0325,8.606390114859355e-07
L16-KV2,L16-KV2 (spiky_readout_score=1.35),7,0.037500000000000006,3.503184419376534e-07
L16-KV2,L16-KV2 (spiky_readout_score=1.35),8,0.0425,5.161133783206293e-07
L16-KV2,L16-KV2 (spiky_readout_score=1.35),9,0.0475,1.4359182744426236e-07
L16-KV2,L16-KV2 (spiky_readout_score=1.35),10,0.052500000000000005,2.9936911514840047e-07
L16-KV2,L16-KV2 (spiky_readout_score=1.35),11,0.0575,2.593666132660084e-07
L16-KV2,L16-KV2 (spiky_readout_score=1.35),12,0.0625,3.006950427066256e-07
L16-KV2,L16-KV2 (spiky_readout_score=1.35),13,0.0675,2.0953885077850437e-07
L16-KV2,L16-KV2 (spiky_readout_score=1.35),14,0.07250000000000001,2.307374390600866e-07
L16-KV2,L16-KV2 (spiky_readout_score=1.35),15,0.0775,9.742222622272883e-08
L16-KV2,L16-KV2 (spiky_readout_score=1.35),16,0.0825,2.043713404223776e-07
L16-KV2,L16-KV2 (spiky_readout_score=1.35),17,0.08750000000000001,3.0652002789923115e-07
L16-KV2,L16-KV2 (spiky_readout_score=1.35),18,0.0925,2.3175452566549991e-07
L16-KV2,L16-KV2 (spiky_readout_score=1.35),19,0.0975,3.052253865527226e-07
L16-KV2,L16-KV2 (spiky_readout_score=1.35),20,0.10250000000000001,4.305877447612667e-07
L16-KV2,L16-KV2 (spiky_readout_score=1.35),21,0.1075,2.845151550547241e-07
L16-KV2,L16-KV2 (spiky_readout_score=1.35),22,0.1125,4.928438553771944e-07
L16-KV2,L16-KV2 (spiky_readout_score=1.35),23,0.11750000000000001,1.31580709096722e-06
L16-KV2,L16-KV2 (spiky_readout_score=1.35),24,0.1225,8.371780312797585e-07
L16-KV2,L16-KV2 (spiky_readout_score=1.35),25,0.1275,7.754133853105876e-07
L16-KV2,L16-KV2 (spiky_readout_score=1.35),26,0.1325,3.534788624343881e-07
L16-KV2,L16-KV2 (spiky_readout_score=1.35),27,0.1375,3.688068552776258e-07
L16-KV2,L16-KV2 (spiky_readout_score=1.35),28,0.14250000000000002,3.397719307177535e-07
L16-KV2,L16-KV2 (spiky_readout_score=1.35),29,0.1475,4.4257762255028865e-07
L16-KV2,L16-KV2 (spiky_readout_score=1.35),30,0.1525,3.538555150482482e-07
L16-KV2,L16-KV2 (spiky_readout_score=1.35),31,0.1575,3.9511203198117073e-07
L16-KV2,L16-KV2 (spiky_readout_score=1.35),32,0.1625,2.870540082458969e-07
L16-KV2,L16-KV2 (spiky_readout_score=1.35),33,0.1675,3.588425069470499e-07
L16-KV2,L16-KV2 (spiky_readout_score=1.35),34,0.17250000000000001,4.0028465316968974e-07
L16-KV2,L16-KV2 (spiky_readout_score=1.35),35,0.17750000000000002,2.0234448833938196e-07
L16-KV2,L16-KV2 (spiky_readout_score=1.35),36,0.1825,2.2996285460002192e-07
L16-KV2,L16-KV2 (spiky_readout_score=1.35),37,0.1875,3.025697635296508e-07
L16-KV2,L16-KV2 (spiky_readout_score=1.35),38,0.1925,1.956338908014134e-07
L16-KV2,L16-KV2 (spiky_readout_score=1.35),39,0.1975,6.087416051871384e-07
L16-KV2,L16-KV2 (spiky_readout_score=1.35),40,0.2025,0.00013245979882827084
L16-KV2,L16-KV2 (spiky_readout_score=1.35),41,0.20750000000000002,8.501096898174052e-07
L16-KV2,L16-KV2 (spiky_readout_score=1.35),42,0.2125,7.546601565877609e-07
L16-KV2,L16-KV2 (spiky_readout_score=1.35),43,0.2175,0.0008698261680949924
L16-KV2,L16-KV2 (spiky_readout_score=1.35),44,0.2225,1.6560517589628683e-06
L16-KV2,L16-KV2 (spiky_readout_score=1.35),45,0.2275,1.4261851978756925e-06
L16-KV2,L16-KV2 (spiky_readout_score=1.35),46,0.2325,1.0680910581381146e-06
L16-KV2,L16-KV2 (spiky_readout_score=1.35),47,0.23750000000000002,7.626104283937301e-07
L16-KV2,L16-KV2 (spiky_readout_score=1.35),48,0.2425,6.746980589460756e-07
L16-KV2,L16-KV2 (spiky_readout_score=1.35),49,0.2475,6.973391078547917e-07
L16-KV2,L16-KV2 (spiky_readout_score=1.35),50,0.2525,2.8675282009211447e-07
L16-KV2,L16-KV2 (spiky_readout_score=1.35),51,0.2575,5.203099371036452e-07
L16-KV2,L16-KV2 (spiky_readout_score=1.35),52,0.2625,4.1565338041290746e-07
L16-KV2,L16-KV2 (spiky_readout_score=1.35),53,0.2675,4.60100679638182e-05
L16-KV2,L16-KV2 (spiky_readout_score=1.35),54,0.2725,0.00038332391737202646
L16-KV2,L16-KV2 (spiky_readout_score=1.35),55,0.2775,9.772207520646653e-07
L16-KV2,L16-KV2 (spiky_readout_score=1.35),56,0.28250000000000003,1.9816150148090273e-06
L16-KV2,L16-KV2 (spiky_readout_score=1.35),57,0.28750000000000003,1.0909867082123777e-06
L16-KV2,L16-KV2 (spiky_readout_score=1.35),58,0.2925,1.0701330584847061e-06
L16-KV2,L16-KV2 (spiky_readout_score=1.35),59,0.2975,1.8169853248650725e-06
L16-KV2,L16-KV2 (spiky_readout_score=1.35),60,0.3025,1.1097678631293611e-06
L16-KV2,L16-KV2 (spiky_readout_score=1.35),61,0.3075,2.3764908598471786e-06
L16-KV2,L16-KV2 (spiky_readout_score=1.35),62,0.3125,1.4378791308087915e-06
L16-KV2,L16-KV2 (spiky_readout_score=1.35),63,0.3175,2.4255663029850083e-06
L16-KV2,L16-KV2 (spiky_readout_score=1.35),64,0.3225,6.700845968258104e-07
L16-KV2,L16-KV2 (spiky_readout_score=1.35),65,0.3275,1.1912411821413116e-06
L16-KV2,L16-KV2 (spiky_readout_score=1.35),66,0.3325,5.799453189427238e-07
L16-KV2,L16-KV2 (spiky_readout_score=1.35),67,0.3375,1.3400589945636706e-06
L16-KV2,L16-KV2 (spiky_readout_score=1.35),68,0.3425,2.3727647757709747e-07
L16-KV2,L16-KV2 (spiky_readout_score=1.35),69,0.34750000000000003,1.3629725401642645e-06
L16-KV2,L16-KV2 (spiky_readout_score=1.35),70,0.35250000000000004,2.6687256347658816e-07
L16-KV2,L16-KV2 (spiky_readout_score=1.35),71,0.3575,1.2494609369996721e-06
L16-KV2,L16-KV2 (spiky_readout_score=1.35),72,0.3625,3.5102450850794345e-07
L16-KV2,L16-KV2 (spiky_readout_score=1.35),73,0.3675,1.2527785011278475e-06
L16-KV2,L16-KV2 (spiky_readout_score=1.35),74,0.3725,6.678999111236246e-07
L16-KV2,L16-KV2 (spiky_readout_score=1.35),75,0.3775,1.0501739708956848e-06
L16-KV2,L16-KV2 (spiky_readout_score=1.35),76,0.3825,9.053058594840227e-07
L16-KV2,L16-KV2 (spiky_readout_score=1.35),77,0.3875,1.5804862368692544e-06
L16-KV2,L16-KV2 (spiky_readout_score=1.35),78,0.3925,1.2992432354102284e-06
L16-KV2,L16-KV2 (spiky_readout_score=1.35),79,0.3975,6.150805411664351e-07
L16-KV2,L16-KV2 (spiky_readout_score=1.35),80,0.4025,2.212861023817173e-06
L16-KV2,L16-KV2 (spiky_readout_score=1.35),81,0.40750000000000003,1.3679561387139723e-06
L16-KV2,L16-KV2 (spiky_readout_score=1.35),82,0.41250000000000003,2.3885321971712462e-06
L16-KV2,L16-KV2 (spiky_readout_score=1.35),83,0.41750000000000004,1.3457140316372066e-06
L16-KV2,L16-KV2 (spiky_readout_score=1.35),84,0.4225,1.0932126234105714e-06
L16-KV2,L16-KV2 (spiky_readout_score=1.35),85,0.4275,9.608654149165626e-07
L16-KV2,L16-KV2 (spiky_readout_score=1.35),86,0.4325,1.608210161358719e-06
L16-KV2,L16-KV2 (spiky_readout_score=1.35),87,0.4375,1.1163969233507487e-06
L16-KV2,L16-KV2 (spiky_readout_score=1.35),88,0.4425,7.040695077112755e-07
L16-KV2,L16-KV2 (spiky_readout_score=1.35),89,0.4475,3.5721015174366197e-07
L16-KV2,L16-KV2 (spiky_readout_score=1.35),90,0.4525,6.824377098979539e-07
L16-KV2,L16-KV2 (spiky_readout_score=1.35),91,0.4575,4.0739340688235514e-07
L16-KV2,L16-KV2 (spiky_readout_score=1.35),92,0.4625,5.093028495447729e-07
L16-KV2,L16-KV2 (spiky_readout_score=1.35),93,0.4675,4.190240454298484e-07
L16-KV2,L16-KV2 (spiky_readout_score=1.35),94,0.47250000000000003,9.118859216934132e-07
L16-KV2,L16-KV2 (spiky_readout_score=1.35),95,0.47750000000000004,5.889567335413761e-07
L16-KV2,L16-KV2 (spiky_readout_score=1.35),96,0.4825,1.1811590557694477e-06
L16-KV2,L16-KV2 (spiky_readout_score=1.35),97,0.4875,5.377929740900202e-07
L16-KV2,L16-KV2 (spiky_readout_score=1.35),98,0.4925,9.281406282265639e-07
L16-KV2,L16-KV2 (spiky_readout_score=1.35),99,0.4975,6.785182259859215e-07
L16-KV2,L16-KV2 (spiky_readout_score=1.35),100,0.5025,2.1449220152395095e-06
L16-KV2,L16-KV2 (spiky_readout_score=1.35),101,0.5075,1.1270979476713755e-06
L16-KV2,L16-KV2 (spiky_readout_score=1.35),102,0.5125,2.023893249055878e-06
L16-KV2,L16-KV2 (spiky_readout_score=1.35),103,0.5175,7.660750459389679e-07
L16-KV2,L16-KV2 (spiky_readout_score=1.35),104,0.5225,7.120763346587669e-07
L16-KV2,L16-KV2 (spiky_readout_score=1.35),105,0.5275,4.070092509372054e-07
L16-KV2,L16-KV2 (spiky_readout_score=1.35),106,0.5325,8.891087769516812e-07
L16-KV2,L16-KV2 (spiky_readout_score=1.35),107,0.5375,2.682276348967402e-07
L16-KV2,L16-KV2 (spiky_readout_score=1.35),108,0.5425,4.557438444408035e-07
L16-KV2,L16-KV2 (spiky_readout_score=1.35),109,0.5475,1.71710163294441e-07
L16-KV2,L16-KV2 (spiky_readout_score=1.35),110,0.5525,3.476243704320885e-07
L16-KV2,L16-KV2 (spiky_readout_score=1.35),111,0.5575,2.351735299198156e-07
L16-KV2,L16-KV2 (spiky_readout_score=1.35),112,0.5625,6.758280802289716e-07
L16-KV2,L16-KV2 (spiky_readout_score=1.35),113,0.5675,4.6386622999859485e-07
L16-KV2,L16-KV2 (spiky_readout_score=1.35),114,0.5725,4.97570681545767e-07
L16-KV2,L16-KV2 (spiky_readout_score=1.35),115,0.5775,5.977737142107539e-07
L16-KV2,L16-KV2 (spiky_readout_score=1.35),116,0.5824999999999999,5.13787501940247e-07
L16-KV2,L16-KV2 (spiky_readout_score=1.35),117,0.5874999999999999,6.927910435803954e-07
L16-KV2,L16-KV2 (spiky_readout_score=1.35),118,0.5924999999999999,9.466652102219086e-07
L16-KV2,L16-KV2 (spiky_readout_score=1.35),119,0.5974999999999999,4.6333333461997685e-07
L16-KV2,L16-KV2 (spiky_readout_score=1.35),120,0.6024999999999999,1.4007506743090353e-06
L16-KV2,L16-KV2 (spiky_readout_score=1.35),121,0.6074999999999999,1.6426126044117545e-06
L16-KV2,L16-KV2 (spiky_readout_score=1.35),122,0.6124999999999999,1.7639278390951013e-06
L16-KV2,L16-KV2 (spiky_readout_score=1.35),123,0.6174999999999999,1.3502644833351951e-06
L16-KV2,L16-KV2 (spiky_readout_score=1.35),124,0.6224999999999999,1.069931678492659e-06
L16-KV2,L16-KV2 (spiky_readout_score=1.35),125,0.6275,6.225295372530582e-07
L16-KV2,L16-KV2 (spiky_readout_score=1.35),126,0.6325,9.439030382704264e-07
L16-KV2,L16-KV2 (spiky_readout_score=1.35),127,0.6375,8.222537622210828e-07
L16-KV2,L16-KV2 (spiky_readout_score=1.35),128,0.6425,5.939552189764592e-07
L16-KV2,L16-KV2 (spiky_readout_score=1.35),129,0.6475,4.945858041846154e-07
L16-KV2,L16-KV2 (spiky_readout_score=1.35),130,0.6525,1.2047882052002024e-06
L16-KV2,L16-KV2 (spiky_readout_score=1.35),131,0.6575,6.572877887681525e-07
L16-KV2,L16-KV2 (spiky_readout_score=1.35),132,0.6625,6.80974282423514e-07
L16-KV2,L16-KV2 (spiky_readout_score=1.35),133,0.6675,6.773062872460806e-07
L16-KV2,L16-KV2 (spiky_readout_score=1.35),134,0.6725,6.268742568847432e-07
L16-KV2,L16-KV2 (spiky_readout_score=1.35),135,0.6775,5.248624087731255e-07
L16-KV2,L16-KV2 (spiky_readout_score=1.35),136,0.6825,5.910018095229524e-07
L16-KV2,L16-KV2 (spiky_readout_score=1.35),137,0.6875,7.408536575326252e-07
L16-KV2,L16-KV2 (spiky_readout_score=1.35),138,0.6925,5.122856277596708e-07
L16-KV2,L16-KV2 (spiky_readout_score=1.35),139,0.6975,8.214606493441221e-07
L16-KV2,L16-KV2 (spiky_readout_score=1.35),140,0.7025,2.0919573293960118e-06
L16-KV2,L16-KV2 (spiky_readout_score=1.35),141,0.7074999999999999,2.226884963160306e-06
L16-KV2,L16-KV2 (spiky_readout_score=1.35),142,0.7124999999999999,8.450438489912163e-07
L16-KV2,L16-KV2 (spiky_readout_score=1.35),143,0.7174999999999999,1.0980819605980026e-06
L16-KV2,L16-KV2 (spiky_readout_score=1.35),144,0.7224999999999999,5.510073068291734e-07
L16-KV2,L16-KV2 (spiky_readout_score=1.35),145,0.7274999999999999,7.389879357333484e-07
L16-KV2,L16-KV2 (spiky_readout_score=1.35),146,0.7324999999999999,6.676875494398311e-07
L16-KV2,L16-KV2 (spiky_readout_score=1.35),147,0.7374999999999999,6.414252413021262e-07
L16-KV2,L16-KV2 (spiky_readout_score=1.35),148,0.7424999999999999,5.607425376094202e-07
L16-KV2,L16-KV2 (spiky_readout_score=1.35),149,0.7474999999999999,6.004282531486232e-07
L16-KV2,L16-KV2 (spiky_readout_score=1.35),150,0.7525,4.996712280761326e-07
L16-KV2,L16-KV2 (spiky_readout_score=1.35),151,0.7575,6.846198721583667e-07
L16-KV2,L16-KV2 (spiky_readout_score=1.35),152,0.7625,5.205895762726089e-07
L16-KV2,L16-KV2 (spiky_readout_score=1.35),153,0.7675,6.345962962736198e-07
L16-KV2,L16-KV2 (spiky_readout_score=1.35),154,0.7725,5.314155515634411e-07
L16-KV2,L16-KV2 (spiky_readout_score=1.35),155,0.7775,5.495897994478582e-07
L16-KV2,L16-KV2 (spiky_readout_score=1.35),156,0.7825,9.447269775364475e-07
L16-KV2,L16-KV2 (spiky_readout_score=1.35),157,0.7875,9.512088792819538e-07
L16-KV2,L16-KV2 (spiky_readout_score=1.35),158,0.7925,9.55448541617443e-07
L16-KV2,L16-KV2 (spiky_readout_score=1.35),159,0.7975,1.043991198506384e-06
L16-KV2,L16-KV2 (spiky_readout_score=1.35),160,0.8025,2.8207891205056512e-06
L16-KV2,L16-KV2 (spiky_readout_score=1.35),161,0.8075,2.09161136613797e-06
L16-KV2,L16-KV2 (spiky_readout_score=1.35),162,0.8125,1.5306084070029361e-06
L16-KV2,L16-KV2 (spiky_readout_score=1.35),163,0.8175,8.718918463403367e-07
L16-KV2,L16-KV2 (spiky_readout_score=1.35),164,0.8225,1.025045751898038e-06
L16-KV2,L16-KV2 (spiky_readout_score=1.35),165,0.8275,6.943554150698869e-07
L16-KV2,L16-KV2 (spiky_readout_score=1.35),166,0.8325,6.707180497349847e-07
L16-KV2,L16-KV2 (spiky_readout_score=1.35),167,0.8374999999999999,3.0418967256196083e-07
L16-KV2,L16-KV2 (spiky_readout_score=1.35),168,0.8424999999999999,5.803866116593781e-07
L16-KV2,L16-KV2 (spiky_readout_score=1.35),169,0.8474999999999999,4.4073198474896866e-07
L16-KV2,L16-KV2 (spiky_readout_score=1.35),170,0.8524999999999999,5.568855832344915e-07
L16-KV2,L16-KV2 (spiky_readout_score=1.35),171,0.8574999999999999,5.70600540023796e-07
L16-KV2,L16-KV2 (spiky_readout_score=1.35),172,0.8624999999999999,4.5372555795048744e-07
L16-KV2,L16-KV2 (spiky_readout_score=1.35),173,0.8674999999999999,4.832596890277532e-07
L16-KV2,L16-KV2 (spiky_readout_score=1.35),174,0.8724999999999999,1.6053313467117342e-06
L16-KV2,L16-KV2 (spiky_readout_score=1.35),175,0.8775,7.588798922597562e-07
L16-KV2,L16-KV2 (spiky_readout_score=1.35),176,0.8825,1.447253769778659e-06
L16-KV2,L16-KV2 (spiky_readout_score=1.35),177,0.8875,5.411388437031357e-07
L16-KV2,L16-KV2 (spiky_readout_score=1.35),178,0.8925,1.6330456397944154e-06
L16-KV2,L16-KV2 (spiky_readout_score=1.35),179,0.8975,8.172650650197153e-07
L16-KV2,L16-KV2 (spiky_readout_score=1.35),180,0.9025,3.5784586559982145e-06
L16-KV2,L16-KV2 (spiky_readout_score=1.35),181,0.9075,1.3046669664618094e-06
L16-KV2,L16-KV2 (spiky_readout_score=1.35),182,0.9125,1.9128314891401843e-06
L16-KV2,L16-KV2 (spiky_readout_score=1.35),183,0.9175,6.972004302139924e-07
L16-KV2,L16-KV2 (spiky_readout_score=1.35),184,0.9225,1.1150991180589439e-06
L16-KV2,L16-KV2 (spiky_readout_score=1.35),185,0.9275,3.2203370738313553e-07
L16-KV2,L16-KV2 (spiky_readout_score=1.35),186,0.9325,1.1238605322562632e-06
L16-KV2,L16-KV2 (spiky_readout_score=1.35),187,0.9375,4.952217693698913e-07
L16-KV2,L16-KV2 (spiky_readout_score=1.35),188,0.9425,1.1872510299326677e-06
L16-KV2,L16-KV2 (spiky_readout_score=1.35),189,0.9475,2.0721595766255113e-07
L16-KV2,L16-KV2 (spiky_readout_score=1.35),190,0.9525,6.529294458752182e-07
L16-KV2,L16-KV2 (spiky_readout_score=1.35),191,0.9575,3.765069333131318e-07
L16-KV2,L16-KV2 (spiky_readout_score=1.35),192,0.9624999999999999,4.977652484480391e-07
L16-KV2,L16-KV2 (spiky_readout_score=1.35),193,0.9674999999999999,4.5836319527227586e-07
L16-KV2,L16-KV2 (spiky_readout_score=1.35),194,0.9724999999999999,5.746300025017652e-07
L16-KV2,L16-KV2 (spiky_readout_score=1.35),195,0.9774999999999999,7.98026035348747e-07
L16-KV2,L16-KV2 (spiky_readout_score=1.35),196,0.9824999999999999,8.068433479430886e-07
L16-KV2,L16-KV2 (spiky_readout_score=1.35),197,0.9874999999999999,7.600567997201324e-07
L16-KV2,L16-KV2 (spiky_readout_score=1.35),198,0.9924999999999999,1.2808673659492342e-06
L16-KV2,L16-KV2 (spiky_readout_score=1.35),199,0.9975,1.2946990750606346e-06
L6-KV0,L6-KV0 (spiky_readout_score=1.26),0,0.0025,0.00018210392469646713
L6-KV0,L6-KV0 (spiky_readout_score=1.26),1,0.0075,1.6786881176233948e-06
L6-KV0,L6-KV0 (spiky_readout_score=1.26),2,0.0125,9.30571573132255e-08
L6-KV0,L6-KV0 (spiky_readout_score=1.26),3,0.017499999999999998,9.835625872882986e-08
L6-KV0,L6-KV0 (spiky_readout_score=1.26),4,0.0225,1.5926947527183138e-06
L6-KV0,L6-KV0 (spiky_readout_score=1.26),5,0.0275,7.462227363971643e-07
L6-KV0,L6-KV0 (spiky_readout_score=1.26),6,0.0325,2.870841580967668e-07
L6-KV0,L6-KV0 (spiky_readout_score=1.26),7,0.037500000000000006,1.8104690191478312e-07
L6-KV0,L6-KV0 (spiky_readout_score=1.26),8,0.0425,1.9058631901230122e-07
L6-KV0,L6-KV0 (spiky_readout_score=1.26),9,0.0475,1.4017423639283472e-07
L6-KV0,L6-KV0 (spiky_readout_score=1.26),10,0.052500000000000005,1.4223429681666948e-07
L6-KV0,L6-KV0 (spiky_readout_score=1.26),11,0.0575,1.0122887902522645e-07
L6-KV0,L6-KV0 (spiky_readout_score=1.26),12,0.0625,1.2114273235346624e-07
L6-KV0,L6-KV0 (spiky_readout_score=1.26),13,0.0675,1.116478424315456e-07
L6-KV0,L6-KV0 (spiky_readout_score=1.26),14,0.07250000000000001,1.0420252092936875e-07
L6-KV0,L6-KV0 (spiky_readout_score=1.26),15,0.0775,1.4354459906432533e-07
L6-KV0,L6-KV0 (spiky_readout_score=1.26),16,0.0825,2.7604365729746607e-07
L6-KV0,L6-KV0 (spiky_readout_score=1.26),17,0.08750000000000001,1.2270647498091591e-07
L6-KV0,L6-KV0 (spiky_readout_score=1.26),18,0.0925,1.2492054176796836e-07
L6-KV0,L6-KV0 (spiky_readout_score=1.26),19,0.0975,1.403584769362912e-07
L6-KV0,L6-KV0 (spiky_readout_score=1.26),20,0.10250000000000001,1.682620402930292e-07
L6-KV0,L6-KV0 (spiky_readout_score=1.26),21,0.1075,1.504036998913248e-07
L6-KV0,L6-KV0 (spiky_readout_score=1.26),22,0.1125,1.81614063692643e-07
L6-KV0,L6-KV0 (spiky_readout_score=1.26),23,0.11750000000000001,9.206573108956815e-07
L6-KV0,L6-KV0 (spiky_readout_score=1.26),24,0.1225,5.561550432567738e-07
L6-KV0,L6-KV0 (spiky_readout_score=1.26),25,0.1275,2.9558573630059093e-07
L6-KV0,L6-KV0 (spiky_readout_score=1.26),26,0.1325,2.835402262027894e-07
L6-KV0,L6-KV0 (spiky_readout_score=1.26),27,0.1375,2.796610383905472e-07
L6-KV0,L6-KV0 (spiky_readout_score=1.26),28,0.14250000000000002,3.1689320542252884e-07
L6-KV0,L6-KV0 (spiky_readout_score=1.26),29,0.1475,3.5151975780189915e-07
L6-KV0,L6-KV0 (spiky_readout_score=1.26),30,0.1525,2.1769282261750534e-07
L6-KV0,L6-KV0 (spiky_readout_score=1.26),31,0.1575,1.5978251873192762e-07
L6-KV0,L6-KV0 (spiky_readout_score=1.26),32,0.1625,1.5767230200041433e-07
L6-KV0,L6-KV0 (spiky_readout_score=1.26),33,0.1675,1.8246022903678494e-07
L6-KV0,L6-KV0 (spiky_readout_score=1.26),34,0.17250000000000001,1.6035406514133426e-07
L6-KV0,L6-KV0 (spiky_readout_score=1.26),35,0.17750000000000002,1.6765647719336435e-07
L6-KV0,L6-KV0 (spiky_readout_score=1.26),36,0.1825,1.5413834264113975e-07
L6-KV0,L6-KV0 (spiky_readout_score=1.26),37,0.1875,1.272989176451641e-07
L6-KV0,L6-KV0 (spiky_readout_score=1.26),38,0.1925,1.295647387275104e-07
L6-KV0,L6-KV0 (spiky_readout_score=1.26),39,0.1975,1.5182340262764882e-07
L6-KV0,L6-KV0 (spiky_readout_score=1.26),40,0.2025,5.828837979298436e-06
L6-KV0,L6-KV0 (spiky_readout_score=1.26),41,0.20750000000000002,4.590112317221744e-07
L6-KV0,L6-KV0 (spiky_readout_score=1.26),42,0.2125,4.296370625457767e-07
L6-KV0,L6-KV0 (spiky_readout_score=1.26),43,0.2175,0.0004083002818874145
L6-KV0,L6-KV0 (spiky_readout_score=1.26),44,0.2225,1.9234646205948787e-06
L6-KV0,L6-KV0 (spiky_readout_score=1.26),45,0.2275,1.2638391136172395e-06
L6-KV0,L6-KV0 (spiky_readout_score=1.26),46,0.2325,7.552062124866714e-07
L6-KV0,L6-KV0 (spiky_readout_score=1.26),47,0.23750000000000002,6.507623075334225e-07
L6-KV0,L6-KV0 (spiky_readout_score=1.26),48,0.2425,5.97766374811824e-07
L6-KV0,L6-KV0 (spiky_readout_score=1.26),49,0.2475,6.925214915806269e-07
L6-KV0,L6-KV0 (spiky_readout_score=1.26),50,0.2525,9.059302138934657e-07
L6-KV0,L6-KV0 (spiky_readout_score=1.26),51,0.2575,9.277686834658587e-07
L6-KV0,L6-KV0 (spiky_readout_score=1.26),52,0.2625,1.04154720251667e-06
L6-KV0,L6-KV0 (spiky_readout_score=1.26),53,0.2675,1.9745825698334684e-06
L6-KV0,L6-KV0 (spiky_readout_score=1.26),54,0.2725,0.00023486026507971554
L6-KV0,L6-KV0 (spiky_readout_score=1.26),55,0.2775,1.087859188889492e-06
L6-KV0,L6-KV0 (spiky_readout_score=1.26),56,0.28250000000000003,1.2197090712667041e-06
L6-KV0,L6-KV0 (spiky_readout_score=1.26),57,0.28750000000000003,1.3735064808681078e-06
L6-KV0,L6-KV0 (spiky_readout_score=1.26),58,0.2925,1.4623869703760711e-06
L6-KV0,L6-KV0 (spiky_readout_score=1.26),59,0.2975,1.724822717668368e-06
L6-KV0,L6-KV0 (spiky_readout_score=1.26),60,0.3025,2.131485210554729e-06
L6-KV0,L6-KV0 (spiky_readout_score=1.26),61,0.3075,1.4798825489492629e-06
L6-KV0,L6-KV0 (spiky_readout_score=1.26),62,0.3125,2.2275512472041167e-06
L6-KV0,L6-KV0 (spiky_readout_score=1.26),63,0.3175,5.785142109613974e-06
L6-KV0,L6-KV0 (spiky_readout_score=1.26),64,0.3225,1.2003619238904712e-06
L6-KV0,L6-KV0 (spiky_readout_score=1.26),65,0.3275,9.969901100248535e-07
L6-KV0,L6-KV0 (spiky_readout_score=1.26),66,0.3325,7.532404627649417e-07
L6-KV0,L6-KV0 (spiky_readout_score=1.26),67,0.3375,7.094571848093827e-07
L6-KV0,L6-KV0 (spiky_readout_score=1.26),68,0.3425,7.080836407372512e-07
L6-KV0,L6-KV0 (spiky_readout_score=1.26),69,0.34750000000000003,7.536783519818917e-07
L6-KV0,L6-KV0 (spiky_readout_score=1.26),70,0.35250000000000004,7.719053607096222e-07
L6-KV0,L6-KV0 (spiky_readout_score=1.26),71,0.3575,8.796482688921969e-07
L6-KV0,L6-KV0 (spiky_readout_score=1.26),72,0.3625,9.190652333148006e-07
L6-KV0,L6-KV0 (spiky_readout_score=1.26),73,0.3675,1.2508893892767707e-06
L6-KV0,L6-KV0 (spiky_readout_score=1.26),74,0.3725,1.4448575841795121e-06
L6-KV0,L6-KV0 (spiky_readout_score=1.26),75,0.3775,1.0923982033870873e-06
L6-KV0,L6-KV0 (spiky_readout_score=1.26),76,0.3825,1.280776895587873e-06
L6-KV0,L6-KV0 (spiky_readout_score=1.26),77,0.3875,1.2722896778021614e-06
L6-KV0,L6-KV0 (spiky_readout_score=1.26),78,0.3925,1.964653409101759e-06
L6-KV0,L6-KV0 (spiky_readout_score=1.26),79,0.3975,1.4176347755372781e-06
L6-KV0,L6-KV0 (spiky_readout_score=1.26),80,0.4025,1.8144946238862758e-06
L6-KV0,L6-KV0 (spiky_readout_score=1.26),81,0.40750000000000003,1.7916644787468222e-06
L6-KV0,L6-KV0 (spiky_readout_score=1.26),82,0.41250000000000003,4.498203539680747e-06
L6-KV0,L6-KV0 (spiky_readout_score=1.26),83,0.41750000000000004,1.070390451575674e-06
L6-KV0,L6-KV0 (spiky_readout_score=1.26),84,0.4225,6.648061281160673e-07
L6-KV0,L6-KV0 (spiky_readout_score=1.26),85,0.4275,4.466458547775736e-07
L6-KV0,L6-KV0 (spiky_readout_score=1.26),86,0.4325,4.528497678433853e-07
L6-KV0,L6-KV0 (spiky_readout_score=1.26),87,0.4375,4.437798918185568e-07
L6-KV0,L6-KV0 (spiky_readout_score=1.26),88,0.4425,4.269564506387269e-07
L6-KV0,L6-KV0 (spiky_readout_score=1.26),89,0.4475,5.176981266531908e-07
L6-KV0,L6-KV0 (spiky_readout_score=1.26),90,0.4525,6.56792789551933e-07
L6-KV0,L6-KV0 (spiky_readout_score=1.26),91,0.4575,5.837895408993583e-07
L6-KV0,L6-KV0 (spiky_readout_score=1.26),92,0.4625,6.610359041100569e-07
L6-KV0,L6-KV0 (spiky_readout_score=1.26),93,0.4675,6.660467641544139e-07
L6-KV0,L6-KV0 (spiky_readout_score=1.26),94,0.47250000000000003,7.822432509994672e-07
L6-KV0,L6-KV0 (spiky_readout_score=1.26),95,0.47750000000000004,8.105977227858472e-07
L6-KV0,L6-KV0 (spiky_readout_score=1.26),96,0.4825,9.023771779327814e-07
L6-KV0,L6-KV0 (spiky_readout_score=1.26),97,0.4875,8.019243265623897e-07
L6-KV0,L6-KV0 (spiky_readout_score=1.26),98,0.4925,1.233076681777285e-06
L6-KV0,L6-KV0 (spiky_readout_score=1.26),99,0.4975,1.1303351062760418e-06
L6-KV0,L6-KV0 (spiky_readout_score=1.26),100,0.5025,1.8888211538329154e-06
L6-KV0,L6-KV0 (spiky_readout_score=1.26),101,0.5075,1.5521280849790337e-06
L6-KV0,L6-KV0 (spiky_readout_score=1.26),102,0.5125,2.2825127652075546e-06
L6-KV0,L6-KV0 (spiky_readout_score=1.26),103,0.5175,2.274650248474635e-07
L6-KV0,L6-KV0 (spiky_readout_score=1.26),104,0.5225,1.5505109018931762e-07
L6-KV0,L6-KV0 (spiky_readout_score=1.26),105,0.5275,1.4523735509491026e-07
L6-KV0,L6-KV0 (spiky_readout_score=1.26),106,0.5325,1.7834595463942344e-07
L6-KV0,L6-KV0 (spiky_readout_score=1.26),107,0.5375,2.378247790448183e-07
L6-KV0,L6-KV0 (spiky_readout_score=1.26),108,0.5425,2.5126720869041363e-07
L6-KV0,L6-KV0 (spiky_readout_score=1.26),109,0.5475,3.4043825130376195e-07
L6-KV0,L6-KV0 (spiky_readout_score=1.26),110,0.5525,5.044528695715858e-07
L6-KV0,L6-KV0 (spiky_readout_score=1.26),111,0.5575,4.331827666094666e-07
L6-KV0,L6-KV0 (spiky_readout_score=1.26),112,0.5625,4.2623462499185347e-07
L6-KV0,L6-KV0 (spiky_readout_score=1.26),113,0.5675,4.83964778855547e-07
L6-KV0,L6-KV0 (spiky_readout_score=1.26),114,0.5725,5.154907967153122e-07
L6-KV0,L6-KV0 (spiky_readout_score=1.26),115,0.5775,5.008591068238794e-07
L6-KV0,L6-KV0 (spiky_readout_score=1.26),116,0.5824999999999999,4.265015698073122e-07
L6-KV0,L6-KV0 (spiky_readout_score=1.26),117,0.5874999999999999,4.5349925211927e-07
L6-KV0,L6-KV0 (spiky_readout_score=1.26),118,0.5924999999999999,4.7055727390800583e-07
L6-KV0,L6-KV0 (spiky_readout_score=1.26),119,0.5974999999999999,5.383302184977115e-07
L6-KV0,L6-KV0 (spiky_readout_score=1.26),120,0.6024999999999999,5.731786956175711e-07
L6-KV0,L6-KV0 (spiky_readout_score=1.26),121,0.6074999999999999,1.072794297713691e-06
L6-KV0,L6-KV0 (spiky_readout_score=1.26),122,0.6124999999999999,1.9232690272121188e-07
L6-KV0,L6-KV0 (spiky_readout_score=1.26),123,0.6174999999999999,1.212741939252534e-07
L6-KV0,L6-KV0 (spiky_readout_score=1.26),124,0.6224999999999999,8.087212360103585e-08
L6-KV0,L6-KV0 (spiky_readout_score=1.26),125,0.6275,8.733561816600042e-08
L6-KV0,L6-KV0 (spiky_readout_score=1.26),126,0.6325,1.0734138847620248e-07
L6-KV0,L6-KV0 (spiky_readout_score=1.26),127,0.6375,5.486977655090795e-07
L6-KV0,L6-KV0 (spiky_readout_score=1.26),128,0.6425,1.3512243685858444e-07
L6-KV0,L6-KV0 (spiky_readout_score=1.26),129,0.6475,1.3418236743945045e-07
L6-KV0,L6-KV0 (spiky_readout_score=1.26),130,0.6525,1.329090096392958e-07
L6-KV0,L6-KV0 (spiky_readout_score=1.26),131,0.6575,1.5240548594570263e-07
L6-KV0,L6-KV0 (spiky_readout_score=1.26),132,0.6625,1.6117007246257182e-07
L6-KV0,L6-KV0 (spiky_readout_score=1.26),133,0.6675,1.7101611936100524e-07
L6-KV0,L6-KV0 (spiky_readout_score=1.26),134,0.6725,2.0292343932177509e-07
L6-KV0,L6-KV0 (spiky_readout_score=1.26),135,0.6775,1.7958997895155854e-07
L6-KV0,L6-KV0 (spiky_readout_score=1.26),136,0.6825,1.7599454693595362e-07
L6-KV0,L6-KV0 (spiky_readout_score=1.26),137,0.6875,2.1737011340101325e-07
L6-KV0,L6-KV0 (spiky_readout_score=1.26),138,0.6925,1.9434227306801078e-07
L6-KV0,L6-KV0 (spiky_readout_score=1.26),139,0.6975,2.380374581889555e-07
L6-KV0,L6-KV0 (spiky_readout_score=1.26),140,0.7025,3.059602285812194e-07
L6-KV0,L6-KV0 (spiky_readout_score=1.26),141,0.7074999999999999,5.308148856337474e-07
L6-KV0,L6-KV0 (spiky_readout_score=1.26),142,0.7124999999999999,1.1892482291006193e-07
L6-KV0,L6-KV0 (spiky_readout_score=1.26),143,0.7174999999999999,8.174109641537594e-08
L6-KV0,L6-KV0 (spiky_readout_score=1.26),144,0.7224999999999999,1.138510779303508e-07
L6-KV0,L6-KV0 (spiky_readout_score=1.26),145,0.7274999999999999,6.186191907144232e-08
L6-KV0,L6-KV0 (spiky_readout_score=1.26),146,0.7324999999999999,7.335109790197945e-08
L6-KV0,L6-KV0 (spiky_readout_score=1.26),147,0.7374999999999999,1.0829154292338724e-07
L6-KV0,L6-KV0 (spiky_readout_score=1.26),148,0.7424999999999999,7.770946358620634e-08
L6-KV0,L6-KV0 (spiky_readout_score=1.26),149,0.7474999999999999,1.1822953616125176e-07
L6-KV0,L6-KV0 (spiky_readout_score=1.26),150,0.7525,1.0067068943543842e-07
L6-KV0,L6-KV0 (spiky_readout_score=1.26),151,0.7575,9.616418831078935e-08
L6-KV0,L6-KV0 (spiky_readout_score=1.26),152,0.7625,1.5842357711396256e-08
L6-KV0,L6-KV0 (spiky_readout_score=1.26),153,0.7675,2.9570917777935587e-08
L6-KV0,L6-KV0 (spiky_readout_score=1.26),154,0.7725,6.374215019303417e-08
L6-KV0,L6-KV0 (spiky_readout_score=1.26),155,0.7775,1.4203434111388041e-08
L6-KV0,L6-KV0 (spiky_readout_score=1.26),156,0.7825,1.6314115106449582e-08
L6-KV0,L6-KV0 (spiky_readout_score=1.26),157,0.7875,2.1188263302615188e-08
L6-KV0,L6-KV0 (spiky_readout_score=1.26),158,0.7925,2.568482061958223e-08
L6-KV0,L6-KV0 (spiky_readout_score=1.26),159,0.7975,2.5867598475924425e-08
L6-KV0,L6-KV0 (spiky_readout_score=1.26),160,0.8025,2.3572990419345226e-06
L6-KV0,L6-KV0 (spiky_readout_score=1.26),161,0.8075,3.9355804583505817e-07
L6-KV0,L6-KV0 (spiky_readout_score=1.26),162,0.8125,1.658421490294667e-07
L6-KV0,L6-KV0 (spiky_readout_score=1.26),163,0.8175,1.1035189460630233e-07
L6-KV0,L6-KV0 (spiky_readout_score=1.26),164,0.8225,1.115733889405541e-07
L6-KV0,L6-KV0 (spiky_readout_score=1.26),165,0.8275,1.2419364603388772e-07
L6-KV0,L6-KV0 (spiky_readout_score=1.26),166,0.8325,1.0331355095237273e-07
L6-KV0,L6-KV0 (spiky_readout_score=1.26),167,0.8374999999999999,1.1820209154324499e-07
L6-KV0,L6-KV0 (spiky_readout_score=1.26),168,0.8424999999999999,1.3805403778885e-07
L6-KV0,L6-KV0 (spiky_readout_score=1.26),169,0.8474999999999999,1.4595417268432292e-07
L6-KV0,L6-KV0 (spiky_readout_score=1.26),170,0.8524999999999999,1.6741590590031918e-07
L6-KV0,L6-KV0 (spiky_readout_score=1.26),171,0.8574999999999999,1.6252834824013818e-07
L6-KV0,L6-KV0 (spiky_readout_score=1.26),172,0.8624999999999999,2.0953922064137487e-07
L6-KV0,L6-KV0 (spiky_readout_score=1.26),173,0.8674999999999999,4.910756542995744e-07
L6-KV0,L6-KV0 (spiky_readout_score=1.26),174,0.8724999999999999,2.966484853317297e-07
L6-KV0,L6-KV0 (spiky_readout_score=1.26),175,0.8775,2.576610376487614e-07
L6-KV0,L6-KV0 (spiky_readout_score=1.26),176,0.8825,4.031589936813264e-07
L6-KV0,L6-KV0 (spiky_readout_score=1.26),177,0.8875,3.41950182455467e-07
L6-KV0,L6-KV0 (spiky_readout_score=1.26),178,0.8925,4.81691599623397e-07
L6-KV0,L6-KV0 (spiky_readout_score=1.26),179,0.8975,5.165108395591542e-07
L6-KV0,L6-KV0 (spiky_readout_score=1.26),180,0.9025,1.8892186474899525e-06
L6-KV0,L6-KV0 (spiky_readout_score=1.26),181,0.9075,1.1669309705832274e-07
L6-KV0,L6-KV0 (spiky_readout_score=1.26),182,0.9125,7.504337671905756e-08
L6-KV0,L6-KV0 (spiky_readout_score=1.26),183,0.9175,5.219107330438939e-08
L6-KV0,L6-KV0 (spiky_readout_score=1.26),184,0.9225,5.432231477340922e-08
L6-KV0,L6-KV0 (spiky_readout_score=1.26),185,0.9275,6.023857844285527e-08
L6-KV0,L6-KV0 (spiky_readout_score=1.26),186,0.9325,6.04436239472404e-08
L6-KV0,L6-KV0 (spiky_readout_score=1.26),187,0.9375,5.87524106825705e-08
L6-KV0,L6-KV0 (spiky_readout_score=1.26),188,0.9425,7.216113129260293e-08
L6-KV0,L6-KV0 (spiky_readout_score=1.26),189,0.9475,7.567361239223049e-08
L6-KV0,L6-KV0 (spiky_readout_score=1.26),190,0.9525,7.271952893818576e-08
L6-KV0,L6-KV0 (spiky_readout_score=1.26),191,0.9575,7.751276446096459e-08
L6-KV0,L6-KV0 (spiky_readout_score=1.26),192,0.9624999999999999,9.611158015486256e-08
L6-KV0,L6-KV0 (spiky_readout_score=1.26),193,0.9674999999999999,1.0831586662517014e-07
L6-KV0,L6-KV0 (spiky_readout_score=1.26),194,0.9724999999999999,1.0052530642821824e-07
L6-KV0,L6-KV0 (spiky_readout_score=1.26),195,0.9774999999999999,1.0906400785667561e-07
L6-KV0,L6-KV0 (spiky_readout_score=1.26),196,0.9824999999999999,1.381079126616669e-07
L6-KV0,L6-KV0 (spiky_readout_score=1.26),197,0.9874999999999999,1.4798961573652442e-07
L6-KV0,L6-KV0 (spiky_readout_score=1.26),198,0.9924999999999999,2.0378655182387968e-07
L6-KV0,L6-KV0 (spiky_readout_score=1.26),199,0.9975,1.872918226857629e-07
L14-KV0,L14-KV0 (spiky_readout_score=1.12),0,0.0025,0.0006825099275634525
L14-KV0,L14-KV0 (spiky_readout_score=1.12),1,0.0075,9.404312587589305e-06
L14-KV0,L14-KV0 (spiky_readout_score=1.12),2,0.0125,4.2247529969634865e-07
L14-KV0,L14-KV0 (spiky_readout_score=1.12),3,0.017499999999999998,4.312474512094663e-07
L14-KV0,L14-KV0 (spiky_readout_score=1.12),4,0.0225,1.0645550625148253e-06
L14-KV0,L14-KV0 (spiky_readout_score=1.12),5,0.0275,5.350637357943404e-07
L14-KV0,L14-KV0 (spiky_readout_score=1.12),6,0.0325,3.4005320616513147e-07
L14-KV0,L14-KV0 (spiky_readout_score=1.12),7,0.037500000000000006,2.64737069853384e-07
L14-KV0,L14-KV0 (spiky_readout_score=1.12),8,0.0425,3.1083417744477107e-07
L14-KV0,L14-KV0 (spiky_readout_score=1.12),9,0.0475,2.365429959841744e-07
L14-KV0,L14-KV0 (spiky_readout_score=1.12),10,0.052500000000000005,2.659375815434422e-07
L14-KV0,L14-KV0 (spiky_readout_score=1.12),11,0.0575,1.7886871514097687e-07
L14-KV0,L14-KV0 (spiky_readout_score=1.12),12,0.0625,1.8751958411452767e-07
L14-KV0,L14-KV0 (spiky_readout_score=1.12),13,0.0675,2.399696644569563e-07
L14-KV0,L14-KV0 (spiky_readout_score=1.12),14,0.07250000000000001,3.426793579056461e-07
L14-KV0,L14-KV0 (spiky_readout_score=1.12),15,0.0775,2.615779176754326e-07
L14-KV0,L14-KV0 (spiky_readout_score=1.12),16,0.0825,3.2980222641754153e-07
L14-KV0,L14-KV0 (spiky_readout_score=1.12),17,0.08750000000000001,1.4452354558816945e-06
L14-KV0,L14-KV0 (spiky_readout_score=1.12),18,0.0925,1.4057601467649356e-06
L14-KV0,L14-KV0 (spiky_readout_score=1.12),19,0.0975,6.034387526808262e-07
L14-KV0,L14-KV0 (spiky_readout_score=1.12),20,0.10250000000000001,6.965326814370851e-07
L14-KV0,L14-KV0 (spiky_readout_score=1.12),21,0.1075,3.7916036887963855e-07
L14-KV0,L14-KV0 (spiky_readout_score=1.12),22,0.1125,4.245418462492775e-07
L14-KV0,L14-KV0 (spiky_readout_score=1.12),23,0.11750000000000001,1.1220776303032056e-06
L14-KV0,L14-KV0 (spiky_readout_score=1.12),24,0.1225,5.903652687980607e-07
L14-KV0,L14-KV0 (spiky_readout_score=1.12),25,0.1275,3.9823284225803945e-07
L14-KV0,L14-KV0 (spiky_readout_score=1.12),26,0.1325,2.810098556389156e-07
L14-KV0,L14-KV0 (spiky_readout_score=1.12),27,0.1375,3.374351515666214e-07
L14-KV0,L14-KV0 (spiky_readout_score=1.12),28,0.14250000000000002,3.051932030270369e-07
L14-KV0,L14-KV0 (spiky_readout_score=1.12),29,0.1475,5.370674196163756e-07
L14-KV0,L14-KV0 (spiky_readout_score=1.12),30,0.1525,3.3661279681090104e-07
L14-KV0,L14-KV0 (spiky_readout_score=1.12),31,0.1575,2.4667055648868494e-07
L14-KV0,L14-KV0 (spiky_readout_score=1.12),32,0.1625,2.446789737169703e-07
L14-KV0,L14-KV0 (spiky_readout_score=1.12),33,0.1675,2.83214000315216e-07
L14-KV0,L14-KV0 (spiky_readout_score=1.12),34,0.17250000000000001,3.1783927769067433e-07
L14-KV0,L14-KV0 (spiky_readout_score=1.12),35,0.17750000000000002,3.0193926749331824e-07
L14-KV0,L14-KV0 (spiky_readout_score=1.12),36,0.1825,3.3422153781056553e-07
L14-KV0,L14-KV0 (spiky_readout_score=1.12),37,0.1875,5.932455146811273e-07
L14-KV0,L14-KV0 (spiky_readout_score=1.12),38,0.1925,1.0514737860083706e-06
L14-KV0,L14-KV0 (spiky_readout_score=1.12),39,0.1975,7.898132748453333e-07
L14-KV0,L14-KV0 (spiky_readout_score=1.12),40,0.2025,0.0002940631554072378
L14-KV0,L14-KV0 (spiky_readout_score=1.12),41,0.20750000000000002,6.552868906542894e-07
L14-KV0,L14-KV0 (spiky_readout_score=1.12),42,0.2125,1.2096274529328963e-06
L14-KV0,L14-KV0 (spiky_readout_score=1.12),43,0.2175,0.0007656778921939024
L14-KV0,L14-KV0 (spiky_readout_score=1.12),44,0.2225,1.236627874894631e-06
L14-KV0,L14-KV0 (spiky_readout_score=1.12),45,0.2275,5.864432068847236e-07
L14-KV0,L14-KV0 (spiky_readout_score=1.12),46,0.2325,6.258262357862674e-07
L14-KV0,L14-KV0 (spiky_readout_score=1.12),47,0.23750000000000002,4.710906296168105e-07
L14-KV0,L14-KV0 (spiky_readout_score=1.12),48,0.2425,4.3154943593240856e-07
L14-KV0,L14-KV0 (spiky_readout_score=1.12),49,0.2475,4.7591597811853195e-07
L14-KV0,L14-KV0 (spiky_readout_score=1.12),50,0.2525,3.8560338718899144e-07
L14-KV0,L14-KV0 (spiky_readout_score=1.12),51,0.2575,4.809011845249447e-07
L14-KV0,L14-KV0 (spiky_readout_score=1.12),52,0.2625,6.261471493676904e-07
L14-KV0,L14-KV0 (spiky_readout_score=1.12),53,0.2675,6.480885702688153e-05
L14-KV0,L14-KV0 (spiky_readout_score=1.12),54,0.2725,0.0002752477662884952
L14-KV0,L14-KV0 (spiky_readout_score=1.12),55,0.2775,5.821927158779414e-07
L14-KV0,L14-KV0 (spiky_readout_score=1.12),56,0.28250000000000003,7.213105724141704e-07
L14-KV0,L14-KV0 (spiky_readout_score=1.12),57,0.28750000000000003,6.629962529456992e-07
L14-KV0,L14-KV0 (spiky_readout_score=1.12),58,0.2925,8.389862021626218e-07
L14-KV0,L14-KV0 (spiky_readout_score=1.12),59,0.2975,1.2100590863285885e-06
L14-KV0,L14-KV0 (spiky_readout_score=1.12),60,0.3025,1.0501470484314268e-06
L14-KV0,L14-KV0 (spiky_readout_score=1.12),61,0.3075,1.2658898681041007e-06
L14-KV0,L14-KV0 (spiky_readout_score=1.12),62,0.3125,1.180002844388842e-06
L14-KV0,L14-KV0 (spiky_readout_score=1.12),63,0.3175,1.322343629388862e-06
L14-KV0,L14-KV0 (spiky_readout_score=1.12),64,0.3225,4.652989490848215e-07
L14-KV0,L14-KV0 (spiky_readout_score=1.12),65,0.3275,5.109638741324878e-07
L14-KV0,L14-KV0 (spiky_readout_score=1.12),66,0.3325,3.4450757928945155e-07
L14-KV0,L14-KV0 (spiky_readout_score=1.12),67,0.3375,4.145331981167796e-07
L14-KV0,L14-KV0 (spiky_readout_score=1.12),68,0.3425,3.842537564326319e-07
L14-KV0,L14-KV0 (spiky_readout_score=1.12),69,0.34750000000000003,4.0442410867821567e-07
L14-KV0,L14-KV0 (spiky_readout_score=1.12),70,0.35250000000000004,3.854978842809942e-07
L14-KV0,L14-KV0 (spiky_readout_score=1.12),71,0.3575,5.768080261045075e-07
L14-KV0,L14-KV0 (spiky_readout_score=1.12),72,0.3625,4.953219579257555e-07
L14-KV0,L14-KV0 (spiky_readout_score=1.12),73,0.3675,5.892470633333298e-07
L14-KV0,L14-KV0 (spiky_readout_score=1.12),74,0.3725,4.872836549501309e-07
L14-KV0,L14-KV0 (spiky_readout_score=1.12),75,0.3775,5.71405522009627e-07
L14-KV0,L14-KV0 (spiky_readout_score=1.12),76,0.3825,7.63806821981104e-07
L14-KV0,L14-KV0 (spiky_readout_score=1.12),77,0.3875,6.313257908833034e-07
L14-KV0,L14-KV0 (spiky_readout_score=1.12),78,0.3925,8.863854584920514e-07
L14-KV0,L14-KV0 (spiky_readout_score=1.12),79,0.3975,5.054056292205392e-07
L14-KV0,L14-KV0 (spiky_readout_score=1.12),80,0.4025,1.3097308258888267e-06
L14-KV0,L14-KV0 (spiky_readout_score=1.12),81,0.40750000000000003,1.0206295765361314e-06
L14-KV0,L14-KV0 (spiky_readout_score=1.12),82,0.41250000000000003,1.6877365222204129e-06
L14-KV0,L14-KV0 (spiky_readout_score=1.12),83,0.41750000000000004,6.524812679994543e-07
L14-KV0,L14-KV0 (spiky_readout_score=1.12),84,0.4225,5.983071267629774e-07
L14-KV0,L14-KV0 (spiky_readout_score=1.12),85,0.4275,6.140779536930754e-07
L14-KV0,L14-KV0 (spiky_readout_score=1.12),86,0.4325,8.676374250171648e-07
L14-KV0,L14-KV0 (spiky_readout_score=1.12),87,0.4375,4.874042837903809e-07
L14-KV0,L14-KV0 (spiky_readout_score=1.12),88,0.4425,4.232337969613452e-07
L14-KV0,L14-KV0 (spiky_readout_score=1.12),89,0.4475,2.659666031539538e-07
L14-KV0,L14-KV0 (spiky_readout_score=1.12),90,0.4525,5.33228738878019e-07
L14-KV0,L14-KV0 (spiky_readout_score=1.12),91,0.4575,3.8417577741256537e-07
L14-KV0,L14-KV0 (spiky_readout_score=1.12),92,0.4625,4.772273649272003e-07
L14-KV0,L14-KV0 (spiky_readout_score=1.12),93,0.4675,3.7753190339019837e-07
L14-KV0,L14-KV0 (spiky_readout_score=1.12),94,0.47250000000000003,4.806384938303511e-07
L14-KV0,L14-KV0 (spiky_readout_score=1.12),95,0.47750000000000004,4.209565206890277e-07
L14-KV0,L14-KV0 (spiky_readout_score=1.12),96,0.4825,5.670325004457157e-07
L14-KV0,L14-KV0 (spiky_readout_score=1.12),97,0.4875,3.6130785220832096e-07
L14-KV0,L14-KV0 (spiky_readout_score=1.12),98,0.4925,6.936276792300435e-07
L14-KV0,L14-KV0 (spiky_readout_score=1.12),99,0.4975,5.880743947679028e-07
L14-KV0,L14-KV0 (spiky_readout_score=1.12),100,0.5025,1.1051996904955428e-06
L14-KV0,L14-KV0 (spiky_readout_score=1.12),101,0.5075,7.173721710630941e-07
L14-KV0,L14-KV0 (spiky_readout_score=1.12),102,0.5125,1.4936098509110707e-06
L14-KV0,L14-KV0 (spiky_readout_score=1.12),103,0.5175,4.919244572322765e-07
L14-KV0,L14-KV0 (spiky_readout_score=1.12),104,0.5225,5.447327120171914e-07
L14-KV0,L14-KV0 (spiky_readout_score=1.12),105,0.5275,3.328034305281692e-07
L14-KV0,L14-KV0 (spiky_readout_score=1.12),106,0.5325,4.91562480371093e-07
L14-KV0,L14-KV0 (spiky_readout_score=1.12),107,0.5375,3.0253198041967675e-07
L14-KV0,L14-KV0 (spiky_readout_score=1.12),108,0.5425,3.0482588694472466e-07
L14-KV0,L14-KV0 (spiky_readout_score=1.12),109,0.5475,3.3665471553336245e-07
L14-KV0,L14-KV0 (spiky_readout_score=1.12),110,0.5525,3.8628529454496986e-07
L14-KV0,L14-KV0 (spiky_readout_score=1.12),111,0.5575,3.2078223049276336e-07
L14-KV0,L14-KV0 (spiky_readout_score=1.12),112,0.5625,3.9025619967349356e-07
L14-KV0,L14-KV0 (spiky_readout_score=1.12),113,0.5675,3.264490460809709e-07
L14-KV0,L14-KV0 (spiky_readout_score=1.12),114,0.5725,4.3738359473926333e-07
L14-KV0,L14-KV0 (spiky_readout_score=1.12),115,0.5775,3.883205985338074e-07
L14-KV0,L14-KV0 (spiky_readout_score=1.12),116,0.5824999999999999,4.1291708084502587e-07
L14-KV0,L14-KV0 (spiky_readout_score=1.12),117,0.5874999999999999,4.833886586246601e-07
L14-KV0,L14-KV0 (spiky_readout_score=1.12),118,0.5924999999999999,5.788468878823291e-07
L14-KV0,L14-KV0 (spiky_readout_score=1.12),119,0.5974999999999999,4.69377294872889e-07
L14-KV0,L14-KV0 (spiky_readout_score=1.12),120,0.6024999999999999,7.733843259773363e-07
L14-KV0,L14-KV0 (spiky_readout_score=1.12),121,0.6074999999999999,1.5653893886532648e-06
L14-KV0,L14-KV0 (spiky_readout_score=1.12),122,0.6124999999999999,7.157346674700551e-07
L14-KV0,L14-KV0 (spiky_readout_score=1.12),123,0.6174999999999999,5.079988889227544e-07
L14-KV0,L14-KV0 (spiky_readout_score=1.12),124,0.6224999999999999,5.475864353700542e-07
L14-KV0,L14-KV0 (spiky_readout_score=1.12),125,0.6275,4.6584165553602883e-07
L14-KV0,L14-KV0 (spiky_readout_score=1.12),126,0.6325,5.048453601830261e-07
L14-KV0,L14-KV0 (spiky_readout_score=1.12),127,0.6375,5.438858810943462e-07
L14-KV0,L14-KV0 (spiky_readout_score=1.12),128,0.6425,3.9716476253813327e-07
L14-KV0,L14-KV0 (spiky_readout_score=1.12),129,0.6475,3.3203301898408556e-07
L14-KV0,L14-KV0 (spiky_readout_score=1.12),130,0.6525,4.4126324943200803e-07
L14-KV0,L14-KV0 (spiky_readout_score=1.12),131,0.6575,3.4005979492641405e-07
L14-KV0,L14-KV0 (spiky_readout_score=1.12),132,0.6625,4.164859695216754e-07
L14-KV0,L14-KV0 (spiky_readout_score=1.12),133,0.6675,5.216343999287736e-07
L14-KV0,L14-KV0 (spiky_readout_score=1.12),134,0.6725,4.1113982060129016e-07
L14-KV0,L14-KV0 (spiky_readout_score=1.12),135,0.6775,4.6444032518268485e-07
L14-KV0,L14-KV0 (spiky_readout_score=1.12),136,0.6825,4.074632106007162e-07
L14-KV0,L14-KV0 (spiky_readout_score=1.12),137,0.6875,6.730054857533625e-07
L14-KV0,L14-KV0 (spiky_readout_score=1.12),138,0.6925,5.504907889530841e-07
L14-KV0,L14-KV0 (spiky_readout_score=1.12),139,0.6975,6.644043852231465e-07
L14-KV0,L14-KV0 (spiky_readout_score=1.12),140,0.7025,1.5218918300823653e-06
L14-KV0,L14-KV0 (spiky_readout_score=1.12),141,0.7074999999999999,1.8445888128683561e-06
L14-KV0,L14-KV0 (spiky_readout_score=1.12),142,0.7124999999999999,8.389122935373702e-07
L14-KV0,L14-KV0 (spiky_readout_score=1.12),143,0.7174999999999999,5.75629603157982e-07
L14-KV0,L14-KV0 (spiky_readout_score=1.12),144,0.7224999999999999,5.543810134765539e-07
L14-KV0,L14-KV0 (spiky_readout_score=1.12),145,0.7274999999999999,4.418351876113645e-07
L14-KV0,L14-KV0 (spiky_readout_score=1.12),146,0.7324999999999999,4.2081809833608273e-07
L14-KV0,L14-KV0 (spiky_readout_score=1.12),147,0.7374999999999999,3.978759955154081e-07
L14-KV0,L14-KV0 (spiky_readout_score=1.12),148,0.7424999999999999,3.888963208607622e-07
L14-KV0,L14-KV0 (spiky_readout_score=1.12),149,0.7474999999999999,4.6938098055956547e-07
L14-KV0,L14-KV0 (spiky_readout_score=1.12),150,0.7525,4.549253327062226e-07
L14-KV0,L14-KV0 (spiky_readout_score=1.12),151,0.7575,6.687940390699103e-07
L14-KV0,L14-KV0 (spiky_readout_score=1.12),152,0.7625,4.3649968769646617e-07
L14-KV0,L14-KV0 (spiky_readout_score=1.12),153,0.7675,4.770732004999445e-07
L14-KV0,L14-KV0 (spiky_readout_score=1.12),154,0.7725,4.7487544309530806e-07
L14-KV0,L14-KV0 (spiky_readout_score=1.12),155,0.7775,4.953207033102964e-07
L14-KV0,L14-KV0 (spiky_readout_score=1.12),156,0.7825,5.112085627193405e-07
L14-KV0,L14-KV0 (spiky_readout_score=1.12),157,0.7875,5.788523834228596e-07
L14-KV0,L14-KV0 (spiky_readout_score=1.12),158,0.7925,5.404294276851423e-07
L14-KV0,L14-KV0 (spiky_readout_score=1.12),159,0.7975,7.646595138664582e-07
L14-KV0,L14-KV0 (spiky_readout_score=1.12),160,0.8025,1.7837816354163545e-06
L14-KV0,L14-KV0 (spiky_readout_score=1.12),161,0.8075,7.232467140738663e-07
L14-KV0,L14-KV0 (spiky_readout_score=1.12),162,0.8125,5.208811383486786e-07
L14-KV0,L14-KV0 (spiky_readout_score=1.12),163,0.8175,4.19504567210944e-07
L14-KV0,L14-KV0 (spiky_readout_score=1.12),164,0.8225,5.597786533988775e-07
L14-KV0,L14-KV0 (spiky_readout_score=1.12),165,0.8275,3.9889433115344476e-07
L14-KV0,L14-KV0 (spiky_readout_score=1.12),166,0.8325,4.60395790063168e-07
L14-KV0,L14-KV0 (spiky_readout_score=1.12),167,0.8374999999999999,3.136663540967025e-07
L14-KV0,L14-KV0 (spiky_readout_score=1.12),168,0.8424999999999999,4.0445988653508333e-07
L14-KV0,L14-KV0 (spiky_readout_score=1.12),169,0.8474999999999999,3.3237745153006213e-07
L14-KV0,L14-KV0 (spiky_readout_score=1.12),170,0.8524999999999999,3.876737285476598e-07
L14-KV0,L14-KV0 (spiky_readout_score=1.12),171,0.8574999999999999,5.297343912096559e-07
L14-KV0,L14-KV0 (spiky_readout_score=1.12),172,0.8624999999999999,5.719677115426489e-07
L14-KV0,L14-KV0 (spiky_readout_score=1.12),173,0.8674999999999999,7.017842500139133e-07
L14-KV0,L14-KV0 (spiky_readout_score=1.12),174,0.8724999999999999,1.1020089689038417e-06
L14-KV0,L14-KV0 (spiky_readout_score=1.12),175,0.8775,8.225844802771982e-07
L14-KV0,L14-KV0 (spiky_readout_score=1.12),176,0.8825,8.345594884368828e-07
L14-KV0,L14-KV0 (spiky_readout_score=1.12),177,0.8875,5.428224361431993e-07
L14-KV0,L14-KV0 (spiky_readout_score=1.12),178,0.8925,8.034092908409158e-07
L14-KV0,L14-KV0 (spiky_readout_score=1.12),179,0.8975,6.416618104156311e-07
L14-KV0,L14-KV0 (spiky_readout_score=1.12),180,0.9025,2.305220468607721e-06
L14-KV0,L14-KV0 (spiky_readout_score=1.12),181,0.9075,8.827058642119872e-07
L14-KV0,L14-KV0 (spiky_readout_score=1.12),182,0.9125,7.06575446786571e-07
L14-KV0,L14-KV0 (spiky_readout_score=1.12),183,0.9175,3.887083366294064e-07
L14-KV0,L14-KV0 (spiky_readout_score=1.12),184,0.9225,7.10047599129991e-07
L14-KV0,L14-KV0 (spiky_readout_score=1.12),185,0.9275,3.2780750253940436e-07
L14-KV0,L14-KV0 (spiky_readout_score=1.12),186,0.9325,5.651719600255742e-07
L14-KV0,L14-KV0 (spiky_readout_score=1.12),187,0.9375,3.2276091336111025e-07
L14-KV0,L14-KV0 (spiky_readout_score=1.12),188,0.9425,5.4968612265124e-07
L14-KV0,L14-KV0 (spiky_readout_score=1.12),189,0.9475,2.5304139126904245e-07
L14-KV0,L14-KV0 (spiky_readout_score=1.12),190,0.9525,5.433597099876611e-07
L14-KV0,L14-KV0 (spiky_readout_score=1.12),191,0.9575,2.6297929675170704e-07
L14-KV0,L14-KV0 (spiky_readout_score=1.12),192,0.9624999999999999,4.6558006618267556e-07
L14-KV0,L14-KV0 (spiky_readout_score=1.12),193,0.9674999999999999,4.289032793686991e-07
L14-KV0,L14-KV0 (spiky_readout_score=1.12),194,0.9724999999999999,5.483013296725403e-07
L14-KV0,L14-KV0 (spiky_readout_score=1.12),195,0.9774999999999999,4.7029959050957716e-07
L14-KV0,L14-KV0 (spiky_readout_score=1.12),196,0.9824999999999999,8.113597057704933e-07
L14-KV0,L14-KV0 (spiky_readout_score=1.12),197,0.9874999999999999,6.772886637561117e-07
L14-KV0,L14-KV0 (spiky_readout_score=1.12),198,0.9924999999999999,1.0188375938469107e-06
L14-KV0,L14-KV0 (spiky_readout_score=1.12),199,0.9975,9.37305849950982e-07
L16-KV1,L16-KV1 (spiky_readout_score=1.01),0,0.0025,0.0008510118459525984
L16-KV1,L16-KV1 (spiky_readout_score=1.01),1,0.0075,7.14762861662166e-05
L16-KV1,L16-KV1 (spiky_readout_score=1.01),2,0.0125,3.8530994978762987e-07
L16-KV1,L16-KV1 (spiky_readout_score=1.01),3,0.017499999999999998,3.3824839817953034e-07
L16-KV1,L16-KV1 (spiky_readout_score=1.01),4,0.0225,8.477468124315887e-07
L16-KV1,L16-KV1 (spiky_readout_score=1.01),5,0.0275,3.770743925356003e-07
L16-KV1,L16-KV1 (spiky_readout_score=1.01),6,0.0325,2.680898682732342e-07
L16-KV1,L16-KV1 (spiky_readout_score=1.01),7,0.037500000000000006,1.5750101210544797e-07
L16-KV1,L16-KV1 (spiky_readout_score=1.01),8,0.0425,2.3076757673022386e-07
L16-KV1,L16-KV1 (spiky_readout_score=1.01),9,0.0475,1.282354748103184e-07
L16-KV1,L16-KV1 (spiky_readout_score=1.01),10,0.052500000000000005,1.624198720914397e-07
L16-KV1,L16-KV1 (spiky_readout_score=1.01),11,0.0575,1.2240117897022174e-07
L16-KV1,L16-KV1 (spiky_readout_score=1.01),12,0.0625,1.5788334398588892e-07
L16-KV1,L16-KV1 (spiky_readout_score=1.01),13,0.0675,1.6617107588347479e-07
L16-KV1,L16-KV1 (spiky_readout_score=1.01),14,0.07250000000000001,1.5478703576020182e-07
L16-KV1,L16-KV1 (spiky_readout_score=1.01),15,0.0775,2.1407617773710236e-07
L16-KV1,L16-KV1 (spiky_readout_score=1.01),16,0.0825,2.3473250061150403e-07
L16-KV1,L16-KV1 (spiky_readout_score=1.01),17,0.08750000000000001,6.992120589188744e-07
L16-KV1,L16-KV1 (spiky_readout_score=1.01),18,0.0925,6.392260049535383e-07
L16-KV1,L16-KV1 (spiky_readout_score=1.01),19,0.0975,5.817957559526934e-07
L16-KV1,L16-KV1 (spiky_readout_score=1.01),20,0.10250000000000001,3.7471325750207794e-07
L16-KV1,L16-KV1 (spiky_readout_score=1.01),21,0.1075,4.22365487346659e-07
L16-KV1,L16-KV1 (spiky_readout_score=1.01),22,0.1125,3.9968842559444185e-07
L16-KV1,L16-KV1 (spiky_readout_score=1.01),23,0.11750000000000001,1.029037950469761e-06
L16-KV1,L16-KV1 (spiky_readout_score=1.01),24,0.1225,4.545408773180627e-07
L16-KV1,L16-KV1 (spiky_readout_score=1.01),25,0.1275,4.141996916879569e-07
L16-KV1,L16-KV1 (spiky_readout_score=1.01),26,0.1325,2.0064632419039947e-07
L16-KV1,L16-KV1 (spiky_readout_score=1.01),27,0.1375,2.639531864190303e-07
L16-KV1,L16-KV1 (spiky_readout_score=1.01),28,0.14250000000000002,1.9778010239081466e-07
L16-KV1,L16-KV1 (spiky_readout_score=1.01),29,0.1475,4.2094082226234217e-07
L16-KV1,L16-KV1 (spiky_readout_score=1.01),30,0.1525,1.70495483635997e-07
L16-KV1,L16-KV1 (spiky_readout_score=1.01),31,0.1575,2.1445706569319816e-07
L16-KV1,L16-KV1 (spiky_readout_score=1.01),32,0.1625,1.5525532757822346e-07
L16-KV1,L16-KV1 (spiky_readout_score=1.01),33,0.1675,1.6739357278083844e-07
L16-KV1,L16-KV1 (spiky_readout_score=1.01),34,0.17250000000000001,1.430216331397917e-07
L16-KV1,L16-KV1 (spiky_readout_score=1.01),35,0.17750000000000002,2.0094891591985027e-07
L16-KV1,L16-KV1 (spiky_readout_score=1.01),36,0.1825,1.9560233864370146e-07
L16-KV1,L16-KV1 (spiky_readout_score=1.01),37,0.1875,2.7594788422545336e-07
L16-KV1,L16-KV1 (spiky_readout_score=1.01),38,0.1925,4.7119822152045086e-07
L16-KV1,L16-KV1 (spiky_readout_score=1.01),39,0.1975,4.4924576972757026e-07
L16-KV1,L16-KV1 (spiky_readout_score=1.01),40,0.2025,0.00044489455658184137
L16-KV1,L16-KV1 (spiky_readout_score=1.01),41,0.20750000000000002,5.023822231870716e-07
L16-KV1,L16-KV1 (spiky_readout_score=1.01),42,0.2125,8.810342921248906e-07
L16-KV1,L16-KV1 (spiky_readout_score=1.01),43,0.2175,0.0010350043999299682
L16-KV1,L16-KV1 (spiky_readout_score=1.01),44,0.2225,5.518939017536338e-07
L16-KV1,L16-KV1 (spiky_readout_score=1.01),45,0.2275,3.4640585714181983e-07
L16-KV1,L16-KV1 (spiky_readout_score=1.01),46,0.2325,3.7259653039102757e-07
L16-KV1,L16-KV1 (spiky_readout_score=1.01),47,0.23750000000000002,2.4136552769147913e-07
L16-KV1,L16-KV1 (spiky_readout_score=1.01),48,0.2425,2.706446287399038e-07
L16-KV1,L16-KV1 (spiky_readout_score=1.01),49,0.2475,2.1833220184167397e-07
L16-KV1,L16-KV1 (spiky_readout_score=1.01),50,0.2525,1.7721071492766377e-07
L16-KV1,L16-KV1 (spiky_readout_score=1.01),51,0.2575,2.3638798499600204e-07
L16-KV1,L16-KV1 (spiky_readout_score=1.01),52,0.2625,3.8746722148224375e-07
L16-KV1,L16-KV1 (spiky_readout_score=1.01),53,0.2675,4.274058957167069e-05
L16-KV1,L16-KV1 (spiky_readout_score=1.01),54,0.2725,0.00022759278394650955
L16-KV1,L16-KV1 (spiky_readout_score=1.01),55,0.2775,2.9069720751197436e-07
L16-KV1,L16-KV1 (spiky_readout_score=1.01),56,0.28250000000000003,8.593532356826472e-07
L16-KV1,L16-KV1 (spiky_readout_score=1.01),57,0.28750000000000003,3.3122147767374243e-07
L16-KV1,L16-KV1 (spiky_readout_score=1.01),58,0.2925,6.643188429831883e-07
L16-KV1,L16-KV1 (spiky_readout_score=1.01),59,0.2975,6.933455430108941e-07
L16-KV1,L16-KV1 (spiky_readout_score=1.01),60,0.3025,7.030243044222775e-07
L16-KV1,L16-KV1 (spiky_readout_score=1.01),61,0.3075,7.236349931970056e-07
L16-KV1,L16-KV1 (spiky_readout_score=1.01),62,0.3125,6.271007139600573e-07
L16-KV1,L16-KV1 (spiky_readout_score=1.01),63,0.3175,9.01335857252304e-07
L16-KV1,L16-KV1 (spiky_readout_score=1.01),64,0.3225,2.6424852096949637e-07
L16-KV1,L16-KV1 (spiky_readout_score=1.01),65,0.3275,2.894159203086539e-07
L16-KV1,L16-KV1 (spiky_readout_score=1.01),66,0.3325,1.8239469160416126e-07
L16-KV1,L16-KV1 (spiky_readout_score=1.01),67,0.3375,2.2808072890662906e-07
L16-KV1,L16-KV1 (spiky_readout_score=1.01),68,0.3425,2.3915047060134906e-07
L16-KV1,L16-KV1 (spiky_readout_score=1.01),69,0.34750000000000003,2.3660511315272613e-07
L16-KV1,L16-KV1 (spiky_readout_score=1.01),70,0.35250000000000004,1.8060094169365065e-07
L16-KV1,L16-KV1 (spiky_readout_score=1.01),71,0.3575,3.4960133683219805e-07
L16-KV1,L16-KV1 (spiky_readout_score=1.01),72,0.3625,2.9487622350237483e-07
L16-KV1,L16-KV1 (spiky_readout_score=1.01),73,0.3675,3.2241466081066914e-07
L16-KV1,L16-KV1 (spiky_readout_score=1.01),74,0.3725,4.1225997193805597e-07
L16-KV1,L16-KV1 (spiky_readout_score=1.01),75,0.3775,2.8753332819470803e-07
L16-KV1,L16-KV1 (spiky_readout_score=1.01),76,0.3825,5.223740667962115e-07
L16-KV1,L16-KV1 (spiky_readout_score=1.01),77,0.3875,4.102011611653974e-07
L16-KV1,L16-KV1 (spiky_readout_score=1.01),78,0.3925,6.283190267757683e-07
L16-KV1,L16-KV1 (spiky_readout_score=1.01),79,0.3975,3.059458464349518e-07
L16-KV1,L16-KV1 (spiky_readout_score=1.01),80,0.4025,9.697374271208252e-07
L16-KV1,L16-KV1 (spiky_readout_score=1.01),81,0.40750000000000003,5.579072452275926e-07
L16-KV1,L16-KV1 (spiky_readout_score=1.01),82,0.41250000000000003,1.1479678424361088e-06
L16-KV1,L16-KV1 (spiky_readout_score=1.01),83,0.41750000000000004,3.785041968740188e-07
L16-KV1,L16-KV1 (spiky_readout_score=1.01),84,0.4225,3.595234373067667e-07
L16-KV1,L16-KV1 (spiky_readout_score=1.01),85,0.4275,2.8304811751565596e-07
L16-KV1,L16-KV1 (spiky_readout_score=1.01),86,0.4325,4.806866716730188e-07
L16-KV1,L16-KV1 (spiky_readout_score=1.01),87,0.4375,2.706363991324322e-07
L16-KV1,L16-KV1 (spiky_readout_score=1.01),88,0.4425,2.8424779279540804e-07
L16-KV1,L16-KV1 (spiky_readout_score=1.01),89,0.4475,1.6683935249212872e-07
L16-KV1,L16-KV1 (spiky_readout_score=1.01),90,0.4525,2.7029343182708286e-07
L16-KV1,L16-KV1 (spiky_readout_score=1.01),91,0.4575,1.978196618576281e-07
L16-KV1,L16-KV1 (spiky_readout_score=1.01),92,0.4625,2.3677000677529187e-07
L16-KV1,L16-KV1 (spiky_readout_score=1.01),93,0.4675,2.068260757580122e-07
L16-KV1,L16-KV1 (spiky_readout_score=1.01),94,0.47250000000000003,2.732067869715138e-07
L16-KV1,L16-KV1 (spiky_readout_score=1.01),95,0.47750000000000004,2.0134771513572298e-07
L16-KV1,L16-KV1 (spiky_readout_score=1.01),96,0.4825,4.012411370776395e-07
L16-KV1,L16-KV1 (spiky_readout_score=1.01),97,0.4875,1.9669594917916454e-07
L16-KV1,L16-KV1 (spiky_readout_score=1.01),98,0.4925,4.0693243213192023e-07
L16-KV1,L16-KV1 (spiky_readout_score=1.01),99,0.4975,3.527911758283153e-07
L16-KV1,L16-KV1 (spiky_readout_score=1.01),100,0.5025,1.0628420718766002e-06
L16-KV1,L16-KV1 (spiky_readout_score=1.01),101,0.5075,5.154531734774537e-07
L16-KV1,L16-KV1 (spiky_readout_score=1.01),102,0.5125,1.0938616940490777e-06
L16-KV1,L16-KV1 (spiky_readout_score=1.01),103,0.5175,2.6521782306839927e-07
L16-KV1,L16-KV1 (spiky_readout_score=1.01),104,0.5225,2.4761514489617706e-07
L16-KV1,L16-KV1 (spiky_readout_score=1.01),105,0.5275,2.2289026802013723e-07
L16-KV1,L16-KV1 (spiky_readout_score=1.01),106,0.5325,2.7304119194176177e-07
L16-KV1,L16-KV1 (spiky_readout_score=1.01),107,0.5375,1.9910325274200398e-07
L16-KV1,L16-KV1 (spiky_readout_score=1.01),108,0.5425,1.771818410085351e-07
L16-KV1,L16-KV1 (spiky_readout_score=1.01),109,0.5475,1.506295613954275e-07
L16-KV1,L16-KV1 (spiky_readout_score=1.01),110,0.5525,1.5839806571144826e-07
L16-KV1,L16-KV1 (spiky_readout_score=1.01),111,0.5575,2.0071758452136885e-07
L16-KV1,L16-KV1 (spiky_readout_score=1.01),112,0.5625,2.4213100045601876e-07
L16-KV1,L16-KV1 (spiky_readout_score=1.01),113,0.5675,1.98834256488161e-07
L16-KV1,L16-KV1 (spiky_readout_score=1.01),114,0.5725,2.586962760834207e-07
L16-KV1,L16-KV1 (spiky_readout_score=1.01),115,0.5775,2.123990217991637e-07
L16-KV1,L16-KV1 (spiky_readout_score=1.01),116,0.5824999999999999,2.0289650645314135e-07
L16-KV1,L16-KV1 (spiky_readout_score=1.01),117,0.5874999999999999,2.2363884763113413e-07
L16-KV1,L16-KV1 (spiky_readout_score=1.01),118,0.5924999999999999,3.9464154001832087e-07
L16-KV1,L16-KV1 (spiky_readout_score=1.01),119,0.5974999999999999,2.7156337775327953e-07
L16-KV1,L16-KV1 (spiky_readout_score=1.01),120,0.6024999999999999,5.534318968817129e-07
L16-KV1,L16-KV1 (spiky_readout_score=1.01),121,0.6074999999999999,9.232531559583939e-07
L16-KV1,L16-KV1 (spiky_readout_score=1.01),122,0.6124999999999999,3.582172455805578e-07
L16-KV1,L16-KV1 (spiky_readout_score=1.01),123,0.6174999999999999,2.498330096451744e-07
L16-KV1,L16-KV1 (spiky_readout_score=1.01),124,0.6224999999999999,3.118822005733689e-07
L16-KV1,L16-KV1 (spiky_readout_score=1.01),125,0.6275,1.7524034540932526e-07
L16-KV1,L16-KV1 (spiky_readout_score=1.01),126,0.6325,2.782585011930548e-07
L16-KV1,L16-KV1 (spiky_readout_score=1.01),127,0.6375,4.750761166048635e-07
L16-KV1,L16-KV1 (spiky_readout_score=1.01),128,0.6425,2.511443639718891e-07
L16-KV1,L16-KV1 (spiky_readout_score=1.01),129,0.6475,1.7266871513551711e-07
L16-KV1,L16-KV1 (spiky_readout_score=1.01),130,0.6525,3.9813071747322025e-07
L16-KV1,L16-KV1 (spiky_readout_score=1.01),131,0.6575,2.1987652892058967e-07
L16-KV1,L16-KV1 (spiky_readout_score=1.01),132,0.6625,2.572111950728738e-07
L16-KV1,L16-KV1 (spiky_readout_score=1.01),133,0.6675,2.3366754017420783e-07
L16-KV1,L16-KV1 (spiky_readout_score=1.01),134,0.6725,2.701504188605343e-07
L16-KV1,L16-KV1 (spiky_readout_score=1.01),135,0.6775,1.7744278681318194e-07
L16-KV1,L16-KV1 (spiky_readout_score=1.01),136,0.6825,4.085490762203595e-07
L16-KV1,L16-KV1 (spiky_readout_score=1.01),137,0.6875,3.563673374173959e-07
L16-KV1,L16-KV1 (spiky_readout_score=1.01),138,0.6925,3.354231645451884e-07
L16-KV1,L16-KV1 (spiky_readout_score=1.01),139,0.6975,3.2687328501067115e-07
L16-KV1,L16-KV1 (spiky_readout_score=1.01),140,0.7025,1.110780161184266e-06
L16-KV1,L16-KV1 (spiky_readout_score=1.01),141,0.7074999999999999,1.1922209556100176e-06
L16-KV1,L16-KV1 (spiky_readout_score=1.01),142,0.7124999999999999,4.885857306037776e-07
L16-KV1,L16-KV1 (spiky_readout_score=1.01),143,0.7174999999999999,3.551849699436259e-07
L16-KV1,L16-KV1 (spiky_readout_score=1.01),144,0.7224999999999999,3.390655233407155e-07
L16-KV1,L16-KV1 (spiky_readout_score=1.01),145,0.7274999999999999,1.9876741268782488e-07
L16-KV1,L16-KV1 (spiky_readout_score=1.01),146,0.7324999999999999,4.474779657925865e-07
L16-KV1,L16-KV1 (spiky_readout_score=1.01),147,0.7374999999999999,2.4563268803084224e-07
L16-KV1,L16-KV1 (spiky_readout_score=1.01),148,0.7424999999999999,2.4422531324270427e-07
L16-KV1,L16-KV1 (spiky_readout_score=1.01),149,0.7474999999999999,2.4969383919223477e-07
L16-KV1,L16-KV1 (spiky_readout_score=1.01),150,0.7525,3.733971567498884e-07
L16-KV1,L16-KV1 (spiky_readout_score=1.01),151,0.7575,3.8338666235355437e-07
L16-KV1,L16-KV1 (spiky_readout_score=1.01),152,0.7625,3.062098435131182e-07
L16-KV1,L16-KV1 (spiky_readout_score=1.01),153,0.7675,2.461572482356392e-07
L16-KV1,L16-KV1 (spiky_readout_score=1.01),154,0.7725,2.9900046578339765e-07
L16-KV1,L16-KV1 (spiky_readout_score=1.01),155,0.7775,2.0499310490354867e-07
L16-KV1,L16-KV1 (spiky_readout_score=1.01),156,0.7825,4.4731990353089455e-07
L16-KV1,L16-KV1 (spiky_readout_score=1.01),157,0.7875,2.3630073339323383e-07
L16-KV1,L16-KV1 (spiky_readout_score=1.01),158,0.7925,5.501616686030632e-07
L16-KV1,L16-KV1 (spiky_readout_score=1.01),159,0.7975,4.0437813351802886e-07
L16-KV1,L16-KV1 (spiky_readout_score=1.01),160,0.8025,1.122093179008386e-06
L16-KV1,L16-KV1 (spiky_readout_score=1.01),161,0.8075,5.008156124729015e-07
L16-KV1,L16-KV1 (spiky_readout_score=1.01),162,0.8125,4.175843031362092e-07
L16-KV1,L16-KV1 (spiky_readout_score=1.01),163,0.8175,1.77535936935718e-07
L16-KV1,L16-KV1 (spiky_readout_score=1.01),164,0.8225,2.837582212375115e-07
L16-KV1,L16-KV1 (spiky_readout_score=1.01),165,0.8275,2.1928059571304663e-07
L16-KV1,L16-KV1 (spiky_readout_score=1.01),166,0.8325,1.7434134440869847e-07
L16-KV1,L16-KV1 (spiky_readout_score=1.01),167,0.8374999999999999,1.5937623183097977e-07
L16-KV1,L16-KV1 (spiky_readout_score=1.01),168,0.8424999999999999,2.4167760770410496e-07
L16-KV1,L16-KV1 (spiky_readout_score=1.01),169,0.8474999999999999,1.623726991592126e-07
L16-KV1,L16-KV1 (spiky_readout_score=1.01),170,0.8524999999999999,2.0860875693529124e-07
L16-KV1,L16-KV1 (spiky_readout_score=1.01),171,0.8574999999999999,2.225400181592769e-07
L16-KV1,L16-KV1 (spiky_readout_score=1.01),172,0.8624999999999999,2.5473674826668814e-07
L16-KV1,L16-KV1 (spiky_readout_score=1.01),173,0.8674999999999999,3.5242062068618907e-07
L16-KV1,L16-KV1 (spiky_readout_score=1.01),174,0.8724999999999999,6.72844909185447e-07
L16-KV1,L16-KV1 (spiky_readout_score=1.01),175,0.8775,5.215357816723554e-07
L16-KV1,L16-KV1 (spiky_readout_score=1.01),176,0.8825,6.166589819096251e-07
L16-KV1,L16-KV1 (spiky_readout_score=1.01),177,0.8875,1.8489865283299878e-07
L16-KV1,L16-KV1 (spiky_readout_score=1.01),178,0.8925,6.370511117990776e-07
L16-KV1,L16-KV1 (spiky_readout_score=1.01),179,0.8975,4.337168308308849e-07
L16-KV1,L16-KV1 (spiky_readout_score=1.01),180,0.9025,1.4065381809099823e-06
L16-KV1,L16-KV1 (spiky_readout_score=1.01),181,0.9075,2.5797449002392827e-07
L16-KV1,L16-KV1 (spiky_readout_score=1.01),182,0.9125,3.615057530786154e-07
L16-KV1,L16-KV1 (spiky_readout_score=1.01),183,0.9175,1.5752867734063004e-07
L16-KV1,L16-KV1 (spiky_readout_score=1.01),184,0.9225,2.0226627839292632e-07
L16-KV1,L16-KV1 (spiky_readout_score=1.01),185,0.9275,1.2544282666583838e-07
L16-KV1,L16-KV1 (spiky_readout_score=1.01),186,0.9325,2.825043107382693e-07
L16-KV1,L16-KV1 (spiky_readout_score=1.01),187,0.9375,1.1413740505109412e-07
L16-KV1,L16-KV1 (spiky_readout_score=1.01),188,0.9425,2.2820154908588718e-07
L16-KV1,L16-KV1 (spiky_readout_score=1.01),189,0.9475,9.429484164919749e-08
L16-KV1,L16-KV1 (spiky_readout_score=1.01),190,0.9525,1.7722092390418505e-07
L16-KV1,L16-KV1 (spiky_readout_score=1.01),191,0.9575,9.742911036677729e-08
L16-KV1,L16-KV1 (spiky_readout_score=1.01),192,0.9624999999999999,1.6376031146998165e-07
L16-KV1,L16-KV1 (spiky_readout_score=1.01),193,0.9674999999999999,1.471192874191729e-07
L16-KV1,L16-KV1 (spiky_readout_score=1.01),194,0.9724999999999999,1.619620937682547e-07
L16-KV1,L16-KV1 (spiky_readout_score=1.01),195,0.9774999999999999,1.6808923370652857e-07
L16-KV1,L16-KV1 (spiky_readout_score=1.01),196,0.9824999999999999,2.2774433716676867e-07
L16-KV1,L16-KV1 (spiky_readout_score=1.01),197,0.9874999999999999,1.8716449850281996e-07
L16-KV1,L16-KV1 (spiky_readout_score=1.01),198,0.9924999999999999,3.2228573080114333e-07
L16-KV1,L16-KV1 (spiky_readout_score=1.01),199,0.9975,3.3431870097696705e-07
