layer,kv_head,readout_shape_score,readout_shape_score_median,peak_readout_shape_score,spiky_readout_score,internal_readout_share,memory_readout_share,current_readout_share,current_core_readout_share,clean_internal_readout_share,internal_topk_concentration,internal_top1_concentration,internal_top4_concentration,internal_top8_concentration,internal_peakiness,internal_peak_to_median,internal_log_peak_to_median,previous_boundary_ratio,current_start_boundary_ratio,transition_boundary_ratio,boundary_ratio,boundary_suppression,num_observations
0,0,0.00701315297068854,0.007710031375908219,0.0009016867694549465,0.002641627662621197,0.06196629528399013,0.5319246687964454,0.46807530161026123,0.4554127617545884,0.15868093411178336,0.2476039828793791,0.043265208907104724,0.1171743010217387,0.17325077520152027,0.14232152700424194,546.4112319801902,6.183340293351657,0.8410036511903997,0.026800553886279017,0.48262089453339824,0.48262089453339824,0.5173791054666017,4
0,1,0.002267569412705647,0.002336709793526999,0.00023817272607877505,0.0006698143197184066,0.03174001867967373,0.4154358527445826,0.5845641787945348,0.5655915061044909,0.07833716755060527,0.16965592688369116,0.026415009623752102,0.07685861063109127,0.11593680984287144,0.09539219737052917,286.3456531687492,5.010679065879567,0.7468524214802044,0.0311512393763437,0.40266854924431345,0.40266854924431345,0.5973314507556866,4
0,2,0.017411202633793536,0.021129807819737938,0.0030006426888068987,0.008422211286017535,0.11642293069265754,0.3708410073179378,0.6291589886649138,0.611285210180438,0.17743060356086104,0.22343440980659227,0.040780061825709236,0.09144632613585874,0.1265808238052817,0.1518411934375763,804.1793877421958,6.225048162838042,0.5958668487993528,0.028445204991048818,0.2722918611691021,0.2722918611691021,0.7277081388308979,4
0,3,0.0017631723374053156,0.001287626038795721,7.490193800817487e-05,0.0001058235494736928,0.049614715112494004,0.36485036850965713,0.6351496439345634,0.6297781548298916,0.11818372214907255,0.06790599929860186,0.007395960971085747,0.024316186046993687,0.037670090388318145,0.2871496230363846,59.47005647505593,3.205047657798236,0.8683348165271135,0.008332044134912063,0.3206071667359148,0.3206071667359148,0.6793928332640853,4
1,0,0.011702127684963905,0.011571622991636632,0.0024592306851007164,0.010501357967940828,0.07544117072222549,0.5171356687544151,0.4828643152150833,0.47154013370577463,0.16944073937661855,0.3151533802588747,0.06499080177335238,0.1808681376296397,0.23298207636127496,0.18679268658161163,978.1912498547437,6.537195069254363,0.776616036437438,0.02345645053350042,0.4530186749222149,0.4530186749222149,0.5469813250777851,4
1,1,0.009264805487863265,0.009724302522903232,0.0011945094576975028,0.003008826578767387,0.16696286628517493,0.6414611811489509,0.358538836245458,0.34762745292296915,0.25957983076633556,0.26353955669563717,0.03323113842328019,0.1052459429269397,0.16083132979454007,0.15290120244026184,510.5183273628946,5.562599933401365,0.6973223264540033,0.0289728479987513,0.48540967097665666,0.48540967097665666,0.5145903290233433,4
1,2,0.007327849163719222,0.007433844956441947,0.000915220487399689,0.0023223211050389667,0.05997971767666828,0.40747911506795903,0.5925208789381243,0.5767685694298786,0.12548875587011155,0.19848169047278622,0.02534328554094936,0.08010035739404524,0.12347204793067607,0.12447959184646606,332.0337095222701,5.707604071174759,0.7297007040178279,0.025278639497944927,0.36325170304090665,0.36325170304090665,0.6367482969590934,4
1,3,0.006510531291578191,0.0057896934707522656,0.0012850388003300653,0.0037908432798124453,0.0484674901535999,0.4796005933037571,0.520399437325672,0.5082078221526778,0.1434618419129883,0.268730690712316,0.03674635522378473,0.10079893785569827,0.1466196420782121,0.17759057879447937,719.1587561516855,6.287031228276369,0.7136950439738031,0.022974523359617492,0.4433247317207794,0.4433247317207794,0.5566752682792206,4
2,0,0.010699347296295089,0.011471935522176081,0.0029274974351990307,0.014384273677917024,0.060247421985210756,0.5834401982310177,0.4165598202614256,0.4108370327404437,0.15898702056290115,0.4369031490883558,0.09564514363211515,0.26080335976186186,0.3279396953959341,0.2661724090576172,2233.665445408542,7.349382218706068,0.6863777923046541,0.013859140687418676,0.52891555196094,0.52891555196094,0.47108444803906,4
2,1,0.009994626200086721,0.010059340646955245,0.0022322098273518157,0.007993715889602298,0.052865144973214644,0.4183015312351401,0.5816984273274008,0.5620118538418094,0.11206078657017145,0.3786271055117497,0.060580955017023035,0.1729348322264584,0.24417211275247244,0.23447240889072418,1435.5494345386492,7.1088655045297156,0.677192950792234,0.03349742709235703,0.3851230026149743,0.3851230026149743,0.6148769973850257,4
2,2,0.010765010767060735,0.009764162973522934,0.0026615491711617016,0.007393503196182929,0.05723599106845953,0.46975765231190153,0.5302423697220111,0.5183496127023037,0.12520861690927448,0.35915012673858104,0.043460838828469794,0.13322291852845056,0.2131130004158861,0.23535531759262085,1173.130745303327,7.012811002532491,0.68746751271177,0.022496101343987225,0.4244144253748307,0.4244144253748307,0.5755855746251692,4
2,3,0.006170455674149683,0.0053801762531319455,0.001156082546764749,0.0037704688833081024,0.041726652963081076,0.4588845253955574,0.5411154795974268,0.5316579524236905,0.10037486938151334,0.31498491530876715,0.04943141984349893,0.14134145269547166,0.19968175114311237,0.1945113241672516,853.0919089093059,6.744298805000559,0.7401879921257045,0.017702715685945964,0.42661538598409304,0.42661538598409304,0.573384614015907,4
3,0,0.008970556573186446,0.005656168082662745,0.0030889442965903336,0.014930784823045048,0.03942384475744341,0.5257462626664855,0.4742537556040263,0.45742553064609776,0.12124234914145793,0.4517604270635283,0.09816700625586076,0.2443680375939563,0.313707828204917,0.2948642373085022,4963.846206226071,7.761405095722134,0.7356469388553805,0.03554710156550937,0.5031506137522465,0.5031506137522465,0.49684938624775354,4
3,1,0.004510703004470342,0.004971679673543335,0.0008660175678728084,0.0026385932258259567,0.037129005006182235,0.5658812204969322,0.43411873567260073,0.42019745046874163,0.11163111506932248,0.31717139118112064,0.04980819176433381,0.13695350531675288,0.19885059911629474,0.20032212138175964,973.791768575702,6.853058643393397,0.7650586202085892,0.03107532193040978,0.5426734920407202,0.5426734920407202,0.45732650795927976,4
3,2,0.00847877786685347,0.010222845416705002,0.0018043678645079588,0.004944663784241099,0.06844023983081338,0.5759363550748513,0.4240637420182299,0.4054276594243911,0.153130989361501,0.3496729413865413,0.04102389025878021,0.12450171643067151,0.19517421907366,0.23144489526748657,1453.3226211998199,6.8224155373474265,0.7249460415558588,0.042327150772676084,0.5261321875278356,0.5261321875278356,0.47386781247216436,4
3,3,0.009700650124638062,0.00922759363159893,0.0018018826255907388,0.004752178515001886,0.0512023029170265,0.3661197753896551,0.6338802340709556,0.5909444963703467,0.1019078788454623,0.381372822493632,0.060959878269729886,0.16154436941254974,0.2301439006355191,0.25368908047676086,84372.39830733348,8.309716549737706,0.657026071107049,0.06600159711184926,0.3578532104688598,0.3578532104688598,0.6421467895311401,4
4,0,0.00763916791433248,0.008222615475047398,0.0017298360415212877,0.0035837449200756873,0.06619980589468163,0.6480239301336135,0.3519761165488367,0.33444511444896374,0.16971726224640007,0.31372303637944665,0.030538921168433424,0.09613690988607024,0.15824318926172243,0.22906632721424103,1143.2836022841452,6.945536073633606,0.6898725091201289,0.04870486401772912,0.5993551491884452,0.5993551491884452,0.40064485081155476,4
4,1,0.0019952432962517053,0.0014680494244932534,0.00026184571944485414,0.0004989633006169738,0.05703234029706395,0.8786528506231917,0.1213472217124941,0.1193867040590277,0.28870548749658365,0.15751655615098975,0.017325332710385638,0.04893443989264294,0.0745686814553823,0.14025071263313293,350.95219253462034,5.857277910464804,0.6885875686203708,0.017665961286933207,0.8235809911039689,0.8235809911039689,0.17641900889603118,4
4,2,0.004760143230432393,0.004757292941519704,0.0007539293539265953,0.0014236249674906202,0.04208865351285759,0.5689683232756484,0.43103171383435435,0.41979201821962475,0.11394625522962891,0.24177302279193819,0.031109428284207208,0.08636264156165442,0.12402771479464728,0.16199643909931183,578.1676225279058,6.1792839552791525,0.7848326677573005,0.025232403384933395,0.5381193319846321,0.5381193319846321,0.46188066801536787,4
4,3,0.0181550242503921,0.01807750555820673,0.0032796260490306835,0.009494662389637983,0.1107835967057372,0.5564296185932096,0.4435703885559508,0.4259681905887351,0.1948188056829429,0.2750525869658782,0.05039815321731098,0.12172816912838846,0.1610278755691231,0.18854846060276031,1050.439353720487,6.828223169388782,0.6585954131720051,0.040175251726531865,0.46324821600159083,0.46324821600159083,0.5367517839984092,4
5,0,0.009282777763226112,0.010384922111928107,0.0018468779737658876,0.0036335409892204818,0.0744257615442676,0.5000996715013826,0.49990032028845943,0.4848765112311636,0.15227628302366472,0.2384997784087789,0.023715172421980898,0.07225838427287065,0.11075396908453684,0.1972811222076416,801.9407900558552,6.573322624689727,0.6928635551519011,0.028959798008742627,0.4406976992893088,0.4406976992893088,0.5593023007106912,4
5,1,0.00504155696041711,0.004901895312314403,0.001031580013092662,0.0020320268100552895,0.050292414777418866,0.6968592542160443,0.3031407250748681,0.28596776732171475,0.14878107551135572,0.2825939575397718,0.03002479637467794,0.08954376787448406,0.1387661510721559,0.20186585187911987,777.9007247671497,6.635723787162484,0.689873201427045,0.05427759013687704,0.6637398244517517,0.6637398244517517,0.3362601755482483,4
5,2,0.001489371580354391,0.001408857287946138,0.00022307517463339202,0.0004135562961374231,0.03666487869210591,0.8285120147296208,0.17148793632404907,0.16655817420466318,0.1695604755136708,0.21725496775316744,0.023176302471695134,0.06748458298626155,0.10662453653122864,0.1607992947101593,499.75963578183104,6.140210709673379,0.8342221980362611,0.028385070988811753,0.7967769179039663,0.7967769179039663,0.20322308209603374,4
5,3,0.003380859086467967,0.0004970076238481313,0.0006595065582340954,0.0016764819566322698,0.02512090183730551,0.720151189662139,0.27984878484841624,0.2646342558498873,0.11457722471328505,0.2570940701169715,0.029330525812007197,0.08533702051813029,0.13113336911301274,0.19134175777435303,795.3255677302891,6.62699219894073,0.813626237866848,0.04812895878061065,0.7102448231139681,0.7102448231139681,0.2897551768860319,4
6,0,0.0031661540952938653,0.0014247169376435536,0.0010734618442499082,0.006466387686617007,0.011179445167171408,0.326775128763698,0.6732248380698018,0.5862458746339893,0.039767628372626145,0.5886104333568036,0.25459489619393405,0.45738531903256513,0.5076160116680551,0.44950706884264946,665991.3521448185,10.068872712513812,0.7763481531466515,0.11515085331498488,0.4025746620194684,0.4025746620194684,0.5974253379805315,4
6,1,0.005659577987489805,0.006267506535362435,0.0012097874845673493,0.003298559229203293,0.04748181121952844,0.6423255600628491,0.3576744301965111,0.34000755889718676,0.13222160211072634,0.3031626302846752,0.042296783660878495,0.124187945126593,0.16754691321932416,0.2253570705652237,1354.7919888250397,7.132419534515351,0.7359358478852034,0.04593885129133195,0.6125106019882673,0.6125106019882673,0.3874893980117326,4
6,2,0.008354202752890026,0.008918670900986674,0.0020105970537180108,0.011148474396209978,0.03662999739094165,0.3235830695548143,0.6764169075013914,0.6370588654861176,0.07196246353658767,0.3958718495799847,0.1316904381254234,0.2860527748881506,0.3233727696193281,0.25971515476703644,2728.97611309579,7.607012145365188,0.6434730733645951,0.05789066193253562,0.3263111483982831,0.3263111483982831,0.6736888516017169,4
6,3,0.012697683291742933,0.013889712640426592,0.002318999713578387,0.00747564766982281,0.08508337114715013,0.5866296484262158,0.41337036320126125,0.38224995827871844,0.17927777794369526,0.2973272984137701,0.06676088171112066,0.14369765208804405,0.18352310054972953,0.18954870104789734,1368.6312681227964,6.943529151384417,0.6389804694617637,0.07716875212900615,0.5326666744216128,0.5326666744216128,0.4673333255783872,4
7,0,0.00039481390254157673,0.00020869187192390618,8.939058642029286e-05,0.000718483384552363,0.0061310103397612566,0.7513467723109069,0.24865323369725495,0.22033893191556317,0.05906092057888888,0.3238478877341796,0.08123776993938303,0.1931796417971158,0.2277661208888608,0.23880621790885925,954263.9649357158,9.358072775220272,0.8567611719054397,0.08152120100817098,0.773530045335972,0.773530045335972,0.22646995466402803,4
7,1,0.002953174744690702,0.002884630390528612,0.0008474339806940196,0.004775936145203999,0.02389882067780718,0.7087520793091057,0.29124788626398196,0.2770073282106218,0.09597369285352596,0.37549347686886686,0.09661628293054354,0.22356614881822184,0.2656891562394177,0.27655185759067535,4989.769024344213,8.11775695227081,0.8131239406888381,0.045417523287769476,0.6990938699090588,0.6990938699090588,0.3009061300909413,4
7,2,0.002562074493678954,0.0029860547101942508,0.00038500093429983404,0.0007686021023928396,0.0387938167910555,0.6960495537554083,0.3039504224127267,0.29525650483553345,0.11826983865250593,0.20817695115508553,0.02320026118524283,0.07372593761384469,0.11034505348631274,0.15178698301315308,422.8040498500725,5.896653372717537,0.7973877054321828,0.02831975659336028,0.6659496866211392,0.6659496866211392,0.3340503133788609,4
7,3,0.00762786476018848,0.006690585549668728,0.0016237227870382403,0.00333905357509238,0.07358409907156788,0.7169592813705119,0.2830407355701205,0.2699319854764969,0.19983962056961208,0.28965434209598545,0.028261236925897718,0.08161331311528096,0.1305628544424521,0.23039405047893524,1091.733676175731,6.942049182081148,0.6757470236402486,0.04564181553390587,0.6564839044119064,0.6564839044119064,0.34351609558809365,4
8,0,0.006557783565192078,0.006332712817829015,0.0013633343782062661,0.003377677295876876,0.0493956506638354,0.4930382225194378,0.5069617735604216,0.4896329143845573,0.09806130330818244,0.25550451086823933,0.03336821321165999,0.08935903675156744,0.13112586191511308,0.21195490658283234,1210.7962892553765,7.030606052658763,0.7135707490632472,0.032235727532472544,0.46097142735955593,0.46097142735955593,0.539028572640444,4
8,1,0.00744835759965824,0.0030544167645078116,0.0017708719779204328,0.004083581339724295,0.05713698812920153,0.6114068993807187,0.38859306126383114,0.3744357614445673,0.12380622148669083,0.28624415283787086,0.052907535546394685,0.11966098518693952,0.15907229518368665,0.2476629912853241,7309.176451542902,8.090977554357645,0.7306231004938119,0.03387888051713098,0.5684272055316049,0.5684272055316049,0.43157279446839514,4
8,2,0.006149956992213698,0.006428918033067934,0.0018797500591947347,0.01465356023978079,0.03237519455553312,0.4781403532526808,0.5218596156821173,0.4579595328988527,0.07594261083628147,0.499707361647859,0.21024392463794742,0.3703785423442485,0.419542003477182,0.374569833278656,9382820.739389716,10.478952822431122,0.721106725958174,0.10918017531461527,0.5096652219101662,0.5096652219101662,0.4903347780898339,4
8,3,0.00216471853759548,0.0007563946367986605,0.000598040533929957,0.002802965444534465,0.03205810569210974,0.8741718333934004,0.12582818179437322,0.1223232357511422,0.17099831785896114,0.3292590950746568,0.0625077960632299,0.1631293532417555,0.21160438131438364,0.26788027584552765,5816.742121554043,8.633462671135504,0.7739564741242405,0.028125859381046447,0.8456186669184331,0.8456186669184331,0.15438133308156693,4
9,0,0.0034514717347363132,0.0030635661422755895,0.0008222125123038504,0.0016997558311355814,0.032020422766994114,0.6192031585000783,0.3807968381269935,0.3663151532701917,0.08600393432989137,0.2852616033516008,0.02719191952809809,0.08018880419727024,0.12816359639805056,0.23464348912239075,1325.7550487725975,7.07433430390194,0.741309037318756,0.03624454947906769,0.6016644325243795,0.6016644325243795,0.3983355674756205,4
9,1,0.00236226051766475,0.001838522595087677,0.0004975995470863118,0.0017081947468402887,0.023690155551486628,0.6644813469496086,0.3355186357337068,0.3269797828912635,0.070469924854505,0.266657261161747,0.04850936757583037,0.11150032291197336,0.1534128928735206,0.20986005663871765,1316.8827538119085,7.081990125603791,0.7806549016149129,0.02467839048499015,0.649330068138229,0.649330068138229,0.3506699318617709,4
9,2,0.006933091949097115,0.006577855666594924,0.0011680770809867564,0.0019747850030705956,0.05549852401116512,0.5007189968164734,0.4992810067878075,0.4917524633776873,0.1018966543517764,0.22842331356067327,0.01992105346224708,0.06587543103454846,0.10689766705008247,0.1703738421201706,440.46073420734484,6.061077327889411,0.726282762459293,0.01448111396078924,0.45274900922681366,0.45274900922681366,0.5472509907731863,4
9,3,0.007713102071744155,0.007904368335287962,0.0025011529596172984,0.008060264035147691,0.043341712622256404,0.6034438864528204,0.3965561444139869,0.386344170153303,0.10651757053336466,0.4177726319347644,0.05330886178563022,0.14683033610237486,0.21958314946373514,0.3267504572868347,9200.184991179927,9.080761123344665,0.7554591979900522,0.02485485232516885,0.5703141502959292,0.5703141502959292,0.42968584970407075,4
10,0,0.010112716470912891,0.005198993499941171,0.0018823000870280457,0.0036820576513650703,0.0703939661700587,0.36760715272166367,0.6323928328795884,0.6006998317623798,0.11097329766566813,0.22672256588067885,0.025002841344285456,0.06970325804237673,0.10465197621984051,0.18445543944835663,688.0259903448259,6.471449841655018,0.6592414672623734,0.047538910651355,0.3289061658088458,0.3289061658088458,0.6710938341911542,4
10,1,0.004632462308020146,0.0038752390931855053,0.001153512709365514,0.004310341108189561,0.03295419504610156,0.6448226442968026,0.3551773977270221,0.3382795260578381,0.09063932080764636,0.33049376066379976,0.06801565780222614,0.15567080982464696,0.2068553754413412,0.24325761198997498,2415.9588759293647,7.7666077224098515,0.7757052197366567,0.041889802903213355,0.6287663276841962,0.6287663276841962,0.37123367231580384,4
10,2,0.0035432467824296184,0.0024130137894469977,0.0009935199371869134,0.0029884292369010516,0.022985795436160517,0.3953430132770918,0.6046569868161701,0.5911622931590499,0.057897031809353884,0.4100498667502121,0.08860441758751449,0.180916949466786,0.2352941936597018,0.32812071591615677,781628.0774793772,9.818423058378475,0.7758671270409482,0.020145361199138758,0.3858518545326436,0.3858518545326436,0.6141481454673564,4
10,3,0.008835942275031573,0.009012739032201825,0.002423647194826817,0.013191232961766572,0.037047395144896,0.49554496378387947,0.5044549778581672,0.4854950042789141,0.0745541965954281,0.34557888321574104,0.11164956000620255,0.21499809907685621,0.2567563340417611,0.23757164180278778,2677.4235438302426,7.744842791047604,0.8227758702379672,0.03595915738378207,0.4774575571908385,0.4774575571908385,0.5225424428091615,4
11,0,0.005772205457796125,0.0063793386498658,0.0011294270159321526,0.003538787167652831,0.035601531474977535,0.23643578376852484,0.7635642114691703,0.7467650871827387,0.052418957867466635,0.25704772841198636,0.053005472210261716,0.11968147282009911,0.15163143399905704,0.21399623155593872,2706.535565476819,7.432524947135468,0.6576493145149206,0.02138859994426957,0.21763338253566633,0.21763338253566633,0.7823666174643337,4
11,1,0.0019422322910192366,0.0016677886162184668,0.0003672060072747925,0.0008198079906633883,0.021628298261449658,0.6040800571907061,0.3959199301500631,0.38040033260320705,0.06428066963075917,0.22323154311437304,0.023971540983453225,0.07726363971353634,0.11138748973685796,0.18487438559532166,643.9555949990046,6.44931117539752,0.8829670867749981,0.03399683393350223,0.5979713281893789,0.5979713281893789,0.4020286718106211,4
11,2,0.006318273131061376,0.004543770149370536,0.0016599802839104031,0.012211310649117093,0.03605149994760261,0.42872139050450825,0.5712785930453507,0.5342764884276526,0.08024628645477848,0.4095885664630691,0.1370409136889609,0.29465136960247745,0.33309857596539594,0.30535589158535004,6717439.904069778,10.102852535711854,0.778257801467735,0.060702154418931197,0.4296719968220637,0.4296719968220637,0.5703280031779363,4
11,3,0.002607215935935043,0.001368695372590658,0.0007128421712092315,0.0018673977596116262,0.025455758389311987,0.7117566601733437,0.28824331609163967,0.27824387583534804,0.08276237598875984,0.25830050847652586,0.02492705829283418,0.07321744396406071,0.11557310080241821,0.24897505342960358,4002.9845385731205,8.146558453428542,0.8464440222036123,0.0333594936673631,0.6963003713758589,0.6963003713758589,0.30369962862414107,4
12,0,0.005582383542834165,0.004346081123147275,0.0008917027788962004,0.0019548087341777626,0.04338168262326884,0.482074986575895,0.5179250038404942,0.5085009438480182,0.07523432281916882,0.2113105617955338,0.020757760228878923,0.06394011477170436,0.10260902838348002,0.17104728519916534,503.0880590044819,6.204683577612585,0.8498331861809595,0.017586322490381823,0.44811736466037666,0.44811736466037666,0.5518826353396233,4
12,1,0.005759360483046283,0.006004321085492699,0.0012489431291740733,0.002339728384187661,0.04084995515526143,0.3243007800896459,0.6756992100130386,0.668320636501312,0.06034544187221648,0.21452254543108068,0.019438955637834366,0.05367160564222608,0.08589519769821348,0.2164756953716278,1800.2993789265706,7.061160482338314,0.7315081760207821,0.010764570333644124,0.29082944422605106,0.29082944422605106,0.7091705557739489,4
12,2,0.0028008564274930995,0.001748411252424234,0.0006608542465473991,0.0010202990552271244,0.0340266833029,0.6635422740354325,0.33645773241554805,0.3277625851356509,0.10230776055729829,0.20891582350330712,0.013805602478834292,0.047153386730084776,0.08086015914783312,0.2092183232307434,766.572311352714,6.54713427019709,0.8225321053340507,0.026466694894564706,0.638210734797214,0.638210734797214,0.361789265202786,4
12,3,0.002765675379721474,0.0027083828622658395,0.0005856529945808597,0.0021074812236639437,0.024136845478039317,0.5438399771077007,0.4561599980382812,0.44181129356373267,0.05879515101457897,0.2468614756322634,0.051531232195568544,0.11333724070091147,0.14425181880203555,0.2088553011417389,1918.4581306669243,7.468290236758593,0.8599829830917564,0.02965334154663637,0.5340518839124629,0.5340518839124629,0.46594811608753706,4
13,0,0.008461316298888518,0.0035391191616976738,0.0025774741331459124,0.006117289788500804,0.04411691811942731,0.6263522095309741,0.3736477946523959,0.3650115551407861,0.09629597810487128,0.30870193150426106,0.027656847941679216,0.07825025223949568,0.13117164630387163,0.2720925360918045,4123.786487648066,8.17321491324463,0.8049557398073324,0.022756976609818777,0.5908715566453867,0.5908715566453867,0.4091284433546133,4
13,1,0.00563898931949511,0.003670901737302619,0.0007743145827257381,0.0012783301108299572,0.05977706428848101,0.5544322037360422,0.4455678230273862,0.43039311530478247,0.11027641910682218,0.17072644172325976,0.026407116725431987,0.06924068666907016,0.09232816796892407,0.14898066222667694,532.2868778968959,6.080342232200793,0.7903901416940855,0.028989722393857796,0.5098298296477899,0.5098298296477899,0.49017017035221017,4
13,2,0.009972182470233506,0.006038760476359628,0.0030891393831900334,0.008596447524924609,0.041139480003352415,0.4455741500186911,0.5544258344672794,0.5424332013485462,0.07918319765609547,0.3690804997476489,0.04347684608631739,0.10690717676714909,0.16321347155743438,0.3171308636665344,6383515.106714164,11.271380810495815,0.7139389488656951,0.020904662348780134,0.41642729688625935,0.41642729688625935,0.5835727031137407,4
13,3,0.018291578233041856,0.018250877734279223,0.005657901039945348,0.013955907795926484,0.06784679651314961,0.4359893217223946,0.5640107070283434,0.5541385691359602,0.1011768374031386,0.3633810235240791,0.03806000858471001,0.10498045341900095,0.16972862215205298,0.3010980188846588,6837.353320337471,8.828002146809865,0.7294789621056997,0.016980838196934953,0.37801465590092076,0.37801465590092076,0.6219853440990792,4
14,0,0.0005335420515093488,0.0005193985356226358,0.00011275881557074249,0.00034197115295722327,0.016560773467453285,0.9058204966504909,0.0941795305313829,0.08795378904815651,0.18481883404572302,0.25378021562996306,0.0441732430864498,0.10175827207816869,0.13736249578719628,0.21646323800086975,2145.419181917454,7.636397021188452,0.7531318734144251,0.0768501677567963,0.8954855030004611,0.8954855030004611,0.10451449699953883,4
14,1,0.004941543817986013,0.0024545660025021053,0.0012344591658759612,0.0035154443511971898,0.04579636572225149,0.7222845998599849,0.27771538891493636,0.2661643458495044,0.1339160927503729,0.30612788023001214,0.037490401823831,0.10819773298201552,0.1572510581380621,0.2664257287979126,5004.648232252047,8.23402669091544,0.8085659053290211,0.04066830414444369,0.6880393005615835,0.6880393005615835,0.3119606994384166,4
14,2,0.008217587140396223,0.0032463217074985857,0.001786857313896589,0.0054729731529420565,0.07601240301364945,0.767617532327444,0.23238249625537677,0.2199379500885471,0.2057670229547259,0.3135001143502381,0.06070317520079813,0.13643910336761822,0.18124110394228427,0.25299860537052155,5082.40107265522,8.308469253972852,0.7644697377431712,0.06095643404378223,0.704049661813068,0.704049661813068,0.29595033818693195,4
14,3,0.012698913508159179,0.012761911508267224,0.004201069274803424,0.008829994972982584,0.057453400501027915,0.4528813865437683,0.5471185964637688,0.5398653275702345,0.10012992712119187,0.3481373556245041,0.026930037104255705,0.08160221427765978,0.13930786167045447,0.30795641243457794,8581.327022621808,8.785167706694896,0.7275109458347353,0.013611008752631324,0.4026812592080478,0.4026812592080478,0.5973187407919522,4
15,0,0.014789626658550695,0.011535629947162195,0.0030790288017620536,0.004845163870091184,0.0797660979923443,0.30588621400636207,0.6941138399616124,0.6816236613195618,0.1040167964022174,0.24165201926465785,0.017272597713391284,0.05601801376303805,0.09571782223375505,0.21715974807739258,901.9441405748357,6.765865946823919,0.600315434487737,0.01745178776865062,0.23861027577318938,0.23861027577318938,0.7613897242268106,4
15,1,0.0036889472269714006,0.0018377951966261248,0.0005682743623598749,0.0020066260429415393,0.029147083326256366,0.34840640388707195,0.6515936131316595,0.6441166362829092,0.059610333230672864,0.30647193574406933,0.11946026148506007,0.18275805930743586,0.2114679025547271,0.26301974803209305,1232512.6713018685,8.715455645604955,0.640368050058123,0.010437211442712467,0.32673631630717304,0.32673631630717304,0.673263683692827,4
15,2,0.0027173064244337603,0.0015710187086664124,0.0004900092589432666,0.0009504682592377379,0.028212447121521756,0.6400154620676342,0.3599845710126236,0.3549981031229043,0.07359570409614753,0.2103867347002527,0.016881410817833564,0.05249512171533907,0.086714285284464,0.19485056400299072,760.6539136063024,6.4967102759506,0.846408057939082,0.012666135944438418,0.616789458653778,0.616789458653778,0.383210541346222,4
15,3,0.006784988346892548,0.0055299391605181025,0.0010718515197937512,0.002891998340556482,0.04821497834119487,0.39676895644781185,0.6032310383189186,0.5917657559977183,0.07295919786490304,0.20177607036649053,0.026961763854453896,0.071131641090258,0.10452123143473163,0.15958644449710846,571.7716751822813,6.227310138546021,0.745241128883509,0.017819138623586455,0.36001925914868477,0.36001925914868477,0.6399807408513152,4
16,0,0.0020761348789331002,0.0016346503630497204,0.0004192057234837174,0.0009297224839597668,0.026774653382611216,0.6766450127802862,0.32335499399906376,0.3114691060493115,0.10702322139024732,0.23541385121733283,0.02007918008410127,0.06647329706993396,0.10253534315770672,0.21889737248420715,1807.7445406300797,7.2696072190422445,0.8176744565265934,0.03657647716113084,0.6617562434765353,0.6617562434765353,0.3382437565234647,4
16,1,9.50848896322796e-05,6.547229559448705e-05,2.1487105626907065e-05,4.791229903893896e-05,0.009270511948140136,0.9675986878257433,0.03240134164356675,0.02620394538329003,0.24716888578909513,0.24453626139999093,0.03287772036255975,0.08781464097959082,0.1236756747853082,0.21324005722999573,1515.588639573851,7.2795760451426155,0.6513671471807204,0.15437911047788416,0.9645255468152232,0.9645255468152232,0.03547445318477682,4
16,2,0.0009963068415970023,0.0005265422160238019,0.0003363478109303225,0.0014742873601846511,0.01795761943563041,0.8740805614206806,0.12591939291348464,0.11910055383871253,0.1312947358018301,0.3691315941424919,0.03521713744818488,0.10223835112651164,0.16321641263175324,0.3273511379957199,62937957.860522196,16.14190604058731,0.8247665100968271,0.04714058904004882,0.8629418056874544,0.8629418056874544,0.1370581943125456,4
16,3,0.003656804034042552,0.0028732682472996773,0.000682830939042361,0.001766075163743996,0.025908972271593503,0.4977282205559276,0.5022718132074749,0.4720413483618791,0.06229847036293664,0.2706739293138398,0.031068722195181833,0.08694697593726206,0.1354216929045757,0.2095348984003067,983.1962318313225,6.879980854309711,0.7530323048035449,0.05949317788246708,0.5020497369550477,0.5020497369550477,0.49795026304495227,4
17,0,0.005850823576702102,0.004619373824026163,0.0018417439816614074,0.005468754227754707,0.02852005783846813,0.4783013271827226,0.521698690258357,0.5097996761959517,0.08302692266494112,0.3879459000638072,0.0405031126842266,0.11781969671737004,0.1853953906015843,0.2970474362373352,10358.994083937218,8.428183113002925,0.8617779724946006,0.02051150155879394,0.46168023752850684,0.46168023752850684,0.5383197624714932,4
17,1,0.0006418197640172081,0.000586853468981181,0.00012619312841189709,0.00022640335606616244,0.02134116448037944,0.878799837591562,0.12120018211855416,0.10834502420887389,0.16717892320323238,0.22222008722586795,0.019915858163584946,0.06262595779259339,0.1032614626006875,0.18919867277145386,659.1292578046082,6.471707717322437,0.7449599934146064,0.08360940247333948,0.8703137956387796,0.8703137956387796,0.12968620436122036,4
17,2,0.0022424858747223508,0.00031369741597529234,0.0005975613961566614,0.0016170318450488,0.029994651432334023,0.8456927083647868,0.15430722255697574,0.12438727294271537,0.1693054189587539,0.25584000791018824,0.03358875274032947,0.08234976694070043,0.12248748802379025,0.2296418845653534,3101.628963347924,7.811204367057305,0.7859980097118248,0.15617944597116717,0.8456179958163567,0.8456179958163567,0.15438200418364334,4
17,3,0.007012841178427292,0.004859544794629806,0.0015855201983526884,0.00253312680047244,0.048301160112747085,0.47651719858471603,0.5234827742088238,0.5034986305842618,0.10139358840297524,0.24921804257353253,0.015964499894045022,0.05534780348849435,0.09751748221950005,0.2278658151626587,1873.8615261732966,7.064961675812004,0.7483274443599426,0.03737202907614894,0.4482001953903188,0.4482001953903188,0.5517998046096811,4
18,0,0.010942411555243114,0.008517369927324837,0.0035690977039597627,0.01649380134259123,0.04330746642836987,0.4602855204141391,0.5397144746519833,0.5098667285654355,0.0990532547034495,0.4291877920836721,0.07203515325230354,0.18186433153670456,0.25139920008568273,0.31648115813732147,11739.208142825764,8.81968680783395,0.7838544933098098,0.05210222793448581,0.446825819757476,0.446825819757476,0.5531741802425241,4
18,1,0.019877763695103988,0.005622757184998004,0.00994922857960101,0.06651110410588526,0.04746240725486645,0.4481898087986733,0.5518102118671224,0.5429385984398537,0.0906421139005955,0.48179444168799823,0.08832029082713934,0.1849796350402949,0.2677306267478505,0.3598562479019165,123643.93361696399,9.520344126713452,0.8034015248541369,0.015476081912810462,0.4095989953809368,0.4095989953809368,0.5904010046190632,4
18,2,0.015620625875223568,0.005992005050938519,0.0034356762096916828,0.007855712231033563,0.10593885403898154,0.5914990604189462,0.40850100599459166,0.39696717957138833,0.19439131330764833,0.23947685706418834,0.02246776461122677,0.06108622109296339,0.10203993363636235,0.21496814489364624,1393.71114991388,6.866884814957791,0.7474205535450232,0.02719365130748394,0.49709399720375796,0.49709399720375796,0.502906002796242,4
18,3,0.011422652156250625,0.007671607339803859,0.003233895977162097,0.006661819562297166,0.054939844805025825,0.44263886256990337,0.5573611197352744,0.5455113944305388,0.09496810959955417,0.30654887561567246,0.029254032886008773,0.08708279623701386,0.13799252218723063,0.25102800130844116,3315.006878021454,7.300849737095868,0.7275234738069833,0.020981304298702826,0.3995487656970135,0.3995487656970135,0.6004512343029865,4
19,0,0.1589837210640291,0.10991686968148019,0.08090912855088925,0.428337217709071,0.32895358779547146,0.8355479768444177,0.16445204778371678,0.15751756654965854,0.5744066060529551,0.5872808972518913,0.0979553361239678,0.2491825629312573,0.35906007558589237,0.409603551030159,32213.39969986025,9.590341084313984,0.5953592550131876,0.04187636719380012,0.5135288879755185,0.5135288879755185,0.48647111202448146,4
19,1,0.014298292494027923,0.01333176672971648,0.0024314769093833496,0.006197268794026486,0.12020784608411769,0.5912328956108507,0.40876709271877976,0.39311116947019176,0.28192544462978214,0.2630764087188188,0.0405628317797237,0.10520584009378345,0.1524075856694164,0.18706680834293365,1237.3679334696578,6.354127203363784,0.6762427543685663,0.03443323942238059,0.48668102168577265,0.48668102168577265,0.5133189783142273,4
19,2,0.06710445590016888,0.055701422160779265,0.0322414882102559,0.19487249866483092,0.18448391809258763,0.818152974005512,0.18184702844881712,0.17276077677696583,0.40320250654776935,0.537722535079088,0.10631263584017382,0.2481523864237588,0.3417398858711392,0.3923129364848137,105370.68802472601,10.448247810090841,0.7486165128646773,0.045058562765233415,0.6427553030460723,0.6427553030460723,0.3572446969539277,4
19,3,0.07437080068832673,0.0734973870726845,0.03111105953659987,0.11056127355544713,0.24247864052408835,0.742123720325596,0.25787625631884714,0.23871853102504567,0.4718429746653695,0.4985322099419652,0.058867763403955956,0.15995896209987234,0.25041568800328545,0.3689381033182144,35268.82551915321,9.889832868697281,0.6468770737385101,0.06746407188077373,0.5188028286714208,0.5188028286714208,0.48119717132857914,4
20,0,0.03375809951956875,0.026094861588656863,0.011828969460268627,0.07410392945435362,0.1148070356199719,0.3961522002877997,0.6038477990739964,0.5979526536593838,0.19097105474602769,0.34909749148466684,0.14077271456545232,0.20548842740577752,0.24147683876688117,0.2690362483263016,8608.350737497169,7.892607106368311,0.6091079622289214,0.009579924235135843,0.287240342810633,0.287240342810633,0.7127596571893671,4
20,1,0.1509482775544951,0.13422293295311805,0.0827902891560389,0.5528682046727273,0.3218969763333759,0.8969279353794452,0.10307205670083701,0.09783743331045247,0.6125943524142953,0.6406945113820636,0.11130441369142285,0.33555357747657233,0.4428948547796219,0.44765397161245346,40946.19571324698,9.58860548500401,0.6388215607607026,0.05303296387627891,0.5802656077232204,0.5802656077232204,0.41973439227677956,4
20,2,0.035963050227053935,0.028586089393957695,0.009560019202618973,0.022535532891130874,0.17069107505973816,0.5887853008392485,0.41121475800440915,0.38201982083301317,0.28961795651741035,0.31444580011102696,0.03072013646940092,0.08923236044515133,0.14588834124418487,0.2541437894105911,3560.90818238224,7.718147120319792,0.6570697000159716,0.06842161832140266,0.44728916060014406,0.44728916060014406,0.5527108393998559,4
20,3,0.05140106857478799,0.05716287461669088,0.01464336106747301,0.058823572169150906,0.1966339226119855,0.47452014618539007,0.5254798033533372,0.5054813184635284,0.2792375997911281,0.3287670234392603,0.0708449741715599,0.14348501351355555,0.19003575568258388,0.25485989451408386,5036.496098100817,7.88965150540367,0.5596954665903748,0.03609410929594999,0.29788474106821605,0.29788474106821605,0.702115258931784,4
21,0,0.08097156387876205,0.05578118308403929,0.03513219680066253,0.16032378038678227,0.23722366672824083,0.7777364422268095,0.22226356471267833,0.20508236566359883,0.5128235673159462,0.5378041410564438,0.0897151146586614,0.20391961993768842,0.3008219279240941,0.379628986120224,60549.28732853667,10.161764645591973,0.6603248010715344,0.07884645631585484,0.5576939844846439,0.5576939844846439,0.4423060155153561,4
21,1,0.07389863014547404,0.055864426519345825,0.025945986534667356,0.08266639021672094,0.2456201564469439,0.7061479516654962,0.2938520240985615,0.2841053531480122,0.4414805391006666,0.44561871613248477,0.05624770663682293,0.15439979375821192,0.23153531235136793,0.3086867779493332,4350.228763726072,7.888251030960575,0.6475558229537542,0.03185633430734351,0.470274458224463,0.470274458224463,0.529725541775537,4
21,2,0.03397155568408066,0.009431674137109049,0.014568761161616425,0.06644829659369707,0.09876184131271044,0.6756557096674086,0.3243443069914424,0.3154270894696555,0.25271577077184276,0.45227692866727487,0.08084277626792744,0.18693249570760817,0.2612510618494727,0.30638228356838226,7421.343572056191,7.978546454774344,0.8048511256236378,0.023485920623468375,0.5858110822485658,0.5858110822485658,0.41418891775143424,4
21,3,0.08350125560919114,0.05269914752736736,0.03888285120292274,0.19320740062700056,0.23345806325138505,0.7321669530750514,0.2678330183009733,0.2527553891681783,0.47594362693143455,0.562295430157923,0.0795316389880094,0.22346998573564955,0.33117859078391504,0.39715568721294403,50963.108264424896,10.065755222039417,0.6515638632640317,0.05616834240984364,0.5137865401918434,0.5137865401918434,0.48621345980815656,4
22,0,0.20275956709209267,0.19932781693325755,0.1325993583677355,1.1653541021385074,0.33826165159785215,0.9505399072560141,0.04946013312241174,0.04482580540266246,0.7134883017321294,0.6967788039829821,0.16148412524650793,0.42216903837723274,0.5504528784564627,0.5050108581781387,210898.53926750537,10.445885104744976,0.6364937397302071,0.08379459615925501,0.616912581363616,0.616912581363616,0.38308741863638396,4
22,1,0.057048786869191424,0.023043014754624343,0.020543337794527862,0.060590485199599066,0.20181917782244885,0.781119306109413,0.21888070168546156,0.21029472645452216,0.46508025239737705,0.44135121748399103,0.049801946425144114,0.1380054677363739,0.22162124264690283,0.3326219618320465,21435.84206987547,9.10220231629171,0.711962438261687,0.03899774074619352,0.5878861267080409,0.5878861267080409,0.41211387329195914,4
22,2,0.11736172272904508,0.11578495413348837,0.040412265101543075,0.12679900687767506,0.3607456548632518,0.680108059436532,0.3198919812436605,0.30094213125213903,0.5192565481832575,0.4114248181992174,0.045968471610953035,0.13694843286481442,0.22117449279166967,0.31443987786769867,8118.777021925482,8.750234093219209,0.44805801205942264,0.05805703048453286,0.3383121996414712,0.3383121996414712,0.6616878003585288,4
22,3,0.09531374078558474,0.048875497699234244,0.04972532630870261,0.29082223032447263,0.23436190608350002,0.8543356580759417,0.14566433422284436,0.13752239102879896,0.5621276917877537,0.6355075578870553,0.12410680397024859,0.2650034135006238,0.3806835920570618,0.4510063976049423,736202.8575304428,12.246508718899605,0.7090114318903642,0.05517844607361202,0.6281157346040231,0.6281157346040231,0.3718842653959768,4
23,0,0.08092391321187688,0.08692758849020843,0.0269229366399011,0.09208993667033163,0.27539605819961066,0.5767465032564499,0.42325356464161457,0.4058213519755783,0.40282665490916014,0.41585392059694803,0.061945598579590984,0.14502208390547616,0.21514893530270754,0.32071055471897125,14985.533946324584,9.081227757864756,0.49070745581735,0.04022440725068755,0.31878266572488706,0.31878266572488706,0.6812173342751129,4
23,1,0.05293779211413935,0.03180095718739904,0.02369876842805828,0.12470672307143935,0.1755971978402981,0.8708837643148282,0.12911631025899878,0.12203766773472367,0.5015683129311321,0.5255858306740779,0.09638221668239036,0.23280747280642156,0.32491648575078025,0.39049291610717773,180447.86759857027,9.861945474070833,0.7696039977534246,0.042321981138757375,0.7023651933906133,0.7023651933906133,0.2976348066093867,4
23,2,0.06878802304060559,0.039111049835352574,0.03172091966566691,0.13838631199108833,0.20481100905220884,0.849031863781713,0.15096809956709117,0.12922642083479102,0.564082158468721,0.5698344775849252,0.06968512730663168,0.2209913660808798,0.3265126674599987,0.4015551880002022,63226.03832689599,10.127637367219489,0.7194183131576756,0.13887462726289523,0.6659625421342984,0.6659625421342984,0.3340374578657016,4
23,3,0.016020263119633213,0.017004494425718025,0.0024551912446568636,0.004042846548023435,0.11631432882892606,0.4660816039205366,0.5339184097668837,0.49581761761931015,0.2138065664655102,0.198080258133791,0.0203425891745925,0.057209584548140964,0.09138007445408089,0.1599661111831665,449.96572489367765,6.068083703978469,0.567112272300981,0.06131167417161364,0.3878680782928631,0.3878680782928631,0.6121319217071368,4
24,0,0.009573445935223194,0.0094265340427906,0.0010063414359612155,0.0010885808903251203,0.10583835281963165,0.4391749142934416,0.5608250988602407,0.5356703585231495,0.2168714993612232,0.12793516305273436,0.010659348783272559,0.03381170349027261,0.05525549062351697,0.11176341772079468,154.07240383241336,4.975784242582385,0.5184743981066726,0.038234451108305374,0.3584913112370009,0.3584913112370009,0.641508688762999,4
24,1,0.28565890913707515,0.3477139563241961,0.1336371558087036,0.46927850604355337,0.5547580018878876,0.9473822354359202,0.052617780993791434,0.050004351938828615,0.8048979250173953,0.5941710495898146,0.06788019141616515,0.1909321202979514,0.29841704879633735,0.40610623359680176,45731.52823667717,9.598565627525293,0.4185959785528018,0.05064151174860286,0.39523766316772774,0.39523766316772774,0.6047623368322723,4
24,2,0.04123989831138734,0.027054617507450786,0.012895186278985043,0.04651941403979822,0.17818406065672274,0.6503269533535918,0.3496730469224201,0.33195562405422163,0.37047394158893693,0.4109069169740956,0.07197982729593906,0.16729658368809502,0.22994762859340162,0.3103085309267044,9600.892941535903,8.85069980192578,0.6752048787083642,0.04544571435902166,0.48986034954684393,0.48986034954684393,0.5101396504531561,4
24,3,0.05156430851952929,0.03223550777692744,0.016474168779232457,0.04536957714337409,0.2242005306705371,0.7756072123025234,0.22439279518246313,0.21745313936083133,0.49530446019202407,0.38855982756885626,0.04848802784300363,0.11599347182734723,0.18001728018158097,0.3058534860610962,10873.494809396938,8.41869164277064,0.6833097410495274,0.02803805993556771,0.5583463075794168,0.5583463075794168,0.4416536924205832,4
25,0,0.028138049986363736,0.018326231335348143,0.004995271865517167,0.010221228815995758,0.17436963101164582,0.5481683798773254,0.4518316052240748,0.4427671691191368,0.30334073915806337,0.2315394868274261,0.024140987260617964,0.071316030870639,0.11009388768100013,0.18794572353363037,781.4080596682188,6.419091077060102,0.6043014667369214,0.01734368371555211,0.3828631861457457,0.3828631861457457,0.6171368138542543,4
25,1,0.06240466336966322,0.04621367054863472,0.0240324944223448,0.09182448991827738,0.2177181537712968,0.7308332466649979,0.2691667839572618,0.2641806347332044,0.4294716240996186,0.47097414025910506,0.06527442914493967,0.16267710712575154,0.23864983447539795,0.3541150838136673,39194.23303449783,9.77681655834852,0.6823075930250353,0.016613610955327044,0.5181012406274913,0.5181012406274913,0.4818987593725087,4
25,2,0.09241960192605171,0.03131239121422285,0.03717989973640511,0.23693717774053125,0.24013870450402205,0.771656622976548,0.2283434325814203,0.22285162382596557,0.4478134947908194,0.4523907227815626,0.14019244042745826,0.26461970713398686,0.3269819579607145,0.3163762837648392,5208.775967873618,8.065037289059628,0.6922587552247759,0.01993209055165276,0.537009689483563,0.537009689483563,0.4629903105164371,4
25,3,0.10610058901225784,0.035098555277338295,0.05127647891720193,0.2505270246861945,0.2576680772798725,0.8259579047423001,0.17404210096396558,0.16333205235728684,0.5772298796281282,0.6095273506747827,0.09059306605113132,0.2580631322419165,0.3676575486543044,0.42256368696689606,37224.248054095275,10.177383012437001,0.674545242091025,0.052710623785971196,0.5789998687935537,0.5789998687935537,0.4210001312064463,4
26,0,0.06733160913581725,0.06677176227188647,0.024038857237108198,0.08509143254223728,0.22728872784831455,0.6865193113073399,0.31348072486218753,0.3068196658433735,0.4051009724490972,0.43094155224175235,0.05079739034291029,0.14009216172534014,0.22046302773133342,0.32371121644973755,17225.49518046984,8.876971104803813,0.6274454620285054,0.019777801759106362,0.46589168092264055,0.46589168092264055,0.5341083190773595,4
26,1,0.08138514414240287,0.05056738547260706,0.029684678540268173,0.13373132095169538,0.25006052805909496,0.7116573941002348,0.2883426345694194,0.27135080298811737,0.4560458061793296,0.45822922631388363,0.0898338505474105,0.2015942832677569,0.2813726199482993,0.32982565462589264,10401.791415885744,8.688791953326106,0.6194287765246326,0.054982966797686356,0.47858868382641306,0.47858868382641306,0.5214113161735869,4
26,2,0.10322664603870164,0.10914652116994551,0.04167353102394106,0.14435179588983124,0.30215139061586516,0.7726905620234257,0.2273093898978148,0.2210315403135049,0.550118585962875,0.5149568674687024,0.06424064925164577,0.1641314962450712,0.2601303783397216,0.36468249559402466,23583.564005921984,9.366094789926354,0.5919619238017078,0.02396982634998998,0.4768170534724334,0.4768170534724334,0.5231829465275666,4
26,3,0.04884881410644741,0.03975313443713937,0.016768760686790743,0.07352123266854463,0.17490499166361909,0.648059150142249,0.35194080593910176,0.3476151098464692,0.3257512653725872,0.4240247273333807,0.07921285352628414,0.1725444270095262,0.25078504401012025,0.317712664604187,20417.404757503562,8.51119774615425,0.689259252049987,0.010898463347216652,0.47747991504745346,0.47747991504745346,0.5225200849525465,4
27,0,0.06568666549014315,0.05516282256706814,0.02517706984813511,0.09986584751860675,0.22065339270168519,0.7106200816277823,0.2893799117154496,0.2795379653373193,0.43290663752064235,0.46089341268163936,0.06906109954700103,0.16658840454505316,0.2495007567236073,0.3427211195230484,24902.001969810404,9.174694964269811,0.6597704224946933,0.03028298485657586,0.49980862441189566,0.49980862441189566,0.5001913755881043,4
27,1,0.0027581201825091508,0.0028260968504294354,0.0006195687528401347,0.002992519443450895,0.055174590312491494,0.5964463766296971,0.4035535905825183,0.3768951062802092,0.27412221003789994,0.2599084261128674,0.10628193790366372,0.16216572507239935,0.19548250617682614,0.4598775953054428,10512.914995596468,5.499523336374782,0.6641963638071483,0.05019604073344157,0.5679302882171027,0.5679302882171027,0.4320697117828973,4
27,2,0.09792266973409133,0.10865493505870925,0.0387450740894169,0.15262631566431992,0.3026510431428308,0.7395799737528539,0.26042006592157024,0.2519892031639703,0.527040445592708,0.48971358611342647,0.06865674383597976,0.18170465437685465,0.2691220274779758,0.35781528055667877,26202.601952879566,9.462520556707412,0.5863850297804798,0.028096439979185803,0.44535981567533617,0.44535981567533617,0.5546401843246638,4
27,3,0.0735252041125564,0.06702162592256292,0.025488055931329492,0.0735936996292851,0.26174020250642654,0.7232656326714778,0.2767343309313454,0.26345061637173967,0.4828647972476417,0.4294043251231292,0.03915918504695487,0.13152034170482577,0.20786499850938034,0.31278325617313385,5323.466468016798,8.157381219044366,0.6201814444501134,0.04433277987681841,0.4748091477004201,0.4748091477004201,0.52519085229958,4
