layer,head,eager_current_share_global,eager_current_share_local,manual_current_share_global,manual_current_share_local,manual_s_current_share,eager_s_current_share
0,0,0.4561456084251404,0.4570033371448517,0.4566294252872467,0.4611321300268173,0.458880777657032,0.4565744727849961
0,1,0.5755020692944527,0.5630871579051018,0.5749455764889717,0.5622533932328224,0.5685994848608971,0.5692946135997772
0,2,0.3939531624317169,0.3967613816261292,0.3937873438000679,0.39428161829710007,0.39403448104858396,0.395357272028923
0,3,0.2060715857282048,0.20443302443964056,0.20392721143507514,0.20321788840883528,0.20357254992195523,0.20525230508392267
0,4,0.25752404481172564,0.2438356637954712,0.2572390839457512,0.23049526363611222,0.2438671737909317,0.2506798543035984
0,5,0.5249423258006573,0.5310926422476768,0.5207394026219845,0.5259912833571434,0.5233653429895639,0.528017484024167
0,6,0.46760084964334964,0.47515998519957064,0.4677516222000122,0.4699435330927372,0.4688475776463747,0.47138041742146014
0,7,0.5181737311184407,0.5216536968946457,0.5201947830617428,0.5204980857670307,0.5203464344143868,0.5199137140065432
0,8,0.5706590980291366,0.5654754489660263,0.5706701517105103,0.5657314568758011,0.5682008042931557,0.5680672734975815
0,9,0.5038249641656876,0.5143109619617462,0.5005660146474838,0.5076422989368439,0.5041041567921638,0.5090679630637169
0,10,0.4151573629584163,0.46017328519374134,0.41728531289845705,0.4506659569218755,0.4339756349101663,0.43766532407607883
0,11,0.5902703821659088,0.5982831835746765,0.5901181310415268,0.5979953408241272,0.594056735932827,0.5942767828702926
0,12,0.6033167272806168,0.6046655893325805,0.6028626680374145,0.604908075928688,0.6038853719830513,0.6039911583065987
0,13,0.5250947445631027,0.5208844274282456,0.5255663752555847,0.5229309394955635,0.524248657375574,0.5229895859956741
0,14,0.7579742670059204,0.7641195058822632,0.7577720999717712,0.764091682434082,0.7609318912029266,0.7610468864440918
0,15,0.0,0.19999933242797852,0.0,0.0,0.0,0.09999966621398926
0,16,0.5892018392682076,0.5942740857601165,0.5887543827295303,0.5941307306289673,0.5914425566792487,0.5917379625141621
0,17,0.44386284947395327,0.42904369682073595,0.44216555804014207,0.4329295217990875,0.4375475399196148,0.4364532731473446
0,18,0.5046747148036956,0.5345032900571823,0.5091859996318817,0.5366814970970154,0.5229337483644485,0.519589002430439
0,19,0.7293128550052643,0.7283685863018036,0.7310833275318146,0.729829627275467,0.7304564774036408,0.7288407206535339
0,20,0.29710725545883176,0.34482994973659514,0.28596180081367495,0.3187072142958641,0.30233450755476954,0.3209686025977134
0,21,0.6034668773412705,0.5984968334436417,0.6034510165452958,0.5979378163814545,0.6006944164633752,0.6009818553924561
0,22,0.7733695864677429,0.7625895977020264,0.7738831043243408,0.7633137106895447,0.7685984075069427,0.7679795920848846
0,23,0.5085092864930629,0.5112050600349903,0.5069910354912281,0.509171774238348,0.5080814048647881,0.5098571732640267
0,24,0.5129384465515614,0.510520688444376,0.5110608592629433,0.506590822339058,0.5088258408010007,0.5117295674979687
0,25,0.596245588362217,0.5918626904487609,0.595223245024681,0.590678857266903,0.592951051145792,0.594054139405489
0,26,0.5046928107738495,0.5104021966457367,0.5022584274411201,0.5053025528788566,0.5037804901599884,0.5075475037097932
0,27,0.5838991343975067,0.5899237543344498,0.5825169160962105,0.5871922343969345,0.5848545752465725,0.5869114443659782
1,0,0.476956582441926,0.4920635659247637,0.7798433601856232,0.7707747101783753,0.7753090351819992,0.48451007418334485
1,1,0.32759803235530854,0.29518685936927797,0.4889421006664634,0.4602991341147572,0.4746206173906103,0.31139244586229325
1,2,0.7364362120628357,0.7483065366744995,0.8148424863815308,0.8197554469108581,0.8172989666461945,0.7423713743686676
1,3,0.5823905223980546,0.5853395387530327,0.7744043409824372,0.750809234380722,0.7626067876815796,0.5838650305755436
1,4,0.6619943246245384,0.6575076729059219,0.8073717355728149,0.800030243396759,0.803700989484787,0.6597509987652301
1,5,0.7112817764282227,0.7200379610061646,0.8214353919029236,0.8211089491844177,0.8212721705436706,0.7156598687171936
1,6,0.5093039989471435,0.5020466685295105,0.5709943413734436,0.5448894023895263,0.557941871881485,0.5056753337383271
1,7,0.2531788647174835,0.2586026445031166,0.4047458618879318,0.4272756576538086,0.4160107597708702,0.2558907546103001
1,8,0.3803407035768032,0.426741086691618,0.7722454845905304,0.7763508439064026,0.7742981642484665,0.4035408951342106
1,9,0.2928657405078411,0.324023200571537,0.7478482484817505,0.7498005151748657,0.748824381828308,0.30844447053968904
1,10,0.40512688653543594,0.38882413497194646,0.5622944563627243,0.5272350072860718,0.544764731824398,0.3969755107536912
1,11,0.2001631807535887,0.21538248062133789,0.37294757962226865,0.37528816163539885,0.3741178706288337,0.20777283068746327
1,12,0.3775935681536794,0.40895289909094573,0.7051504969596862,0.6953743159770965,0.7002624064683913,0.3932732336223126
1,13,0.6798224747180939,0.5974163591861725,0.2007940429262817,0.19386535207740963,0.19732969750184565,0.6386194169521332
1,14,0.5437099322676658,0.5549825757741929,0.6685733079910279,0.6665747880935669,0.6675740480422974,0.5493462540209293
1,15,0.5181219309568406,0.5035651549696922,0.7677487015724183,0.7257333219051361,0.7467410117387772,0.5108435429632664
1,16,0.5844108074903488,0.5944935262203217,0.8286947250366211,0.8135152816772461,0.8211050033569336,0.5894521668553352
1,17,0.47381507270038126,0.4965381432324648,0.5942255675792694,0.5972613573074341,0.5957434624433517,0.48517660796642303
1,18,0.569912001490593,0.5717868000268936,0.7188852488994598,0.7071392357349395,0.7130122423171996,0.5708494007587432
1,19,0.5110079407691955,0.4967373423278332,0.6374337434768677,0.6485135078430175,0.6429736256599425,0.5038726415485144
1,20,0.5474379755556583,0.5485785126686096,0.6699199199676513,0.6469551175832748,0.6584375187754631,0.5480082441121339
1,21,0.528033384680748,0.5095251649618149,0.6617713272571564,0.6561916589736938,0.6589814931154251,0.5187792748212814
1,22,0.43407257795333865,0.42202267944812777,0.6662129461765289,0.6475955188274384,0.6569042325019836,0.4280476287007332
1,23,0.5583736017346382,0.5489733710885047,0.7975693106651306,0.782539451122284,0.7900543808937073,0.5536734864115715
1,24,0.5707620412111283,0.5842670351266861,0.7439413368701935,0.7287016391754151,0.7363214880228043,0.5775145381689072
1,25,0.5315485775470734,0.5062581866979599,0.6921351671218872,0.6812099516391754,0.6866725593805313,0.5189033821225166
1,26,0.4366381898522377,0.4235742762684822,0.6292372107505798,0.6346372723579407,0.6319372415542602,0.43010623306035994
1,27,0.5469984769821167,0.5537580072879791,0.7343233406543732,0.7327748119831086,0.7335490763187409,0.5503782421350478
2,0,0.40822727382183077,0.40404212549328805,0.5474585801362991,0.513721051812172,0.5305898159742355,0.40613469965755944
2,1,0.4120871305465698,0.4074073374271393,0.5954790949821472,0.6057307898998261,0.6006049424409867,0.40974723398685453
2,2,0.35619709119200704,0.3859879717230797,0.5662163764238357,0.5824583351612092,0.5743373557925224,0.3710925314575434
2,3,0.2836426094174385,0.29283444173634054,0.3231463901698589,0.3283726297318935,0.3257595099508762,0.28823852557688956
2,4,0.4643278539180756,0.3885179370641708,0.5811046004295349,0.5617115139961243,0.5714080572128296,0.4264228954911232
2,5,0.3255200058221817,0.33228493891656397,0.44178336262702944,0.45281854420900347,0.44730095341801646,0.32890247236937287
2,6,0.3197862321510911,0.30649160873144865,0.37667116746306417,0.3874982617795467,0.38208471462130544,0.3131389204412699
2,7,0.4221835143864155,0.4225137114524841,0.5604410737752914,0.5378896594047546,0.549165366590023,0.4223486129194498
2,8,0.40282197408378123,0.4026818539947271,0.5633381366729736,0.5233389794826507,0.5433385580778122,0.40275191403925414
2,9,0.448169082403183,0.4609410375356674,0.6383231431245804,0.626944574713707,0.6326338589191437,0.4545550599694252
2,10,0.41777078732848166,0.42303972989320754,0.5414189264178276,0.514492292702198,0.5279556095600129,0.4204052586108446
2,11,0.4299692869186401,0.4302820019423962,0.5795986831188202,0.5325430810451508,0.5560708820819855,0.43012564443051815
2,12,0.42528994753956795,0.4191841885447502,0.5489653050899506,0.5259802401065826,0.5374727725982666,0.4222370680421591
2,13,0.4677442848682404,0.4593252375721931,0.608129233121872,0.5789586544036865,0.5935439437627792,0.46353476122021675
2,14,0.44337393194437025,0.45639889091253283,0.6357604801654816,0.6110415816307068,0.6234010308980942,0.44988641142845154
2,15,0.4104799382388592,0.38262453600764273,0.6397651821374893,0.6119619965553283,0.6258635893464088,0.39655223712325094
2,16,0.432054590433836,0.4397922016680241,0.5780939817428589,0.5347672790288925,0.5564306303858757,0.43592339605093
2,17,0.34751361384987833,0.3388280123472214,0.547948157787323,0.5288512200117111,0.5383996888995171,0.34317081309854985
2,18,0.3485861077904701,0.2786865159869194,0.3985096037387848,0.3524950832128525,0.3755023434758187,0.3136363118886948
2,19,0.43722024857997893,0.43760615587234497,0.6659639060497284,0.6515104949474335,0.658737200498581,0.437413202226162
2,20,0.3435216784477234,0.3432203456759453,0.595123553276062,0.5565883457660675,0.5758559495210648,0.34337101206183435
2,21,0.4880048394203186,0.5176623985171318,0.6558775961399078,0.6656014084815979,0.6607395023107528,0.5028336189687252
2,22,0.4053902417421341,0.4376588225364685,0.6613384842872619,0.5969442069530487,0.6291413456201553,0.4215245321393013
2,23,0.4903851419687271,0.4981685936450958,0.6519936621189117,0.6565240025520325,0.6542588323354721,0.4942768678069115
2,24,0.48756617307662964,0.49139598906040194,0.640201735496521,0.5973174422979355,0.6187595888972283,0.4894810810685158
2,25,0.45420251078903673,0.46802064403891563,0.6896980792284012,0.6875862717628479,0.6886421754956246,0.4611115774139762
2,26,0.2980728641152382,0.28175830766558646,0.5024513840675354,0.476471608877182,0.4894614964723587,0.28991558589041233
2,27,0.44285165406763555,0.45162165705114604,0.5128022655844688,0.5508722499012947,0.5318372577428818,0.4472366555593908
3,0,0.35738771948963405,0.3671440066769719,0.674489152431488,0.6333425581455231,0.6539158552885056,0.362265863083303
3,1,0.37873075818642976,0.38156182430684565,0.47370830178260803,0.4733940176665783,0.47355115972459316,0.3801462912466377
3,2,0.41116074584424495,0.4200232893228531,0.4671954847872257,0.45720480680465697,0.4622001457959414,0.415592017583549
3,3,0.37400020540226253,0.37550327121280136,0.399201999604702,0.3844805769622326,0.3918412882834673,0.37475173830753195
3,4,0.4090094417333603,0.3877187617123127,0.4956517979502678,0.475348187983036,0.4854999929666519,0.3983641017228365
3,5,0.3549098687246442,0.3549053486436605,0.5244407579302788,0.5029370918869972,0.513688924908638,0.3549076086841524
3,6,0.3897331180050969,0.3964374292641878,0.5005917742848396,0.4938745550811291,0.49723316468298434,0.39308527363464235
3,7,0.5521950833499432,0.5624011643230915,0.6364734023809433,0.6451766073703766,0.64082500487566,0.5572981238365173
3,8,0.40876216292381284,0.351245653629303,0.45587763786315916,0.47081848084926603,0.4633480593562126,0.38000390827655794
3,9,0.45518327951431276,0.46610274985432626,0.5587678954005242,0.5418837442994118,0.550325819849968,0.4606430146843195
3,10,0.4253196965903044,0.40766446441411974,0.3650959298014641,0.3646487853489816,0.36487235757522285,0.4164920805022121
3,11,0.5939603418111801,0.5866179198026658,0.7482440829277038,0.7049861192703247,0.7266151010990143,0.5902891308069229
3,12,0.6368009150028229,0.6383731245994568,0.7626061916351319,0.7196151375770569,0.7411106646060943,0.6375870198011399
3,13,0.5507686600089073,0.560567618906498,0.7173625588417053,0.6952860534191132,0.7063243061304092,0.5556681394577027
3,14,0.3906898327171803,0.37170331478118895,0.7197347402572631,0.695618736743927,0.7076767385005951,0.3811965737491846
3,15,0.2404058557935059,0.2475515529513359,0.5579735696315765,0.4758440151810646,0.5169087924063206,0.24397870437242092
3,16,0.35850712060928347,0.33974534496665,0.5842319965362549,0.5608709394931793,0.5725514680147171,0.34912623278796673
3,17,0.30475636925548316,0.330433420650661,0.4889003820717335,0.46735786125063894,0.4781291216611862,0.3175948949530721
3,18,0.3409261260181665,0.36835330799221994,0.6081117928028107,0.6006439685821533,0.604377880692482,0.35463971700519326
3,19,0.22739936597645283,0.251865328848362,0.6278321146965027,0.6382984757423401,0.6330652952194213,0.2396323474124074
3,20,0.2865413188934326,0.24107053987681865,0.46054998189210894,0.44030888453125955,0.45042943321168427,0.2638059293851256
3,21,0.47233509831130505,0.46315265260636806,0.5629676789045334,0.5394895665347577,0.5512286227196455,0.46774387545883656
3,22,0.4751777119934559,0.4921236552298069,0.5644353419542313,0.569438174366951,0.5669367581605911,0.4836506836116314
3,23,0.5016804307699203,0.4900084972381592,0.6317499697208404,0.5977702781558036,0.614760123938322,0.49584446400403975
3,24,0.5141266498714685,0.5278873600065708,0.6050402700901032,0.6108780145645142,0.6079591423273087,0.5210070049390196
3,25,0.48563941065222027,0.5013338908553123,0.6052413418889045,0.5830870047211647,0.5941641733050347,0.4934866507537663
3,26,0.46329419100657104,0.47830053716897963,0.5070219941437244,0.5045229684561491,0.5057724812999367,0.47079736408777534
3,27,0.48482830822467804,0.49096956811845305,0.5808157563209534,0.5716845899820328,0.5762501731514931,0.48789893817156554
4,0,0.26705037206411364,0.26102047264575956,0.7060181498527527,0.6870106101036072,0.6965143799781799,0.2640354223549366
4,1,0.3603748008608818,0.3514933794736862,0.7118464410305023,0.663747900724411,0.6877971708774566,0.355934090167284
4,2,0.3387505481019616,0.2621215857565403,0.49886342883110046,0.47377761006355285,0.4863205194473267,0.30043606692925096
4,3,0.3649789303541183,0.33812771588563917,0.5434802114963532,0.5225722312927246,0.5330262213945389,0.35155332311987875
4,4,0.45132921934127807,0.34501335620880125,0.5699175417423248,0.5563107520341873,0.5631141468882561,0.39817128777503963
4,5,0.4385226905345917,0.4602957785129547,0.6894896030426025,0.696087098121643,0.6927883505821228,0.44940923452377324
4,6,0.31905183643102647,0.2837878480553627,0.5727400660514832,0.5198797017335892,0.5463098838925362,0.3014198422431946
4,7,0.7446202635765076,0.7288887739181519,0.7172304630279541,0.7257793068885803,0.7215048849582673,0.7367545187473297
4,8,0.07780588069290388,0.03508423429448158,0.6543344289064408,0.6804890155792236,0.6674117222428322,0.05644505749369273
4,9,0.23508575484156607,0.24018614646047354,0.6149741888046265,0.6613404393196106,0.6381573140621186,0.2376359506510198
4,10,0.032973434310406446,0.02972319661639631,0.7478359580039978,0.7030891060829163,0.7254625320434571,0.031348315463401374
4,11,0.5798833355307579,0.57106504291296,0.7988143146038056,0.8189717590808868,0.8088930368423461,0.5754741892218589
4,12,0.28281507738865913,0.22037745881825685,0.7172808170318603,0.7667471170425415,0.7420139670372009,0.251596268103458
4,13,0.21027221940457821,0.2214538011699915,0.6096742570400238,0.5976070865988732,0.6036406718194485,0.21586301028728486
4,14,0.5201257854700089,0.543020982015878,0.6661324918270111,0.6570127069950104,0.6615725994110107,0.5315733837429435
4,15,0.4814018838107586,0.49038215801119805,0.7480095267295838,0.7228761196136475,0.7354428231716157,0.48589202091097833
4,16,0.5687031015753746,0.587536270916462,0.7306264340877533,0.7264411985874176,0.7285338163375854,0.5781196862459184
4,17,0.44047518670558927,0.4263754144310951,0.4871321082115173,0.49123366475105285,0.48918288648128505,0.43342530056834216
4,18,0.41030583083629607,0.437563144788146,0.5481565434485673,0.5391006851568818,0.5436286143027246,0.42393448781222104
4,19,0.40670228861272334,0.4499819029122591,0.6236132487654686,0.605238938331604,0.6144260935485364,0.4283420957624912
4,20,0.45077358949929475,0.46120943981222806,0.6793259307742119,0.6754727393388749,0.6773993350565434,0.4559915146557614
4,21,0.49444943461567165,0.476745624281466,0.7072610259056091,0.6493975132703781,0.6783292695879937,0.4855975294485688
4,22,0.48284338861703874,0.48349558375775814,0.6974559962749481,0.6501718133687973,0.6738139048218728,0.4831694861873984
4,23,0.4645940613001585,0.4818194624967873,0.578336201608181,0.5855419389903546,0.5819390702992677,0.4732067618984729
4,24,0.5072566136717797,0.4692352771759033,0.7853161513805389,0.7487407088279724,0.7670284301042556,0.4882459454238415
4,25,0.49213348180055616,0.5041114552877843,0.5856117844581604,0.5998514845967293,0.5927316345274449,0.49812246854417025
4,26,0.6472818434238434,0.6535279393196106,0.7258381128311158,0.7212825179100036,0.7235603153705596,0.6504048913717271
4,27,0.4856384044513106,0.46935689691454174,0.631423044204712,0.6073166683316231,0.6193698562681675,0.47749765068292616
5,0,0.7128302574157714,0.7145694971084595,0.7681978583335877,0.7295360445976258,0.7488669514656068,0.7136998772621155
5,1,0.6007331375032663,0.5993113163858652,0.7740786373615265,0.7498619079589843,0.7619702726602554,0.6000222269445658
5,2,0.48580268025398254,0.4835561737418175,0.7379415035247803,0.7182867348194122,0.7281141191720962,0.4846794269979
5,3,0.4493498673662543,0.46126332115381957,0.507600961625576,0.5059992715716362,0.506800116598606,0.45530659426003695
5,4,0.6677597522735595,0.6720704019069672,0.7504147469997406,0.729099041223526,0.7397568941116333,0.6699150770902633
5,5,0.3515924632549286,0.31816512644290923,0.5189105331897735,0.4849053621292114,0.5019079476594925,0.3348787948489189
5,6,0.6260770499706269,0.6163450956344605,0.6325518846511841,0.6393934488296509,0.6359726667404175,0.6212110728025437
5,7,0.4613618180155754,0.49810774624347687,0.5781160742044449,0.524581453204155,0.5513487637043,0.47973478212952614
5,8,0.1637951262295246,0.09508903473615646,0.3225941240787506,0.3749119579792023,0.3487530410289764,0.12944208048284053
5,9,0.4200297549366951,0.4218051269650459,0.24580031484365464,0.253067371994257,0.2494338434189558,0.42091744095087047
5,10,0.3446344666182995,0.38723979741334913,0.8130899310112,0.8034791350364685,0.8082845330238342,0.36593713201582434
5,11,0.09966170862317085,0.09203358925879002,0.7359399914741516,0.7504906058311462,0.7432152986526489,0.09584764894098044
5,12,0.245351904630661,0.2382093958556652,0.7480099320411682,0.7633416414260864,0.7556757867336272,0.2417806502431631
5,13,0.4733408123254776,0.5147376015782357,0.6792215228080749,0.6715172350406646,0.6753693789243698,0.49403920695185666
5,14,0.4401981487870216,0.44813533425331115,0.6712909698486328,0.6774729490280151,0.674381959438324,0.4441667415201664
5,15,0.42520369589328766,0.3812021642923355,0.6950124859809875,0.6461265861988068,0.6705695360898971,0.4032029300928116
5,16,0.3654423996806145,0.3871840588748455,0.6015437126159668,0.5440455377101898,0.5727946251630783,0.37631322927773003
5,17,0.35064018070697783,0.3369970768690109,0.7060452461242676,0.6481592535972596,0.6771022498607635,0.3438186287879944
5,18,0.05785366557538509,0.040006596222519876,0.7649386882781982,0.7434760153293609,0.7542073518037795,0.048930130898952484
5,19,0.03487012041732669,0.025504829874262214,0.6963650584220886,0.6754791855812072,0.6859221220016479,0.03018747514579445
5,20,0.11939497515559197,0.20946877896785737,0.8340014100074769,0.7795158505439759,0.8067586302757264,0.16443187706172468
5,21,0.27020868211984633,0.23623190745711325,0.6725826501846314,0.6468186378479004,0.6597006440162658,0.2532202947884798
5,22,0.517829499952495,0.5463929021731019,0.6027065113186836,0.5676976807415486,0.5852020960301161,0.5321112010627984
5,23,0.4580745540559292,0.5035746455192566,0.6218848437070846,0.6149749338626862,0.6184298887848854,0.48082459978759284
5,24,0.5119996309280396,0.5264545321464539,0.7688755989074707,0.7650229096412658,0.7669492542743683,0.5192270815372467
5,25,0.51860728218453,0.47860799606423826,0.6437847927212715,0.6454091995954514,0.6445969961583615,0.4986076391243841
5,26,0.5906106993556023,0.5598685517907143,0.7551498472690582,0.7332824468612671,0.7442161470651627,0.5752396255731582
5,27,0.44980665054172275,0.467874838411808,0.5984497219324112,0.5294138610363006,0.5639317914843559,0.45884074447676537
6,0,0.5235546328127384,0.5128040054813028,0.6628702402114868,0.6532358139753341,0.6580530270934104,0.5181793191470205
6,1,0.4647383330389857,0.4952802744694054,0.49966169726103543,0.5109760237857699,0.5053188605234027,0.4800093037541956
6,2,0.518349798489362,0.5316593050491065,0.5618665628135204,0.5657613418996335,0.5638139523565769,0.5250045517692343
6,3,0.523318238556385,0.5149316493421793,0.6403750121593476,0.6440587125718593,0.6422168623656035,0.5191249439492822
6,4,0.5435667864978313,0.556486632861197,0.6579171001911164,0.6581471800804138,0.6580321401357652,0.5500267096795142
6,5,0.5791609369218349,0.5695360574871302,0.6914172917604446,0.670943695306778,0.6811804935336113,0.5743484972044826
6,6,0.4731792756356299,0.4788819911889732,0.48580904453992846,0.5227544561028481,0.5042817503213883,0.47603063341230156
6,7,0.21970604881644248,0.21697308886796235,0.7499690771102905,0.7185054242610931,0.7342372506856918,0.2183395688422024
6,8,0.3790228381752968,0.29647250240668654,0.6983583092689514,0.6585175782442093,0.6784379437565804,0.3377476702909917
6,9,0.32721087262034415,0.3615412339568138,0.8021994709968567,0.740430337190628,0.7713149040937424,0.344376053288579
6,10,0.5572457253932953,0.5307064428925514,0.5877382397651673,0.5253656566143036,0.5565519481897354,0.5439760841429233
6,11,0.36798651367425916,0.3429221287369728,0.8232524991035461,0.7988210082054138,0.81103675365448,0.355454321205616
6,12,0.4232051745057106,0.4475965902209282,0.677313169836998,0.683958837389946,0.680636003613472,0.4354008823633194
6,13,0.2792638838291168,0.23882131278514862,0.7589637398719787,0.7780998945236206,0.7685318171977997,0.2590425983071327
6,14,0.6575082287192344,0.664070439338684,0.7371154010295868,0.7504050076007843,0.7437602043151856,0.6607893340289592
6,15,0.5491235977038741,0.5535681957378984,0.6190415233373642,0.6107790410518646,0.6149102821946144,0.5513458967208862
6,16,0.4868628357537091,0.5424048352986575,0.704486072063446,0.727588027715683,0.7160370498895645,0.5146338355261832
6,17,0.6629656195640564,0.5702879250049591,0.7303844332695008,0.7254275918006897,0.7279060125350952,0.6166267722845078
6,18,0.7401664555072784,0.7142686128616333,0.7724177360534668,0.7390920996665955,0.7557549178600311,0.7272175341844559
6,19,0.6587435901165009,0.6497182697057724,0.8206355929374695,0.8035756945610046,0.8121056437492371,0.6542309299111366
6,20,0.602530375495553,0.6109094507992268,0.748304408788681,0.7226396322250366,0.7354720205068588,0.6067199131473899
6,21,0.26817211220040915,0.24334539715200662,0.4780198194086552,0.5066929444670677,0.49235638193786146,0.2557587546762079
6,22,0.32141342014074326,0.39063873048871756,0.5680415108799934,0.6103246092796326,0.589183060079813,0.3560260753147304
6,23,0.558606642484665,0.5351814210414887,0.7257776260375977,0.7008273422718048,0.7133024841547012,0.5468940317630768
6,24,0.606723801791668,0.5933281987905502,0.7363033413887023,0.7325195878744125,0.7344114646315574,0.6000260002911091
6,25,0.3404845580458641,0.3960715894587338,0.5790543906390667,0.5371048994362354,0.5580796450376511,0.36827807375229893
6,26,0.488259856402874,0.5024946123361588,0.6782303750514984,0.6265835508704185,0.6524069629609585,0.4953772343695164
6,27,0.541670548543334,0.5405108148232103,0.6681162729859352,0.6601092606782913,0.6641127668321133,0.5410906816832721
7,0,0.35538422940298914,0.34982758536934855,0.7028489977121353,0.6866717636585236,0.6947603806853294,0.3526059073861688
7,1,0.5269188806414604,0.5018000282347203,0.8092170357704163,0.788983166217804,0.7991001009941101,0.5143594544380903
7,2,0.4472800329327583,0.5039177076891065,0.7248636662960053,0.7391833066940308,0.732023486495018,0.4755988703109324
7,3,0.5398621980100871,0.4737295188009739,0.7709267675876618,0.7639159381389617,0.7674213528633118,0.5067958584055305
7,4,0.40922799580730496,0.4190932530211285,0.5574080660939217,0.5974637486040593,0.5774359073489905,0.41416062441421675
7,5,0.42137258062139155,0.3984304540324956,0.5346961721777916,0.5327945433557033,0.5337453577667475,0.4099015173269436
7,6,0.06926974533125758,0.04815937492530793,0.7503124713897705,0.7595247864723206,0.7549186289310456,0.05871456012828276
7,7,0.4315386261790991,0.3359268430620432,0.6200772821903229,0.5853921681642532,0.6027347251772881,0.3837327346205711
7,8,0.2956727228593081,0.37433245657011865,0.6449174463748932,0.6054035931825638,0.6251605197787284,0.3350025897147134
7,9,0.2195631042239256,0.29373786445939915,0.6048204928636551,0.5648572653532028,0.5848388791084289,0.2566504843416624
7,10,0.28284095227718353,0.27049957066774366,0.7527248382568359,0.7700929999351501,0.761408919095993,0.2766702614724636
7,11,0.3457330386387184,0.35045420420356094,0.5115955725312233,0.4720408618450165,0.4918182171881199,0.34809362142113964
7,12,0.4050149251706898,0.438136200979352,0.6208122909069062,0.6144915491342544,0.6176519200205803,0.4215755630750209
7,13,0.32403378530871124,0.35573644493706524,0.5077396005392074,0.5026724174618721,0.5052060090005397,0.3398851151228882
7,14,0.0526900377124548,0.0926237240433693,0.7213856101036071,0.7042243182659149,0.712804964184761,0.07265688087791206
7,15,0.17492980509996414,0.1386174738407135,0.6850156426429749,0.6998386979103088,0.6924271702766418,0.15677363947033882
7,16,0.2639298547059298,0.25643923208117486,0.6445501446723938,0.6142965346574784,0.629423339664936,0.26018454339355235
7,17,0.24077943786978723,0.22173303961753846,0.720898962020874,0.6965438961982727,0.7087214291095734,0.23125623874366286
7,18,0.18443075567483902,0.19984276890754699,0.7601106643676758,0.7408572316169739,0.7504839479923249,0.192136762291193
7,19,0.38457605689764024,0.44600816667079923,0.7582685589790344,0.7767501831054687,0.7675093710422516,0.41529211178421976
7,20,0.2771266058087349,0.29034099765121935,0.6832246482372284,0.6695873707532882,0.6764060094952583,0.2837338017299771
7,21,0.27914822828024627,0.32897632094100115,0.7130354881286621,0.6767051219940186,0.6948703050613403,0.30406227461062374
7,22,0.2109880730509758,0.18440202474594117,0.7256321787834168,0.6708509922027588,0.6982415854930878,0.1976950488984585
7,23,0.2960411734879017,0.27176077365875245,0.7712741255760193,0.7407097578048706,0.7559919416904449,0.2839009735733271
7,24,0.2558847710490227,0.25177216771990063,0.6331303298473359,0.6523834884166717,0.6427569091320038,0.2538284693844617
7,25,0.3136352598667145,0.29090237878263,0.7317129731178283,0.7219322323799133,0.7268226027488709,0.3022688193246722
7,26,0.19142732471227647,0.19435659945011138,0.7094359278678894,0.6945097208023071,0.7019728243350982,0.1928919620811939
7,27,0.4747133195400238,0.4503710772842169,0.7117086946964264,0.6927569568157196,0.702232825756073,0.46254219841212035
8,0,0.6765750527381897,0.6984551012516022,0.8170228123664856,0.8121999621391296,0.8146113872528076,0.6875150769948959
8,1,0.43375723212957384,0.4252670265734196,0.6995697408914566,0.6971916675567627,0.6983807042241097,0.42951212935149674
8,2,0.5196265041828155,0.5540579676628112,0.8059866786003113,0.787263560295105,0.7966251194477081,0.5368422359228133
8,3,0.567203575372696,0.5550641894340516,0.7633535385131835,0.7632070779800415,0.7632803082466125,0.5611338824033738
8,4,0.19355956017971038,0.16182227283716202,0.721581244468689,0.708743441104889,0.715162342786789,0.17769091650843621
8,5,0.42327134162187574,0.3994531199336052,0.7310874581336975,0.7384268462657928,0.7347571521997451,0.4113622307777405
8,6,0.43035023659467697,0.4560404572635889,0.6683782577514649,0.6386308193206787,0.6535045385360718,0.4431953469291329
8,7,0.38557896912097933,0.40092929899692537,0.680070984363556,0.6908566355705261,0.685463809967041,0.3932541340589524
8,8,0.2038617752492428,0.2748886737972498,0.7669294357299805,0.7483666718006134,0.757648053765297,0.23937522452324628
8,9,0.25170411765575407,0.2543213054537773,0.7093214988708496,0.662666404247284,0.6859939515590667,0.2530127115547657
8,10,0.240234462544322,0.25981647744774816,0.7078847765922547,0.6793897092342377,0.6936372429132462,0.2500254699960351
8,11,0.24316820837557315,0.2620320238173008,0.7978031873703003,0.7777219533920288,0.7877625703811646,0.25260011609643696
8,12,0.24562529250979423,0.29466711431741716,0.7576451659202575,0.7151547074317932,0.7363999366760254,0.2701462034136057
8,13,0.16806926354765891,0.19182030409574508,0.6829651474952698,0.6827779471874237,0.6828715473413467,0.17994478382170198
8,14,0.4346358419395983,0.43677287893369793,0.5873278275132179,0.5719735771417618,0.5796507023274898,0.4357043604366481
8,15,0.33089216384105385,0.4942887351382524,0.5372374892234802,0.5452453985810279,0.5412414439022541,0.4125904494896531
8,16,0.4351731605827808,0.48135064616799356,0.6518631935119629,0.6760392546653747,0.6639512240886688,0.4582619033753872
8,17,0.5021612100303173,0.4919465593993664,0.7413643658161163,0.7029314279556275,0.7221478968858719,0.49705388471484185
8,18,0.5052037253975868,0.5088743377476931,0.6547333985567093,0.6341773763298988,0.6444553874433041,0.50703903157264
8,19,0.46832308173179626,0.4821272440254688,0.7490440785884858,0.7290567040443421,0.7390503913164139,0.47522516287863253
8,20,0.45254419995471834,0.5156750704161823,0.6617585361003876,0.6753211319446564,0.6685398340225219,0.48410963518545036
8,21,0.7170875430107116,0.7119072735309601,0.7914137303829193,0.8022652208805084,0.7968394756317139,0.7144974082708359
8,22,0.029184499173425138,0.0345472875982523,0.5455633938312531,0.5158640682697296,0.5307137310504914,0.031865893385838714
8,23,0.027081585256382823,0.02736421467270702,0.3735423803329468,0.4329923987388611,0.4032673895359039,0.02722289996454492
8,24,0.43868199586868284,0.3296204596757889,0.6526175677776337,0.6557362020015717,0.6541768848896027,0.38415122777223587
8,25,0.41169731318950653,0.36288684904575347,0.7631415843963623,0.7360746681690216,0.7496081262826919,0.38729208111763
8,26,0.2786054342985153,0.26966127902269366,0.6596691489219666,0.664487099647522,0.6620781242847442,0.27413335666060445
8,27,0.01033803177124355,0.010118405468529091,0.10193594545125961,0.17712278068065643,0.13952936306595803,0.01022821861988632
9,0,0.1673249624669552,0.13728062752634287,0.6128321886062622,0.5788846015930176,0.5958583950996399,0.15230279499664903
9,1,0.26829497665166857,0.25636573880910873,0.7439100325107575,0.717928433418274,0.7309192329645158,0.26233035773038865
9,2,0.264787819981575,0.29969003796577454,0.7684136748313903,0.7417482137680054,0.7550809442996979,0.28223892897367475
9,3,0.5704277455806732,0.48050187826156615,0.18423327356576918,0.18097204566001893,0.18260265961289407,0.5254648119211197
9,4,0.3065847396850586,0.37328122854232787,0.8013360381126404,0.7726431608200073,0.7869895994663239,0.3399329841136932
9,5,0.4892196759581566,0.4453213259577751,0.6524370312690735,0.627268648147583,0.6398528397083283,0.46727050095796585
9,6,0.31898491978645327,0.3792793285101652,0.7280152916908265,0.7111427664756775,0.719579029083252,0.34913212414830924
9,7,0.5513750433921814,0.5719463855028153,0.7669866561889649,0.7628091931343078,0.7648979246616363,0.5616607144474983
9,8,0.04588720221072436,0.02987074349075556,0.6143479108810425,0.6724016785621643,0.6433747947216033,0.03787897285073996
9,9,0.477504175901413,0.5119775027036667,0.7858531475067139,0.7799134135246277,0.7828832805156708,0.49474083930253987
9,10,0.13907120004296303,0.15813909620046615,0.6954261422157287,0.6759659171104431,0.6856960296630858,0.1486051481217146
9,11,0.22818666100502014,0.24080039709806442,0.7407792091369629,0.7407831072807312,0.740781158208847,0.23449352905154228
9,12,0.37653163485229013,0.417823588475585,0.7329846322536469,0.7283327877521515,0.7306587100028992,0.39717761166393756
9,13,0.48380333334207537,0.43636760041117667,0.6931184232234955,0.6610522449016571,0.6770853340625763,0.460085466876626
9,14,0.5463551439344883,0.5900984913110733,0.83115314245224,0.794051718711853,0.8126024305820465,0.5682268176227807
9,15,0.5285275518894196,0.5329326808452606,0.7610919713973999,0.7391453504562377,0.7501186609268189,0.5307301163673401
9,16,0.49217176660895345,0.508205097913742,0.7488191306591034,0.7318062543869018,0.7403126925230026,0.5001884322613477
9,17,0.33270097225904466,0.30741327404975893,0.7929848432540894,0.7694459915161133,0.7812154173851014,0.3200571231544018
9,18,0.2305974319577217,0.2124725103378296,0.6142745792865754,0.6391856849193573,0.6267301321029664,0.22153497114777565
9,19,0.5993191719055175,0.5854213178157807,0.818490731716156,0.8375935673713684,0.8280421495437622,0.5923702448606492
9,20,0.3925043545663357,0.391348921507597,0.756478202342987,0.7315346419811248,0.7440064221620559,0.39192663803696637
9,21,0.2913460202515125,0.29105794951319697,0.725740623474121,0.715077942609787,0.720409283041954,0.2912019848823547
9,22,0.2616730719804764,0.26285672187805176,0.7158779621124267,0.694667387008667,0.7052726745605469,0.2622648969292641
9,23,0.314587827026844,0.349082225561142,0.7610158085823059,0.6903622031211853,0.7256890058517456,0.331835026293993
9,24,0.4716934710741043,0.4805324137210846,0.7995561361312866,0.780301570892334,0.7899288535118103,0.47611294239759444
9,25,0.3947628676891327,0.4509944230318069,0.770531952381134,0.7434393644332886,0.7569856584072113,0.4228786453604698
9,26,0.5179864227771759,0.5278704404830933,0.7842410683631897,0.7800540685653686,0.7821475684642791,0.5229284316301346
9,27,0.473384740203619,0.42067126780748365,0.7441343605518341,0.6969060063362121,0.7205201834440231,0.4470280040055513
10,0,0.769414758682251,0.7561446130275726,0.7821418642997742,0.7444872617721557,0.763314563035965,0.7627796858549118
10,1,0.5427984714508056,0.5560058429837227,0.7796980917453766,0.7730782270431519,0.7763881593942643,0.5494021572172642
10,2,0.21670125126838685,0.16271066963672637,0.7845525622367859,0.7600396275520325,0.7722960948944092,0.1897059604525566
10,3,0.8231821060180664,0.8284687995910645,0.8820405602455139,0.8755898475646973,0.8788152039051056,0.8258254528045654
10,4,0.512058611959219,0.4998957872390747,0.58948535323143,0.6106429070234298,0.6000641301274299,0.5059771995991469
10,5,0.619765717536211,0.622410511225462,0.7560169517993927,0.7340576976537705,0.7450373247265816,0.6210881143808364
10,6,0.623047924041748,0.6013736248016357,0.646403843164444,0.6604974567890167,0.6534506499767303,0.6122107744216918
10,7,0.4631218656897545,0.4935998752713203,0.7868325233459472,0.7660243511199951,0.7764284372329712,0.47836087048053744
10,8,0.3087591763585806,0.2433400820940733,0.6545858919620514,0.6477430939674378,0.6511644929647447,0.2760496292263269
10,9,0.3285306066274643,0.3259602464735508,0.7555492758750916,0.6549329638481141,0.7052411198616029,0.3272454265505076
10,10,0.4450466945767403,0.4797361806035042,0.7726360023021698,0.7598416447639466,0.7662388235330582,0.46239143759012225
10,11,0.5619878962635994,0.5387784451246261,0.8636069416999816,0.869035542011261,0.8663212418556213,0.5503831706941127
10,12,0.3077838681638241,0.33206659331917765,0.6766993165016174,0.5883654177188873,0.6325323671102523,0.31992523074150087
10,13,0.3533791120629758,0.34070524680428205,0.6699757009744645,0.6806394308805466,0.6753075659275055,0.3470421794336289
10,14,0.49874034970998765,0.4824074484407902,0.7835288405418396,0.7624930500984192,0.7730109453201294,0.49057389907538895
10,15,0.5190404424443841,0.5128539407625794,0.6006903052330017,0.6279261142015458,0.6143082097172737,0.5159471916034817
10,16,0.5854959890246392,0.5852552771568298,0.6829600930213928,0.7035561561584472,0.6932581245899201,0.5853756330907345
10,17,0.3758324909955263,0.35817043818533423,0.6151400089263916,0.6693030834197998,0.6422215461730958,0.36700146459043026
10,18,0.343634020537138,0.29563743732869624,0.6682343423366547,0.6508062541484833,0.659520298242569,0.31963572893291714
10,19,0.695891672372818,0.7032814681529999,0.7708982229232788,0.7622949719429016,0.7665965974330902,0.6995865702629089
10,20,0.43947033733129504,0.4290969654917717,0.8365282535552978,0.8104596138000488,0.8234939336776733,0.43428365141153336
10,21,0.42211252078413963,0.39257691614329815,0.7115546286106109,0.6971306264400482,0.7043426275253295,0.4073447184637189
10,22,0.5416332848370076,0.5649904394522309,0.6113705188035965,0.6560549676418305,0.6337127432227134,0.5533118621446192
10,23,0.49172079339623453,0.49131880402565004,0.8035027325153351,0.7580836772918701,0.7807932049036026,0.4915197987109423
10,24,0.5669581323862076,0.490560220181942,0.45745283365249634,0.4602312445640564,0.45884203910827637,0.5287591762840749
10,25,0.47203066702932117,0.49160754065960643,0.6729995399713516,0.6306566506624222,0.6518280953168869,0.4818191038444638
10,26,0.5074244168587029,0.5166891667991876,0.7139326751232147,0.7406985938549042,0.7273156344890594,0.5120567918289453
10,27,0.2622069143690169,0.3317666722927243,0.6175345748662948,0.5979335680603981,0.6077340714633465,0.2969867933308706
11,0,0.7830207586288452,0.7916108250617981,0.7557239294052124,0.7689807772636413,0.7623523533344269,0.7873157918453217
11,1,0.4568714886903763,0.4633872866630554,0.6136195302009583,0.5640231132507324,0.5888213217258453,0.46012938767671585
11,2,0.8556891560554505,0.848062026500702,0.7354997754096985,0.7505337476730347,0.7430167615413665,0.8518755912780762
11,3,0.4558907873928547,0.45705102309584617,0.6172692716121674,0.6045618563890457,0.6109155640006065,0.4564709052443504
11,4,0.7375071227550507,0.74966761469841,0.8571715354919434,0.8387468039989472,0.8479591697454453,0.7435873687267304
11,5,0.6936061799526214,0.7001810878515243,0.8633814454078674,0.8601154446601867,0.8617484450340271,0.6968936339020728
11,6,0.4654744639992714,0.47444127649068835,0.7378139495849609,0.7508566498756408,0.7443352997303009,0.46995787024497987
11,7,0.3633520632982254,0.39367109090089797,0.8215591669082641,0.7456164717674255,0.7835878193378448,0.3785115770995617
11,8,0.1247884139418602,0.08563143014907837,0.7366792917251587,0.789884376525879,0.7632818341255188,0.10520992204546928
11,9,0.6943997800350189,0.6661589115858078,0.8339503049850464,0.8287940859794617,0.831372195482254,0.6802793458104133
11,10,0.6905002236366272,0.6750656276941299,0.830757999420166,0.8115461468696594,0.8211520731449127,0.6827829256653786
11,11,0.5159313187003136,0.45736576467752454,0.8116009473800659,0.8405984163284301,0.8260996818542481,0.4866485416889191
11,12,0.4871971011161804,0.43074330389499665,0.7495877027511597,0.772840416431427,0.7612140595912933,0.4589702025055885
11,13,0.786743301153183,0.791747510433197,0.8247548699378967,0.8110015690326691,0.8178782194852829,0.78924540579319
11,14,0.49877892099320886,0.5296827733516694,0.6813926994800568,0.605823689699173,0.6436081945896148,0.514230847172439
11,15,0.4817436136305332,0.5103751085698605,0.7590978741645813,0.7553830683231354,0.7572404712438583,0.4960593611001968
11,16,0.5855611145496369,0.5543378919363022,0.8188018083572388,0.8087973833084107,0.8137995958328248,0.5699495032429696
11,17,0.4256874732673168,0.4488753702491522,0.6974811971187591,0.7046166181564331,0.7010489076375961,0.4372814217582345
11,18,0.4741958070546389,0.4862749151885509,0.5939771294593811,0.5213547334074974,0.5576659314334392,0.48023536112159493
11,19,0.5698878459632397,0.5787828689441085,0.7951847732067108,0.7752607822418213,0.785222777724266,0.574335357453674
11,20,0.5265633262693882,0.5292269609868526,0.7934889972209931,0.775500476360321,0.7844947367906571,0.5278951436281204
11,21,0.4220739781856537,0.3094679594039917,0.6144232511520386,0.674449747800827,0.6444364994764328,0.3657709687948227
11,22,0.6600420832633972,0.6201025515794754,0.8567282557487488,0.8480696201324462,0.8523989379405975,0.6400723174214362
11,23,0.4759467959403992,0.44807764887809753,0.7963745594024658,0.7814634561538696,0.7889190077781677,0.46201222240924833
11,24,0.08538910634815693,0.09584220759570598,0.7723946928977966,0.7416750192642212,0.757034856081009,0.09061565697193145
11,25,0.43723702132701875,0.3937788516283035,0.7040242791175843,0.6800224661827088,0.6920233726501466,0.41550793647766116
11,26,0.4633046567440033,0.4410633325576782,0.8149873733520507,0.813012957572937,0.8140001654624939,0.45218399465084075
11,27,0.4679219931364059,0.4613439828157425,0.7611640810966491,0.7128674387931824,0.7370157599449157,0.4646329879760742
12,0,0.5112687237560749,0.47629163712263106,0.6958829522132873,0.7046667635440826,0.700274857878685,0.493780180439353
12,1,0.509531420469284,0.47659227848052976,0.8575096130371094,0.8370813131332397,0.8472954630851746,0.4930618494749069
12,2,0.3908005326986313,0.354830501973629,0.7069553136825562,0.7050315380096436,0.7059934258460998,0.37281551733613016
12,3,0.3912047041580081,0.38601595964282753,0.7145963847637177,0.7256880879402161,0.720142236351967,0.3886103319004178
12,4,0.4906646877527237,0.4581873267889023,0.8180285692214966,0.7780299246311188,0.7980292469263077,0.47442600727081297
12,5,0.1983786708675325,0.17848664484918117,0.6512189686298371,0.5704331278800965,0.6108260482549668,0.18843265785835683
12,6,0.5874782860279083,0.5754799842834473,0.8204553246498107,0.8190604209899902,0.8197578728199004,0.5814791351556778
12,7,0.4472797691822052,0.4539200007915497,0.6991973280906677,0.6480683088302612,0.6736328184604645,0.4505998849868774
12,8,0.6938758373260498,0.7017001271247864,0.8487236738204956,0.8415815353393554,0.8451526045799256,0.697787982225418
12,9,0.6284232378005982,0.6110983997583389,0.8366722226142883,0.8191638588905334,0.8279180407524109,0.6197608187794685
12,10,0.6778548359870911,0.6649957418441772,0.793394136428833,0.7969887018203735,0.7951914191246032,0.6714252889156341
12,11,0.7070219695568085,0.7117852091789245,0.7696550965309144,0.7694093763828278,0.7695322364568711,0.7094035893678665
12,12,0.7442830502986908,0.7523083686828613,0.8357785940170288,0.827731454372406,0.8317550241947174,0.7482957094907761
12,13,0.6448823988437653,0.6645809829235076,0.8368634700775146,0.8119973540306091,0.8244304120540619,0.6547316908836365
12,14,0.38293775767087934,0.37052206695079803,0.8190405368804932,0.7480464935302734,0.7835435152053833,0.3767299123108387
12,15,0.37774087190628053,0.32792708575725554,0.8313912868499755,0.8119102239608764,0.821650755405426,0.35283397883176804
12,16,0.1576079785823822,0.13272317945957185,0.6816756129264832,0.7146109461784362,0.6981432795524597,0.14516557902097704
12,17,0.5868229269981384,0.5424975574016571,0.8135456085205078,0.8190597772598267,0.8163026928901673,0.5646602421998977
12,18,0.41154567822813987,0.440789408236742,0.8177881956100463,0.8110718250274658,0.8144300103187561,0.42616754323244094
12,19,0.45953779220581054,0.3976927220821381,0.797715163230896,0.8015823245048523,0.7996487438678741,0.4286152571439743
12,20,0.1887395702302456,0.1940994754433632,0.8126748442649842,0.7558908462524414,0.7842828452587127,0.1914195228368044
12,21,0.4996696949005127,0.49757192879915235,0.8240244030952454,0.827729594707489,0.8258769989013672,0.49862081184983253
12,22,0.6461334884166717,0.6497509866952896,0.8459274291992187,0.8488434433937073,0.847385436296463,0.6479422375559807
12,23,0.5431704223155975,0.5982854157686234,0.7996112942695618,0.8134890556335449,0.8065501749515533,0.5707279190421104
12,24,0.26824863255023956,0.3024741321802139,0.7957657217979431,0.8035438537597657,0.7996547877788545,0.28536138236522673
12,25,0.6588467419147491,0.661748394370079,0.8640992999076843,0.8465784192085266,0.8553388595581055,0.6602975681424141
12,26,0.6484930336475372,0.6132199823856354,0.8480358719825745,0.8477327346801757,0.8478843033313751,0.6308565080165862
12,27,0.7529315114021301,0.726268595457077,0.8255261898040771,0.8176771402359009,0.821601665019989,0.7396000534296036
13,0,0.26946293041110037,0.2182638181373477,0.7258729934692383,0.687005877494812,0.7064394354820251,0.24386337427422403
13,1,0.31401338875293733,0.313296564668417,0.7138607680797577,0.7067383229732513,0.7102995455265045,0.31365497671067716
13,2,0.5661541789770126,0.5377878338098526,0.8076458215713501,0.8367423295974732,0.8221940755844117,0.5519710063934327
13,3,0.4014023900032043,0.3952451258897781,0.7975585460662842,0.7442838788032532,0.7709212124347686,0.3983237579464912
13,4,0.5887422025203705,0.4859293133020401,0.8465158700942993,0.8066929936408996,0.8266044318675995,0.5373357579112052
13,5,0.566307657957077,0.49313930571079256,0.8528975129127503,0.8209231972694397,0.836910355091095,0.5297234818339348
13,6,0.3899475634098053,0.3580554351210594,0.7303754925727844,0.7247721672058105,0.7275738298892975,0.37400149926543236
13,7,0.6979532718658448,0.704883474111557,0.8355225324630737,0.7975842356681824,0.816553384065628,0.7014183729887009
13,8,0.34878604477271435,0.35990092866122725,0.4728992998600006,0.5185984641313552,0.4957488819956779,0.3543434867169708
13,9,0.5394371641799808,0.5291649119928479,0.7206526756286621,0.6874778032302856,0.7040652394294739,0.5343010380864144
13,10,0.4996217381209135,0.5157170489430427,0.6943896174430847,0.7150713384151459,0.7047304779291153,0.507669393531978
13,11,0.663756501674652,0.5935225367546082,0.7485105991363525,0.7885931015014649,0.7685518503189087,0.6286395192146301
13,12,0.5993723094463348,0.531201782822609,0.8133543968200684,0.7978346109390259,0.8055945038795471,0.5652870461344719
13,13,0.47798793483525515,0.5104143668431789,0.569081836938858,0.594009992480278,0.5815459147095681,0.494201150839217
13,14,0.5832011997699738,0.5426830440759659,0.8430252552032471,0.8098980188369751,0.8264616370201111,0.5629421219229698
13,15,0.4109916344285011,0.41003344506025313,0.8010701537132263,0.7406665265560151,0.7708683401346207,0.4105125397443771
13,16,0.5976165652275085,0.5494878053665161,0.832231879234314,0.7619093060493469,0.7970705926418304,0.5735521852970122
13,17,0.7374207437038421,0.6751003324985504,0.8427913308143615,0.8256111025810242,0.8342012166976929,0.7062605381011963
13,18,0.5925676256418229,0.5761509776115418,0.7937515020370484,0.7909239530563354,0.7923377275466919,0.5843593016266824
13,19,0.5072227835655212,0.4546217054128647,0.8002172827720642,0.7466314792633056,0.7734243810176848,0.48092224448919296
13,20,0.5246044605970382,0.514434389770031,0.8347905874252319,0.7990708887577057,0.8169307380914688,0.5195194251835347
13,21,0.6216406047344207,0.5939607799053193,0.873814606666565,0.83328298330307,0.8535487949848175,0.60780069231987
13,22,0.6149601638317108,0.5815813273191452,0.8484749555587768,0.806354284286499,0.827414619922638,0.598270745575428
13,23,0.5301237612962723,0.5115499526262284,0.8314738035202026,0.7871819734573364,0.8093278884887696,0.5208368569612503
13,24,0.6626635074615479,0.6304652363061904,0.8249898076057434,0.7911964416503906,0.8080931246280669,0.6465643718838692
13,25,0.4228987067937851,0.3730388402938843,0.7755526423454284,0.7396935284137726,0.7576230853796004,0.3979687735438347
13,26,0.6608680665493012,0.6257601201534271,0.8269289374351502,0.810310673713684,0.8186198055744172,0.6433140933513641
13,27,0.6183541178703308,0.5745348244905472,0.8450886249542237,0.816202712059021,0.8306456685066224,0.596444471180439
14,0,0.004839386924868449,0.004354458815214457,0.27880005836486815,0.2740295395255089,0.2764147989451885,0.004596922870041454
14,1,0.18517981916666032,0.11886410489678383,0.7366531491279602,0.6544330000877381,0.6955430746078491,0.15202196203172208
14,2,0.16085282415151597,0.09804040938615799,0.7210158705711365,0.651372754573822,0.6861943125724792,0.12944661676883698
14,3,0.10370365232229233,0.08583158552646637,0.6357580363750458,0.6331744968891144,0.6344662666320802,0.09476761892437935
14,4,0.02425735571887344,0.01673054872371722,0.3762353748083115,0.5435280203819275,0.4598816975951195,0.020493952221295332
14,5,0.3992964506149292,0.3023101717233658,0.6098762571811676,0.6727980971336365,0.641337177157402,0.3508033111691475
14,6,0.12906283140182495,0.05884595364332199,0.46015040278434755,0.5616482257843017,0.5108993142843247,0.09395439252257347
14,7,0.1694028228521347,0.17715029418468475,0.7136919617652893,0.6320019781589508,0.67284696996212,0.17327655851840973
14,8,0.18162593469023705,0.1743848703801632,0.3501582533121109,0.19510855227708818,0.2726334027945996,0.17800540253520014
14,9,0.5430014967918396,0.5346428029239177,0.7059265434741974,0.6939364612102509,0.6999315023422241,0.5388221498578787
14,10,0.6937877297401428,0.6749944806098938,0.7417221426963806,0.7204034805297852,0.7310628116130828,0.6843911051750182
14,11,0.7694188714027405,0.7399053931236267,0.7513214588165283,0.6971364736557006,0.7242289662361145,0.7546621322631836
14,12,0.4509302616119385,0.4573502242565155,0.7518430352210999,0.7154787182807922,0.733660876750946,0.454140242934227
14,13,0.6707580745220184,0.6612166225910187,0.6809312880039216,0.583159726858139,0.6320455074310303,0.6659873485565185
14,14,0.36460053771734235,0.3541939064860344,0.6199424028396606,0.5282851099967957,0.5741137564182281,0.35939722210168834
14,15,0.22228309214115144,0.22365481331944465,0.6849124670028687,0.5179307281970977,0.6014215975999833,0.22296895273029804
14,16,0.5456698477268219,0.5788616120815278,0.7072800636291504,0.6750954866409302,0.6911877751350404,0.5622657299041749
14,17,0.3064321890473366,0.3282203361392021,0.39718575179576876,0.49900089502334594,0.4480933234095573,0.31732626259326935
14,18,0.2438670963048935,0.20211074203252793,0.6268943786621094,0.6580909490585327,0.642492663860321,0.22298891916871072
14,19,0.34724952578544616,0.3312400683760643,0.6017452597618103,0.5625783622264862,0.5821618109941482,0.3392447970807552
14,20,0.38281541168689726,0.366872763633728,0.6894952833652497,0.7088528871536255,0.6991740852594376,0.37484408766031263
14,21,0.4428545594215393,0.4088817059993744,0.6797567486763001,0.6673042476177216,0.6735304981470108,0.42586813271045687
14,22,0.6459904730319976,0.6008947253227234,0.7751163721084595,0.7784636378288269,0.7767900049686431,0.6234425991773604
14,23,0.48613602221012114,0.5111709892749786,0.7681532740592957,0.7308427691459656,0.7494980216026306,0.49865350574254985
14,24,0.6645543992519378,0.6498618423938751,0.7596634984016418,0.7282720804214478,0.7439677894115448,0.6572081208229065
14,25,0.34265778847038747,0.34690416865050794,0.7309428453445435,0.7463081836700439,0.7386255145072937,0.3447809785604477
14,26,0.49810861349105834,0.4468783885240555,0.6443853676319122,0.6134182572364807,0.6289018124341965,0.47249350100755694
14,27,0.2644933134317398,0.25412292331457137,0.7396827220916748,0.7007857203483582,0.7202342212200166,0.2593081183731556
15,0,0.7650400817394256,0.762197345495224,0.7975121557712554,0.8139770090579986,0.805744582414627,0.7636187136173248
15,1,0.6890701115131378,0.7053021788597107,0.7071683049201966,0.6945625185966492,0.7008654117584229,0.6971861451864243
15,2,0.7450014054775238,0.7529123246669769,0.7825468301773071,0.7848456621170044,0.7836962461471557,0.7489568650722503
15,3,0.7238053053617477,0.7276369780302048,0.7801982522010803,0.8046353220939636,0.792416787147522,0.7257211416959762
15,4,0.7520829916000367,0.7623220324516297,0.7703694701194763,0.7328845262527466,0.7516269981861115,0.7572025120258332
15,5,0.6273037537932395,0.6119831435382366,0.633214282989502,0.6602567553520202,0.6467355191707611,0.6196434486657381
15,6,0.7155172169208527,0.7057323187589646,0.708739823102951,0.6735596001148224,0.6911497116088867,0.7106247678399087
15,7,0.7982648253440857,0.7894535064697266,0.8410997748374939,0.8310771107673645,0.8360884428024291,0.7938591659069061
15,8,0.6298379018902779,0.6215218231081963,0.6623686611652374,0.6523525655269623,0.6573606133460999,0.625679862499237
15,9,0.5785423036664724,0.5905014391988516,0.6851920366287232,0.7293905735015869,0.707291305065155,0.584521871432662
15,10,0.7915197253227234,0.7854086458683014,0.8206454992294312,0.8151467680931092,0.8178961336612702,0.7884641855955123
15,11,0.5336757957935333,0.5392337299883365,0.6329039037227631,0.6560560882091522,0.6444799959659576,0.5364547628909349
15,12,0.6563274040818214,0.6346510536968708,0.7790440917015076,0.7815539300441742,0.7802990108728409,0.6454892288893461
15,13,0.709671550989151,0.6784575998783111,0.7994768917560577,0.7993780374526978,0.7994274646043777,0.6940645754337311
15,14,0.28848378360271454,0.22926222383975983,0.7237382173538208,0.698456072807312,0.7110971450805664,0.25887300372123717
15,15,0.31945849359035494,0.3169860064983368,0.7142018437385559,0.6252750813961029,0.6697384625673294,0.3182222500443459
15,16,0.7785212159156799,0.7854614496231079,0.8571992874145508,0.8406469464302063,0.8489231169223785,0.7819913327693939
15,17,0.7819270253181457,0.7721216082572937,0.8017979502677918,0.7837103247642517,0.7927541375160218,0.7770243167877198
15,18,0.25186777412891387,0.20991754978895188,0.6660747647285461,0.555769270658493,0.6109220176935195,0.23089266195893288
15,19,0.696359646320343,0.6535375475883484,0.7645121693611145,0.7476314902305603,0.7560718297958374,0.6749485969543456
15,20,0.07527934089303016,0.04749601483345032,0.6435831844806671,0.6008862614631653,0.6222347229719162,0.061387677863240245
15,21,0.5878928661346435,0.5817375525832176,0.7031257271766662,0.6592547118663787,0.6811902195215225,0.5848152093589305
15,22,0.6776620000600815,0.6350260436534881,0.8422151446342468,0.8304206967353821,0.8363179206848145,0.6563440218567849
15,23,0.6468124359846115,0.6331788927316666,0.7510732650756836,0.7103822588920593,0.7307277619838715,0.639995664358139
15,24,0.4248786062002182,0.4130977690219879,0.8010748028755188,0.8061364650726318,0.8036056339740754,0.41898818761110307
15,25,0.6606488347053527,0.6417949020862579,0.8280381202697754,0.8441896319389344,0.836113876104355,0.6512218683958053
15,26,0.6491663873195648,0.6285205990076065,0.7206882238388062,0.7346255481243134,0.7276568859815598,0.6388434931635856
15,27,0.5865768730640412,0.5650172397494316,0.8334270238876342,0.7718069672584533,0.8026169955730438,0.5757970564067364
16,0,0.16925059109926224,0.14167799502611161,0.6276425123214722,0.538383024930954,0.5830127686262131,0.15546429306268694
16,1,0.41169820427894593,0.3819456398487091,0.7204782485961914,0.6899743676185608,0.7052263081073761,0.3968219220638275
16,2,0.29741435050964354,0.292081792652607,0.6627098679542541,0.6260432362556457,0.6443765521049499,0.29474807158112526
16,3,0.4102828145027161,0.3802490055561066,0.7182230353355408,0.6824061512947083,0.7003145933151245,0.39526591002941136
16,4,0.48775995075702666,0.48116560876369474,0.7200042366981506,0.6625653743743897,0.6912848055362701,0.4844627797603607
16,5,0.4574289619922638,0.3968323081731796,0.742435610294342,0.747274649143219,0.7448551297187804,0.4271306350827217
16,6,0.3985827773809433,0.4230971932411194,0.6793563842773438,0.6289858400821686,0.6541711121797562,0.41083998531103133
16,7,0.11036293506622315,0.05288324244320393,0.5806020200252533,0.6769574761390686,0.628779748082161,0.08162308875471354
16,8,0.6000287026166916,0.5682958662509918,0.7426404774188995,0.7184162914752961,0.7305283844470978,0.5841622844338417
16,9,0.04608836304396391,0.06564981341362,0.5496975004673004,0.5056994378566741,0.5276984691619873,0.055869088228791955
16,10,0.4193567931652069,0.4001004099845886,0.6191275477409363,0.6292681574821473,0.6241978526115417,0.40972860157489777
16,11,0.2551750212907791,0.19982270896434784,0.6992231845855713,0.6943298220634461,0.6967765033245087,0.22749886512756348
16,12,0.05218526981770992,0.05716742649674415,0.5727154612541199,0.6319411873817444,0.6023283243179322,0.05467634815722704
16,13,0.012695085257291794,0.011833845707587897,0.5617074966430664,0.6767286360263824,0.6192180663347244,0.012264465482439845
16,14,0.13267325460910798,0.1112278275191784,0.48769941329956057,0.5302231073379516,0.5089612603187561,0.12195054106414319
16,15,0.20135458409786225,0.20431084781885148,0.5803823828697204,0.6010100066661834,0.5906961947679519,0.20283271595835686
16,16,0.4099526464939117,0.4023784875869751,0.6868583559989929,0.6791088700294494,0.6829836130142212,0.4061655670404434
16,17,0.3460138350725174,0.2677295535802841,0.6994063019752502,0.6404634535312652,0.6699348777532577,0.3068716943264007
16,18,0.5515227317810059,0.556294846534729,0.7307908415794373,0.6975126504898072,0.7141517460346223,0.5539087891578675
16,19,0.5108084142208099,0.4778973996639252,0.7470370292663574,0.7583963871002197,0.7527167081832886,0.49435290694236755
16,20,0.31239529252052306,0.2989936426281929,0.6443607449531555,0.6517173647880554,0.6480390548706054,0.305694467574358
16,21,0.5875735014677048,0.5758099675178527,0.7957190692424774,0.7771833658218383,0.7864512175321579,0.5816917344927788
16,22,0.45530158579349517,0.3730237349867821,0.6709093630313874,0.6946828544139863,0.6827961087226868,0.4141626603901386
16,23,0.5751726239919662,0.5461827799677849,0.7377628982067108,0.6986164093017578,0.7181896537542343,0.5606777019798755
16,24,0.7606793642044067,0.7326835572719574,0.7696583688259124,0.7792073845863342,0.7744328767061233,0.7466814607381821
16,25,0.6479489803314209,0.5883048087358475,0.7959559679031372,0.7921469330787658,0.7940514504909515,0.6181268945336342
16,26,0.6616007775068283,0.6340823918581009,0.7657391905784607,0.7683451890945434,0.7670421898365021,0.6478415846824646
16,27,0.39999125599861146,0.31891619265079496,0.6625543355941772,0.6344837069511413,0.6485190212726593,0.35945372432470324
17,0,0.5136206448078156,0.4840348094701767,0.6888050079345703,0.7158133387565613,0.7023091733455658,0.49882772713899615
17,1,0.7191273778676986,0.699799332022667,0.8036763310432434,0.7928264737129211,0.7982514023780822,0.7094633549451828
17,2,0.6033613175153733,0.5707382231950759,0.7513117671012879,0.7322105288505554,0.7417611479759216,0.5870497703552247
17,3,0.6736071586608887,0.6574024587869645,0.7738693356513977,0.7560884058475494,0.7649788707494736,0.6655048087239266
17,4,0.6235968470573425,0.5920666098594666,0.7851073980331421,0.7918808937072754,0.7884941458702088,0.6078317284584045
17,5,0.7142050683498382,0.7054288178682327,0.7962240278720856,0.7934866309165954,0.7948553293943406,0.7098169431090355
17,6,0.6226448759436607,0.6046582326292992,0.7859661936759949,0.7864106953144073,0.7861884444952011,0.61365155428648
17,7,0.05797149129211902,0.033838729932904245,0.5484564006328583,0.5744259178638458,0.561441159248352,0.04590511061251164
17,8,0.04861513040959835,0.03138488130643964,0.5738241314888001,0.6381400227546692,0.6059820771217346,0.040000005858018994
17,9,0.636768913269043,0.6443493038415908,0.7898112773895264,0.7912047505378723,0.7905080139636993,0.6405591085553168
17,10,0.1196064069867134,0.1288422964513302,0.6337960004806519,0.63651442527771,0.6351552128791809,0.1242243517190218
17,11,0.5127398565411567,0.4912997178733349,0.7290572702884675,0.7193528950214386,0.7242050826549531,0.5020197872072458
17,12,0.4116976410150528,0.3939403146505356,0.6467418730258941,0.6928651809692383,0.6698035269975662,0.4028189778327942
17,13,0.18928890377283097,0.15129250138998032,0.6222220897674561,0.6621238470077515,0.6421729683876038,0.17029070258140566
17,14,0.17502696216106414,0.10624362006783486,0.6615595102310181,0.6546930134296417,0.6581262618303299,0.1406352911144495
17,15,0.12006267607212066,0.10768754184246063,0.6678997159004212,0.5900302231311798,0.6289649695158005,0.11387510895729064
17,16,0.45990780293941497,0.3371954381465912,0.7338723301887512,0.662077009677887,0.6979746699333191,0.3985516205430031
17,17,0.4622939318418503,0.3512027710676193,0.73541738986969,0.7170004367828369,0.7262089133262635,0.4067483514547348
17,18,0.19002388864755632,0.14524179548025132,0.558583241701126,0.6893905401229858,0.623986890912056,0.16763284206390383
17,19,0.09442431107163429,0.10506943687796592,0.5859360814094543,0.5261441767215729,0.5560401290655136,0.09974687397480012
17,20,0.1851767361164093,0.12625710815191268,0.6531846523284912,0.6612217664718628,0.657203209400177,0.155716922134161
17,21,0.7455479860305786,0.719948148727417,0.7804855108261108,0.7390033602714539,0.7597444355487823,0.7327480673789978
17,22,0.7167493104934692,0.6948868632316589,0.7614492535591125,0.7548053503036499,0.7581273019313812,0.7058180868625641
17,23,0.712949687242508,0.705623573064804,0.7400453805923461,0.741876196861267,0.7409607887268066,0.709286630153656
17,24,0.2510328143835068,0.2469137966632843,0.6025312542915344,0.5574338734149933,0.5799825638532639,0.24897330552339553
17,25,0.7119686722755432,0.7065797746181488,0.7642571568489075,0.7494121789932251,0.7568346679210662,0.709274223446846
17,26,0.5204581081867218,0.5305841624736786,0.7117428183555603,0.6674900889396668,0.6896164536476135,0.5255211353302002
17,27,0.6819864630699157,0.6574718654155731,0.7449437618255615,0.7443145155906677,0.7446291387081146,0.6697291642427444
18,0,0.613417674601078,0.585314130783081,0.6970538914203643,0.6839427828788758,0.6904983371496201,0.5993659026920795
18,1,0.5304957002401351,0.520946916937828,0.6655976057052613,0.6839091539382934,0.6747533798217773,0.5257213085889816
18,2,0.46971787959337236,0.4303641006350517,0.6665435820817948,0.6851106852293014,0.6758271336555481,0.45004099011421206
18,3,0.4366299260407686,0.4408524040132761,0.5937503188848495,0.6105055689811707,0.6021279439330101,0.4387411650270223
18,4,0.6398505926132202,0.6384078294038773,0.7881362557411193,0.7898159980773926,0.7889761269092559,0.6391292110085487
18,5,0.6529752790927887,0.6012849837541581,0.7747035026550293,0.7783401846885681,0.7765218436717987,0.6271301314234734
18,6,0.5357888400554657,0.519646218419075,0.7699041485786438,0.7604463517665863,0.765175250172615,0.5277175292372703
18,7,0.18916744711941647,0.08941174745559692,2.342608690923953e-05,4.47182228526799e-06,1.3948954597253759e-05,0.1392895972875067
18,8,0.6703313410282135,0.6325733661651611,0.795798921585083,0.7821133613586426,0.7889561414718629,0.6514523535966873
18,9,0.5040647245943546,0.4965061128139496,0.6783407747745513,0.6558034956455231,0.6670721352100373,0.5002854187041521
18,10,0.2535334795713425,0.1586647093296051,0.7559700965881347,0.7741222143173218,0.7650461554527282,0.2060990944504738
18,11,0.6653495728969574,0.6101390719413757,0.7983308911323548,0.7831156730651856,0.7907232820987702,0.6377443224191666
18,12,0.725960659980774,0.6959945678710937,0.7867030501365662,0.7756497859954834,0.7811764180660248,0.7109776139259338
18,13,0.6005564391613006,0.5369047686457634,0.8051327347755433,0.7986941814422608,0.801913458108902,0.568730603903532
18,14,0.5925978153944016,0.5771867960691452,0.7624493837356567,0.7428540468215943,0.7526517152786255,0.5848923057317734
18,15,0.6718327403068542,0.6173990488052368,0.7597400069236755,0.7657145619392395,0.7627272844314574,0.6446158945560455
18,16,0.36042501628398893,0.3164017766714096,0.5189670264720917,0.521003270149231,0.5199851483106613,0.3384133964776993
18,17,0.4583729788661003,0.397506982088089,0.6772707223892211,0.6782636046409607,0.6777671635150909,0.42793998047709464
18,18,0.47868605256080626,0.46200228929519654,0.7426990509033203,0.738379693031311,0.7405393719673157,0.4703441709280014
18,19,0.647232037782669,0.6379025638103485,0.7911951422691346,0.7789999127388001,0.7850975275039673,0.6425673007965087
18,20,0.5763043224811554,0.5477076530456543,0.6551036179065705,0.6615094065666198,0.6583065122365952,0.5620059877634048
18,21,0.6463058307766915,0.640013399720192,0.7945768594741821,0.7880425155162811,0.7913096874952317,0.6431596152484418
18,22,0.7462651669979096,0.7220351338386536,0.7935553193092346,0.7805687308311462,0.7870620250701904,0.7341501504182816
18,23,0.3877912700176239,0.26600435078144075,0.7652817130088806,0.7919510960578918,0.7786164045333862,0.32689781039953236
18,24,0.761198204755783,0.7367761552333831,0.8152288794517517,0.8099916458129883,0.81261026263237,0.7489871799945831
18,25,0.7071709632873535,0.6824997454881668,0.7889514446258545,0.7671443223953247,0.7780478835105896,0.6948353543877601
18,26,0.5382970482110977,0.4290249764919281,0.8194047808647156,0.8200420618057251,0.8197234213352204,0.48366101235151293
18,27,0.611783892661333,0.6033755779266358,0.7438638210296631,0.7416484951972961,0.7427561581134796,0.6075797352939845
19,0,0.2244137039000634,0.5622813417764547,0.4817999988794327,0.4675342209637165,0.47466710992157457,0.3933475228382591
19,1,0.354856339097023,0.32997760847210883,0.6067795634269715,0.622398990392685,0.6145892769098282,0.3424169737845659
19,2,0.3834571599960327,0.4257582902908325,0.6198100447654724,0.6299006760120391,0.6248553603887558,0.4046077251434326
19,3,0.2849826097488403,0.27033317387104033,0.659468126296997,0.664047634601593,0.661757880449295,0.2776578918099403
19,4,0.2794856809079647,0.2744565322995186,0.6820669710636139,0.6929375529289246,0.6875022619962692,0.2769711066037417
19,5,0.4967018306255341,0.40850231647491453,0.6935769140720367,0.6695700585842133,0.681573486328125,0.4526020735502243
19,6,0.16983893662691116,0.13838428556919097,0.6743432283401489,0.6627037584781647,0.6685234934091568,0.15411161109805105
19,7,0.6513120755553246,0.6192271284759044,0.7597968518733978,0.7656098365783691,0.7627033442258835,0.6352696020156146
19,8,0.5539627600461244,0.5469654232263566,0.5593761816620827,0.5090704500675202,0.5342233158648014,0.5504640916362404
19,9,0.5836769819259644,0.5754582300782204,0.5915822327136994,0.6143478006124496,0.6029650166630744,0.5795676060020925
19,10,0.6580702662467957,0.6343361079692841,0.7243274688720703,0.695536869764328,0.7099321693181992,0.6462031871080398
19,11,0.6325322836637497,0.6190586104989052,0.7415969669818878,0.7466891050338745,0.7441430360078811,0.6257954470813274
19,12,0.5281495615839958,0.518533430248499,0.6289502501487731,0.6192587405443192,0.6241044953465462,0.5233414959162475
19,13,0.547464270144701,0.5534930106252431,0.5003428161144257,0.5103300184011459,0.5053364172577858,0.5504786403849721
19,14,0.3364640474319458,0.3060782253742218,0.4925724148750305,0.5385903120040894,0.51558136343956,0.3212711364030838
19,15,0.10121984928846359,0.06423154026269913,0.3690599322319031,0.4735660254955292,0.4213129788637161,0.08272569477558137
19,16,0.33930489867925645,0.24011878967285155,0.543750262260437,0.5838154673576355,0.5637828648090362,0.289711844176054
19,17,0.39125162959098814,0.35930622220039365,0.5795962929725647,0.5757206022739411,0.5776584476232529,0.3752789258956909
19,18,0.49654000997543335,0.38136616349220276,0.7145813941955567,0.7151111483573913,0.714846271276474,0.43895308673381805
19,19,0.45860907435417175,0.3845797717571259,0.5888604760169983,0.6321249604225159,0.610492718219757,0.4215944230556488
19,20,0.14228110909461975,0.09598853886127472,0.4687361717224121,0.5525688111782074,0.5106524914503098,0.11913482397794722
19,21,0.41272778809070587,0.3793420374393463,0.5947718858718872,0.5920982122421264,0.5934350490570068,0.3960349127650261
19,22,0.4113444149494171,0.40132122933864595,0.5801125645637513,0.5942139565944672,0.5871632605791093,0.40633282214403155
19,23,0.3138509809970856,0.23584772050380706,0.5556312680244446,0.5631571114063263,0.5593941897153855,0.2748493507504463
19,24,0.49513089656829834,0.461070317029953,0.5978752136230469,0.5842621028423309,0.591068658232689,0.4781006067991257
19,25,0.4741806238889694,0.4418138235807419,0.5819492399692535,0.5764082372188568,0.5791787385940552,0.45799722373485563
19,26,0.6501065075397492,0.5944833755493164,0.7103449165821075,0.7211111903190612,0.7157280534505843,0.6222949415445328
19,27,0.35097538530826566,0.29219099432229995,0.5157381057739258,0.5518205642700196,0.5337793350219726,0.3215831898152828
20,0,0.6663453429937363,0.6499433666467667,0.6820891857147217,0.6718772292137146,0.6769832074642181,0.6581443548202515
20,1,0.5719185173511505,0.5714390963315964,0.6288766920566559,0.640185433626175,0.6345310628414154,0.5716788068413734
20,2,0.6041621297597886,0.5837423771619796,0.7303183674812317,0.7232796311378479,0.7267989993095398,0.5939522534608841
20,3,0.7368788897991181,0.6886794149875641,0.6843875050544739,0.7278854250907898,0.7061364650726318,0.7127791523933411
20,4,0.6413010507822037,0.6535421133041381,0.7070782363414765,0.7042926192283631,0.7056854277849198,0.6474215820431709
20,5,0.6359053373336792,0.6021894752979279,0.7134361565113068,0.6964882254600525,0.7049621909856796,0.6190474063158036
20,6,0.6152404963970184,0.6146773099899292,0.6791244506835937,0.6859860122203827,0.6825552314519883,0.6149589031934738
20,7,0.39677524864673613,0.34514480978250506,0.625774747133255,0.6481456816196441,0.6369602143764496,0.37096002921462057
20,8,0.14881355166435242,0.0960760772228241,0.5369977831840516,0.5344469726085663,0.5357223778963089,0.12244481444358826
20,9,0.10398559421300888,0.06590410023927688,0.5169908463954925,0.5240474760532379,0.5205191612243651,0.08494484722614287
20,10,0.5084760516881943,0.5032927900552749,0.556218022108078,0.5281823992729187,0.5422002106904984,0.5058844208717346
20,11,0.1844889298081398,0.14351467788219452,0.5209671854972839,0.6005296528339386,0.5607484191656112,0.16400180384516716
20,12,0.22054905146360398,0.1985664337873459,0.5752107322216033,0.5793580710887909,0.5772844016551971,0.20955774262547494
20,13,0.44269577860832215,0.363990019261837,0.6049421787261963,0.6269599914550781,0.6159510850906371,0.4033428989350796
20,14,0.5821816891431808,0.562320676445961,0.6380695283412934,0.609479033946991,0.6237742811441422,0.5722511827945709
20,15,0.6233910381793976,0.5874095439910889,0.577797394990921,0.5813747942447662,0.5795860946178436,0.6054002910852432
20,16,0.5491740226745605,0.48959910571575166,0.5597704291343689,0.4836385786533356,0.5217045038938523,0.519386564195156
20,17,0.3569251596927643,0.35606609284877777,0.5109196066856384,0.5701166808605194,0.5405181437730788,0.356495626270771
20,18,0.44057013988494875,0.4147952377796173,0.4657870292663574,0.5192899942398072,0.4925385117530823,0.427682688832283
20,19,0.47745163440704347,0.48433918356895445,0.5335070073604584,0.5591609895229339,0.5463339984416962,0.480895408987999
20,20,0.557499349117279,0.5322283148765564,0.5734430968761444,0.541271698474884,0.5573573976755142,0.5448638319969177
20,21,0.43561423420906065,0.4062549710273743,0.6201670110225678,0.6435633480548859,0.6318651795387269,0.42093460261821747
20,22,0.5546822905540466,0.5570343613624573,0.6899093091487885,0.6811614871025086,0.6855353981256485,0.5558583259582519
20,23,0.5523241758346558,0.5610551059246063,0.6617791771888732,0.6690224230289459,0.6654008001089096,0.556689640879631
20,24,0.6482364714145661,0.5843846678733826,0.6769472360610962,0.6567334771156311,0.6668403565883636,0.6163105696439743
20,25,0.6064740568399429,0.6051465094089508,0.6768432140350342,0.7067551076412201,0.6917991608381271,0.6058102831244468
20,26,0.40258445143699645,0.41394842863082887,0.543759959936142,0.5743396401405334,0.5590498000383377,0.40826644003391266
20,27,0.528074324131012,0.5333968967199325,0.6385373055934906,0.6498953223228454,0.644216313958168,0.5307356104254722
21,0,0.1672195464372635,0.16797742247581482,0.5085730016231537,0.5221658527851105,0.515369427204132,0.16759848445653916
21,1,0.45468350648880007,0.43096495866775514,0.6633565902709961,0.6322030007839203,0.6477797955274582,0.44282423257827763
21,2,0.3111398845911026,0.3169168084859848,0.6159938871860504,0.6111902236938477,0.613592055439949,0.3140283465385437
21,3,0.46081889271736143,0.35926673710346224,0.6483707010746003,0.6839404582977295,0.6661555796861649,0.41004281491041183
21,4,0.42896094024181364,0.4339068800210953,0.5811528861522675,0.6169025897979736,0.5990277379751205,0.4314339101314545
21,5,0.18404436111450195,0.13648207485675812,0.5883414149284363,0.5676488697528839,0.5779951423406601,0.16026321798563004
21,6,0.6349405825138092,0.6169833183288574,0.7443992614746093,0.7696763515472412,0.7570378065109253,0.6259619504213334
21,7,0.5039353370666504,0.48089351058006286,0.663731825351715,0.6822185754776001,0.6729752004146576,0.49241442382335665
21,8,0.6030960440635681,0.5496220707893371,0.6568104863166809,0.6647580981254577,0.6607842922210694,0.5763590574264525
21,9,0.536966721713543,0.5383982852101326,0.5716765373945236,0.5437436044216156,0.5577100709080696,0.5376825034618378
21,10,0.47862400114536285,0.46822096705436705,0.6265679001808167,0.5930330336093903,0.6098004668951035,0.473422484099865
21,11,0.782168185710907,0.7913728475570678,0.7660056233406067,0.7327034533023834,0.749354538321495,0.7867705166339873
21,12,0.6448145091533661,0.6622034996747971,0.7358061492443084,0.6740509569644928,0.7049285531044006,0.6535090044140817
21,13,0.19438059478998185,0.16507557034492493,0.5255045711994171,0.4672694504261017,0.4963870108127594,0.17972808256745337
21,14,0.22197223901748658,0.1690769225358963,0.7285181879997253,0.7125641226768493,0.7205411553382873,0.19552458077669144
21,15,0.45140873808413745,0.5217727513983845,0.609010761976242,0.6061524957418442,0.6075816288590431,0.48659074474126096
21,16,0.4178097750991583,0.4320311166346073,0.7781837522983551,0.7556730568408966,0.7669284045696259,0.4249204458668828
21,17,0.25792638063430784,0.17088003158569337,0.592446255683899,0.6061058044433594,0.5992760300636292,0.2144032061100006
21,18,0.6584247529506684,0.6557944238185882,0.6976591944694519,0.7236700356006622,0.7106646150350571,0.6571095883846283
21,19,0.5954954981803894,0.5282211542129517,0.6653164327144623,0.6120313465595245,0.6386738896369935,0.5618583261966705
21,20,0.5373819679021835,0.5505268484354019,0.5546219944953918,0.5592703521251678,0.5569461733102798,0.5439544081687927
21,21,0.5274867385625839,0.5261143118143081,0.6320783495903015,0.6481223106384277,0.6401003301143646,0.526800525188446
21,22,0.4050682246685028,0.41841391921043397,0.5557963728904725,0.5364821076393127,0.5461392402648926,0.4117410719394684
21,23,0.47279589921236037,0.4304719418287277,0.7309053778648377,0.7178958892822266,0.7244006335735321,0.4516339205205441
21,24,0.44954091906547544,0.44022741317749026,0.6102139294147492,0.5973475039005279,0.6037807166576385,0.44488416612148285
21,25,0.12277832403779029,0.11712333932518959,0.5541982412338257,0.5115614771842957,0.5328798592090607,0.11995083168148994
21,26,0.3170215755701065,0.3230705037713051,0.540229469537735,0.5460762679576874,0.5431528687477112,0.3200460396707058
21,27,0.3904950588941574,0.4186478078365326,0.5928543448448181,0.5734180331230163,0.5831361889839173,0.404571433365345
22,0,0.1816074714064598,0.12909046709537506,0.3964600503444672,0.3893824517726898,0.3929212510585785,0.15534896925091743
22,1,0.0638925114646554,0.045800776313990356,0.31056914031505584,0.35692944526672366,0.3337492927908897,0.05484664388932288
22,2,0.21809170246124268,0.17797222435474397,0.4749385088682175,0.5631778359413147,0.519058172404766,0.19803196340799334
22,3,0.02400320864690002,0.02400255931879656,0.36005631983280184,0.43177312016487124,0.39591471999883654,0.02400288398284829
22,4,0.009309733961708843,0.006223172208410688,0.27126285135746003,0.26327175796031954,0.2672673046588898,0.007766453085059766
22,5,0.06790306754410266,0.053888209350407126,0.34266507923603057,0.36005387306213377,0.35135947614908214,0.060895638447254895
22,6,0.09838454667478799,0.09199165757745505,0.2793931931257248,0.46014184355735777,0.3697675183415413,0.09518810212612153
22,7,0.07751753777265549,0.07202332206070423,0.4874028623104095,0.5220541179180145,0.504728490114212,0.07477042991667987
22,8,0.3335661649703979,0.2940527230501175,0.5353236377239228,0.5960664272308349,0.5656950324773788,0.3138094440102577
22,9,0.3908581376075745,0.31297694742679594,0.6076691091060639,0.5900371432304382,0.598853126168251,0.3519175425171852
22,10,0.18118684887886047,0.16429021656513215,0.496573281288147,0.5243714153766632,0.5104723483324051,0.1727385327219963
22,11,0.4663600206375122,0.4356569111347198,0.5896703541278839,0.6232556998729706,0.6064630270004272,0.451008465886116
22,12,0.1523059919476509,0.15251190662384034,0.5181040644645691,0.5331370294094085,0.5256205469369888,0.1524089492857456
22,13,0.5154110968112946,0.5392231345176697,0.6106305599212647,0.5572725415229798,0.5839515507221222,0.5273171156644821
22,14,0.37577547430992125,0.3669256269931793,0.6449960947036744,0.6469882965087891,0.6459921956062318,0.3713505506515503
22,15,0.5208639055490494,0.4482670783996582,0.6796819925308227,0.6788260042667389,0.6792539983987809,0.4845654919743538
22,16,0.35462466478347776,0.3894378364086151,0.7356494307518006,0.7215564012527466,0.7286029160022736,0.37203125059604647
22,17,0.14782705008983613,0.16980304569005966,0.6058086216449737,0.5803912699222564,0.593099945783615,0.15881504788994788
22,18,0.25064699798822404,0.3188646659255028,0.6717130005359649,0.675969922542572,0.6738414615392685,0.2847558319568634
22,19,0.312467685341835,0.31949304044246674,0.6234148621559144,0.6006291747093201,0.6120220184326173,0.31598036289215087
22,20,0.4059113174676895,0.4147955745458603,0.5729669868946076,0.5855352818965912,0.5792511343955994,0.4103534460067749
22,21,0.15495853126049042,0.12200354337692261,0.4490575671195984,0.3789868414402008,0.41402220427989955,0.1384810373187065
22,22,0.06347589660435915,0.05505811497569084,0.5514335691928863,0.36780439019203187,0.45961897969245913,0.059267005790024994
22,23,0.390134733915329,0.34116427302360536,0.6993922173976899,0.6886550307273864,0.6940236240625381,0.3656495034694672
22,24,0.10053377598524094,0.0902576595544815,0.593762731552124,0.4995171368122101,0.546639934182167,0.09539571776986122
22,25,0.06627030782401562,0.06179300136864185,0.42351142764091493,0.4101602494716644,0.4168358385562897,0.06403165459632873
22,26,0.24469588100910186,0.24445772618055345,0.5954136490821839,0.5779475808143616,0.5866806149482727,0.24457680359482764
22,27,0.07597525864839554,0.07420113608241082,0.5108419716358185,0.5057788848876953,0.5083104282617569,0.07508819736540318
23,0,0.43856469392776487,0.4982936382293701,0.6370536327362061,0.6318080246448516,0.6344308286905289,0.4684291660785675
23,1,0.550782173871994,0.5962100625038147,0.6445761084556579,0.6620958745479584,0.6533359915018082,0.5734961181879044
23,2,0.35588510036468507,0.3980834871530533,0.5841654658317565,0.6121094584465027,0.5981374621391295,0.3769842937588692
23,3,0.5807041049003601,0.5873290061950683,0.6084211647510529,0.6185875058174133,0.6135043352842331,0.5840165555477141
23,4,0.44219365119934084,0.4638338565826416,0.6140786826610565,0.5958982586860657,0.6049884706735611,0.4530137538909912
23,5,0.3834716618061066,0.4434783160686493,0.6397637009620667,0.6634114146232605,0.6515875577926635,0.41347498893737794
23,6,0.4492604970932007,0.5080585062503815,0.6432567477226258,0.6498797774314881,0.6465682625770569,0.4786595016717911
23,7,0.5237613469362259,0.48983738720417025,0.5558192491531372,0.5454874455928802,0.5506533473730086,0.506799367070198
23,8,0.4504944533109665,0.36098770797252655,0.6657374143600464,0.6375170826911927,0.6516272485256196,0.4057410806417465
23,9,0.27218462228775026,0.20720601975917816,0.562450784444809,0.5697644352912903,0.5661076098680496,0.2396953210234642
23,10,0.20190899968147277,0.21552355736494064,0.5873520314693451,0.5944794654846192,0.5909157484769821,0.2087162785232067
23,11,0.03817591704428196,0.03172296397387982,0.5720520257949829,0.48717857003211973,0.5296152979135513,0.03494944050908089
23,12,0.13457212299108506,0.1127137552946806,0.5570042788982391,0.5453728914260865,0.5511885851621627,0.12364293914288282
23,13,0.035215871222317216,0.023502637445926667,0.37558175921440123,0.48163747787475586,0.4286096185445786,0.02935925433412194
23,14,0.08826221674680709,0.07641079798340797,0.4218661665916443,0.4095438063144684,0.4157049864530563,0.08233650736510753
23,15,0.10668396502733231,0.09564767181873321,0.3883488327264786,0.4203673958778381,0.40435811430215834,0.10116581842303277
23,16,0.5099247097969055,0.5012692987918854,0.5515436351299285,0.5449670433998108,0.5482553392648697,0.5055970042943955
23,17,0.15587217211723328,0.19789689183235168,0.43131428956985474,0.466589081287384,0.4489516854286194,0.17688453197479248
23,18,0.12150102853775024,0.1173785001039505,0.5217206954956055,0.5335123896598816,0.5276165425777435,0.11943976432085038
23,19,0.20980518609285354,0.21203783452510833,0.5076789319515228,0.44618359208106995,0.4769312620162964,0.21092151030898093
23,20,0.1891641288995743,0.14393724948167802,0.5175431609153748,0.55355104804039,0.5355471044778823,0.16655068919062616
23,21,0.7799371242523193,0.7615628004074096,0.7327096164226532,0.720357495546341,0.7265335559844971,0.7707499623298645
23,22,0.6504715889692306,0.6157317757606506,0.758234703540802,0.7539954960346222,0.7561150997877122,0.6331016823649407
23,23,0.7920812964439392,0.7721370816230774,0.7148555457592011,0.6599865972995758,0.6874210715293885,0.7821091890335083
23,24,0.6578348934650421,0.6389198362827301,0.7330271184444428,0.7360943973064422,0.7345607578754425,0.6483773648738861
23,25,0.4943176627159119,0.49856304824352266,0.7343909323215485,0.7300577282905578,0.7322243303060532,0.49644035547971727
23,26,0.6374341785907746,0.6290145665407181,0.7529987037181854,0.7482083797454834,0.7506035417318344,0.6332243725657463
23,27,0.5947323709726333,0.5828029662370682,0.6440461814403534,0.6268137753009796,0.6354299783706665,0.5887676686048507
24,0,0.47901703864336015,0.4567361190915108,0.0,0.0,0.0,0.4678765788674355
24,1,0.5041944604367018,0.5077380288392306,0.5236844301223755,0.5645503520965576,0.5441173911094666,0.5059662446379662
24,2,0.5420772880315781,0.5421068489551544,0.6741069614887237,0.661752924323082,0.6679299429059029,0.5420920684933662
24,3,0.4248437596776057,0.46126566098537297,0.7957476079463959,0.7829776704311371,0.7893626391887665,0.44305471033148935
24,4,0.5672918140888215,0.5713912084698677,0.6923698484897614,0.7336944878101349,0.7130321681499481,0.5693415112793445
24,5,0.6993075489997864,0.7002474069595337,0.5499769270420074,0.6211545646190644,0.5855657458305359,0.6997774779796601
24,6,0.5553264200687409,0.5683735698461533,0.5798356384038925,0.5162807136774064,0.5480581760406494,0.5618499949574471
24,7,0.08992771301418542,0.07179261147975921,0.4726941227912903,0.38502990901470185,0.4288620159029961,0.08086016224697232
24,8,0.212325219810009,0.20162989050149918,0.36020973324775696,0.44444611072540285,0.4023279219865799,0.2069775551557541
24,9,0.07276207637041807,0.07550089582800865,0.3920614719390869,0.4014717280864716,0.39676660001277925,0.07413148609921336
24,10,0.10528755858540535,0.12335187345743179,0.3832887202501297,0.38667542636394503,0.3849820733070374,0.11431971602141858
24,11,0.05858714617788792,0.05990593619644642,0.5637289166450501,0.5624458014965057,0.5630873590707779,0.05924654118716717
24,12,0.20368345826864243,0.18523908853530885,0.585704642534256,0.517149668931961,0.5514271557331085,0.19446127340197564
24,13,0.026734374603256582,0.023643731884658337,0.509613037109375,0.45149303674697877,0.48055303692817686,0.02518905324395746
24,14,0.6036179602146149,0.5987031936645508,0.6790708005428314,0.6741786420345306,0.676624721288681,0.6011605769395829
24,15,0.7682314395904541,0.7596681833267211,0.7001995503902435,0.6843720376491547,0.6922857940196991,0.7639498114585876
24,16,0.7742787957191467,0.7652846693992614,0.668645578622818,0.6382812678813934,0.6534634232521057,0.769781732559204
24,17,0.6409971475601196,0.615706741809845,0.6212799727916718,0.6340868949890137,0.6276834338903428,0.6283519446849823
24,18,0.38596857488155367,0.3502720622345805,0.658041113615036,0.6604528248310089,0.6592469692230225,0.3681203185580671
24,19,0.6117477357387543,0.6242640256881714,0.6445451974868774,0.6755926966667175,0.6600689470767975,0.6180058807134629
24,20,0.8260554075241089,0.8098297238349914,0.644374817609787,0.666948401927948,0.6556616097688674,0.8179425656795501
24,21,0.13303925693035126,0.1466982275247574,0.5561721384525299,0.5559182643890381,0.556045201420784,0.13986874222755433
24,22,0.26733174324035647,0.23143333792686463,0.6619989275932312,0.6899546265602112,0.6759767770767212,0.24938254058361053
24,23,0.5419570088386536,0.5455509483814239,0.7286720275878906,0.7624280333518982,0.7455500304698944,0.5437539786100387
24,24,0.42480611205101015,0.41670076847076415,0.6892465829849244,0.6497486472129822,0.6694976150989533,0.4207534402608871
24,25,0.16153527349233626,0.1777331069111824,0.5818469166755676,0.5861152112483978,0.5839810639619827,0.16963419020175935
24,26,0.14081981033086777,0.16338468492031097,0.5626154243946075,0.5359016716480255,0.5492585480213166,0.15210224762558938
24,27,0.3960200309753418,0.3965676724910736,0.6172857642173767,0.5971017360687256,0.6071937501430511,0.3962938517332077
25,0,0.5618213295936585,0.5591981917619705,0.5974621534347534,0.6254212379455566,0.6114416956901549,0.5605097606778144
25,1,0.794840407371521,0.7789308845996856,0.5800931334495545,0.6607810914516449,0.6204371124505996,0.7868856459856033
25,2,0.6238872528076171,0.5921369642019272,0.5229066789150238,0.5180258512496948,0.5204662650823593,0.6080121085047722
25,3,0.6146472096443176,0.6179676294326782,0.6142816364765167,0.6019890308380127,0.6081353336572647,0.6163074195384979
25,4,0.4502807468175888,0.4452299661934376,0.568887346982956,0.6245570361614228,0.5967221915721894,0.4477553565055132
25,5,0.711745822429657,0.6730753600597381,0.6449691236019135,0.6083901405334473,0.6266796320676804,0.6924105912446976
25,6,0.48778128921985625,0.5070777416229248,0.6594984412193299,0.7207393944263458,0.6901189178228379,0.4974295154213906
25,7,0.1993413269519806,0.19288337379693984,0.535367488861084,0.49312602281570433,0.5142467558383942,0.19611235037446023
25,8,0.43081371784210204,0.42137705683708193,0.5725036084651947,0.5649378359317779,0.5687207221984862,0.42609538733959196
25,9,0.3902486443519592,0.37319763004779816,0.5490669131278991,0.5414234757423401,0.5452451944351195,0.3817231371998787
25,10,0.3571369796991348,0.33925155699253084,0.5206267058849334,0.39262924194335935,0.4566279739141464,0.34819426834583284
25,11,0.32001052498817445,0.29998375177383424,0.5351345956325531,0.5356823086738587,0.5354084521532059,0.30999713838100434
25,12,0.44604840576648713,0.45496872067451477,0.5191662967205047,0.5767736554145813,0.5479699760675429,0.4505085632205009
25,13,0.4557051360607147,0.41246779561042785,0.6081980764865875,0.5748850226402282,0.5915415495634079,0.4340864658355713
25,14,0.39539326876401903,0.39061062783002853,0.6020446836948394,0.5897179871797562,0.5958813354372978,0.3930019482970238
25,15,0.6517462134361267,0.6071951687335968,0.6595670521259308,0.5796701490879059,0.6196186006069184,0.6294706910848618
25,16,0.47512121200561525,0.47960683703422546,0.6434354156255722,0.6604632019996644,0.6519493088126183,0.4773640245199203
25,17,0.7024527132511139,0.674750006198883,0.5782273650169373,0.4654551684856415,0.5218412667512894,0.6886013597249985
25,18,0.7095344305038452,0.6662705481052399,0.5332084193825721,0.5679057598114013,0.5505570895969867,0.6879024893045426
25,19,0.3894751541316509,0.4167124405503273,0.6600639700889588,0.6524442136287689,0.6562540918588639,0.4030937973409891
25,20,0.22067395746707916,0.24469067752361298,0.6331032276153564,0.6431574583053589,0.6381303429603576,0.23268231749534607
25,21,0.3606531724333763,0.34441407918930056,0.5173238039016723,0.5194644153118133,0.5183941096067428,0.3525336258113384
25,22,0.3813870593905449,0.36059221923351287,0.6276748895645141,0.6233663499355316,0.6255206197500229,0.3709896393120289
25,23,0.15635220855474471,0.12410552203655242,0.6473467946052551,0.6440263211727142,0.6456865578889847,0.14022886529564857
25,24,0.29172413796186447,0.27901082336902616,0.5732968270778656,0.5755777299404145,0.5744372785091401,0.2853674806654453
25,25,0.3281009435653687,0.28537793159484864,0.5536601781845093,0.5600103497505188,0.556835263967514,0.3067394375801087
25,26,0.2723988860845566,0.2453053005039692,0.7461017668247223,0.7786575973033905,0.7623796820640564,0.2588520932942629
25,27,0.362361840903759,0.338699272274971,0.7124003231525421,0.7197259485721588,0.7160631358623504,0.350530556589365
26,0,0.5236531317234039,0.5092150092124939,0.4840498149394989,0.46578767001628874,0.4749187424778938,0.5164340704679489
26,1,0.3824318885803223,0.3443778991699219,0.5225047051906586,0.5033428788185119,0.5129237920045853,0.3634048938751221
26,2,0.551368522644043,0.5582823812961578,0.6169754683971405,0.5991545736789703,0.6080650210380554,0.5548254519701004
26,3,0.4054787278175354,0.3747501075267792,0.5958327412605285,0.6009389281272888,0.5983858346939086,0.39011441767215727
26,4,0.23471599221229553,0.21471143066883086,0.5570464789867401,0.5919444143772126,0.5744954466819763,0.22471371144056318
26,5,0.22190758883953093,0.19052369892597198,0.6117411851882935,0.7069743812084198,0.6593577831983566,0.20621564388275146
26,6,0.43899276852607727,0.3603490054607391,0.6373860776424408,0.6333719670772553,0.6353790223598481,0.3996708869934082
26,7,0.4907189130783081,0.480352109670639,0.19873537314124406,0.1877233413979411,0.1932293572695926,0.4855355113744736
26,8,0.3786941602826118,0.376822217553854,0.7455546051263809,0.7835528910160064,0.7645537480711937,0.3777581889182329
26,9,0.3241989314556122,0.2850854337215424,0.7007105410099029,0.7150885105133057,0.7078995257616043,0.3046421825885773
26,10,0.3273014485836029,0.32611497640609743,0.7098015367984771,0.6866975069046021,0.6982495218515397,0.32670821249485016
26,11,0.4658449195325375,0.45224758237600327,0.7334668874740601,0.734463557600975,0.7339652225375175,0.4590462509542704
26,12,0.6261593282222748,0.6465454876422883,0.706786471605301,0.6606352090835571,0.683710840344429,0.6363524079322815
26,13,0.4062633037567139,0.39455370604991913,0.666199016571045,0.6596440017223358,0.6629215091466905,0.4004085049033165
26,14,0.4345947265625,0.37726578712463377,0.6700756430625916,0.6393412232398987,0.6547084331512452,0.4059302568435669
26,15,0.4007367938756943,0.2495678797364235,0.5561737239360809,0.5349715113639831,0.545572617650032,0.3251523368060589
26,16,0.3317596659064293,0.29681321084499357,0.5700281381607055,0.5409777402877808,0.5555029392242432,0.31428643837571146
26,17,0.22214258909225465,0.1828903540968895,0.5309236019849777,0.47207111716270445,0.501497359573841,0.2025164715945721
26,18,0.28167426735162737,0.2517416000366211,0.5047630906105042,0.5083329081535339,0.506547999382019,0.26670793369412427
26,19,0.38275972902774813,0.34203345477581026,0.5484067678451539,0.41584586501121523,0.48212631642818454,0.3623965919017792
26,20,0.34287784397602084,0.3493603080511093,0.6654484450817109,0.7604833841323853,0.7129659146070481,0.34611907601356506
26,21,0.41144474446773527,0.38971314430236814,0.6666930556297302,0.5961978197097778,0.631445437669754,0.4005789443850517
26,22,0.3659796938300133,0.30551443845033643,0.5731761634349823,0.5660779714584351,0.5696270674467088,0.33574706614017485
26,23,0.605501389503479,0.5783473730087281,0.6043207287788391,0.704959261417389,0.6546399950981141,0.5919243812561035
26,24,0.6071473062038422,0.6172842681407928,0.5286477446556092,0.6516019880771637,0.5901248663663865,0.6122157871723175
26,25,0.611573588848114,0.5869179964065552,0.34264567494392395,0.5998481333255767,0.47124690413475034,0.5992457926273346
26,26,0.7925009369850159,0.7781921744346618,0.7254436075687408,0.7400601089000702,0.7327518582344055,0.7853465557098389
26,27,0.4348047137260437,0.4455905020236969,0.47957690358161925,0.4959056556224823,0.48774127960205077,0.4401976078748703
27,0,0.5491609454154969,0.5230717241764069,0.5075686514377594,0.6168518424034118,0.5622102469205856,0.5361163347959519
27,1,0.4197761476039886,0.41661896705627444,0.5399724900722503,0.529536783695221,0.5347546368837357,0.41819755733013153
27,2,0.3608128309249878,0.3374622941017151,0.5864735662937164,0.5941962838172913,0.5903349250555039,0.34913756251335143
27,3,0.29635193943977356,0.27077041268348695,0.5292594909667969,0.49302551746368406,0.5111425042152404,0.2835611760616302
27,4,0.25149182975292206,0.24725889265537263,0.4445194244384766,0.5371519207954407,0.49083567261695865,0.24937536120414733
27,5,0.39638434648513793,0.37090269923210145,0.5527360677719116,0.5516204178333283,0.55217824280262,0.3836435228586197
27,6,0.39626629948616027,0.3702613413333893,0.5577494144439697,0.5697648346424102,0.56375712454319,0.3832638204097748
27,7,0.47373065203428266,0.42301771268248556,0.5465207535773515,0.5599049583077431,0.5532128559425473,0.4483741823583841
27,8,0.5640468239784241,0.5793243840336799,0.7419532179832459,0.740207189321518,0.7410802036523819,0.5716856040060521
27,9,0.49464996010065077,0.4707776144146919,0.6623300611972809,0.6788006007671357,0.6705653309822083,0.48271378725767133
27,10,,,0.0,0.0,0.0,
27,11,0.49950402877875605,0.5047816697275266,0.49102422408759594,0.4453185407910496,0.46817138243932277,0.5021428492531413
27,12,0.41225848545727783,0.4628937786561437,0.41642458976712077,0.41196322375908495,0.41419390676310286,0.43757613205671075
27,13,,,0.0,0.0,0.0,
27,14,0.1944418728351593,0.18031289726495742,0.5829674005508423,0.49681301712989806,0.5398902088403702,0.18737738505005835
27,15,0.23169333934783937,0.19804171472787857,0.48685677647590636,0.5914924561977386,0.5391746163368225,0.21486752703785897
27,16,0.33404105007648466,0.29741043150424956,0.6275221347808838,0.5933717668056488,0.6104469507932664,0.3157257407903671
27,17,0.3877465009689331,0.3466592788696289,0.544545304775238,0.5608948528766632,0.5527200788259505,0.36720288991928096
27,18,0.27750020623207095,0.23567607402801513,0.5414434134960174,0.3697077393531799,0.45557557642459867,0.25658814013004305
27,19,0.29253944754600525,0.2397079959511757,0.5540606558322907,0.47945778965950014,0.5167592227458955,0.26612372174859045
27,20,0.2135368764400482,0.18842953145504,0.6132610023021698,0.5256632447242737,0.5694621235132218,0.2009832039475441
27,21,0.3572361946105957,0.3253891050815582,0.5444534480571747,0.4856267154216766,0.5150400817394256,0.34131264984607695
27,22,0.37888668179512025,0.34389738738536835,0.619513887166977,0.6100218951702118,0.6147678911685943,0.36139203459024427
27,23,0.4214214086532593,0.36275804936885836,0.5514388978481293,0.4805187821388245,0.5159788399934768,0.3920897290110588
27,24,0.12874578684568405,0.11639543771743774,0.5460120499134063,0.5053110212087631,0.5256615355610847,0.1225706122815609
27,25,0.45882922410964966,0.45051862597465514,0.6744273185729981,0.6128120183944702,0.6436196684837341,0.4546739250421524
27,26,0.46463521122932433,0.4511858105659485,0.7404582023620605,0.7319100260734558,0.7361841142177581,0.4579105108976364
27,27,0.3240990251302719,0.29029386043548583,0.6342414796352387,0.5764103174209595,0.6053258985280991,0.30719644278287883
