layer,kv_head,readout_shape_score,readout_shape_score_median,peak_readout_shape_score,spiky_readout_score,internal_readout_share,memory_readout_share,current_readout_share,current_core_readout_share,clean_internal_readout_share,internal_topk_concentration,internal_top1_concentration,internal_top4_concentration,internal_top8_concentration,internal_top100_mean_attention,internal_peakiness,internal_peak_to_median,internal_log_peak_to_median,previous_boundary_ratio,current_start_boundary_ratio,transition_boundary_ratio,boundary_ratio,boundary_suppression,num_observations
0,0,0.028328112423767916,0.008273546895726534,0.008502486618078396,0.03535238710601278,0.14953932744592519,0.7442773382037859,0.25572265769688884,0.24934472488950948,0.39947236603738956,0.42958030042053846,0.08229859736193865,0.20275324382446666,0.2812548460942396,0.0003627691167139346,0.2634445123374462,4161.4996278554345,6.996121645469164,0.7648570669339557,0.030909667090941884,0.601115946613034,0.601115946613034,0.39888405338696603,80
0,1,0.017845366444594203,0.00379077232684279,0.004798796000164154,0.013732185312228595,0.1497044581743712,0.6980048582788055,0.30199514733331,0.2933580605436885,0.37795378014112097,0.35321112788390485,0.053085733619424334,0.14868565386317642,0.2282864640899646,0.0002905843314131573,0.21084682866930962,1721.2536628446965,6.120624466030148,0.6703614646127114,0.03242473335672598,0.5569374861381216,0.5569374861381216,0.4430625138618784,80
0,2,0.0319209982183569,0.01995521002341642,0.008829223601130613,0.025514805600332792,0.19129930680780227,0.56929426692971,0.430705723473544,0.41824868694244605,0.33496518748705156,0.3507053858082222,0.05229327653389891,0.12722301816083506,0.1829065906087847,0.0004768850082200515,0.2230960600078106,2051.184244035182,6.625417155342911,0.5556602649712787,0.03364570665813427,0.3904520052044519,0.3904520052044519,0.6095479947955481,80
0,3,0.016069315729209766,0.0017337595251581493,0.003664298646753085,0.009683752151413679,0.12871645104721313,0.6350843095796037,0.36491568847881506,0.36132044137199737,0.32258152153833397,0.27394738783777794,0.028400444061981923,0.09241695141422233,0.15156877175615865,0.00022242765838047379,0.17210458368062972,939.123328658318,5.300715534321567,0.6681798521205897,0.012614626248265601,0.5099631128778129,0.5099631128778129,0.49003688712218707,80
1,0,0.05058094986179614,0.01564240721986726,0.022118696859862518,0.08040241614098068,0.1894109966875755,0.7072217884629529,0.2927782140558199,0.28449863765120514,0.4114473629493503,0.4716144439307445,0.06988540298220935,0.19914315094949592,0.2929247711102394,0.0005343341125140455,0.2949474133551121,3647.5846544700494,7.1246594970013195,0.624314356173685,0.03511447380477227,0.5260903599920026,0.5260903599920026,0.47390964000799746,80
1,1,0.060089256646394903,0.023366297494951074,0.023590311065190283,0.06303631514200567,0.22625120419868003,0.7633902254528534,0.23660976412094956,0.23089020390853196,0.46027267718567233,0.4491158645614221,0.0638459655156501,0.17066309818565054,0.2552016348887348,0.0007156333207149146,0.2784933868795633,4177.930117637088,7.022025862280039,0.6145971592526672,0.026496973981743326,0.5428585836736162,0.5428585836736162,0.4571414163263838,80
1,2,0.045977905411645766,0.006842581868783501,0.018464388771399002,0.07815059094321039,0.16779780795213786,0.7213120401114884,0.27868796502309967,0.27265663296718123,0.3935752534261545,0.38580531969857745,0.04905803141031703,0.12505339143770575,0.19216576203440064,0.0003555037575623032,0.2437733042985201,4587.181690591659,6.591005491770919,0.6595986309609893,0.025135640049008028,0.5595455603267973,0.5595455603267973,0.44045443967320275,80
1,3,0.0642388555658783,0.019790731272574073,0.0283884257068004,0.09525251726259855,0.18995009424767711,0.7495019618988772,0.2504980446634729,0.24383594876778197,0.46237821297889814,0.48734736307453,0.06382831553531695,0.1658024354028614,0.25229498202749395,0.0006401130835740787,0.3187291774898767,13844.700249482257,7.806646107668003,0.6471521582830851,0.035455272668079504,0.5662139613248851,0.5662139613248851,0.43378603867511495,80
2,0,0.20079817662913158,0.20132179558334573,0.08142606174947206,0.23455090702443818,0.6122741450506104,0.9070813195380302,0.09291867591784382,0.09134925361216627,0.8346114706912442,0.4642872677809642,0.049994579181280564,0.1451021918103663,0.22710504459810057,0.003421052901853727,0.3858691018074751,56025.87647300759,10.158617744790929,0.20583293472613592,0.022118096298629243,0.29637659603422584,0.29637659603422584,0.7036234039657743,80
2,1,0.20084690991011347,0.2206133592082546,0.07804173352344346,0.2207555998402137,0.6229291502137098,0.8858366036838181,0.1141633989434192,0.1103899148489657,0.8219047125685078,0.43515083901709994,0.04336736355058537,0.13310173009380968,0.21160960598385628,0.0033726826489697713,0.3656991608440876,49197.700087256686,9.820297296375006,0.2102921237039337,0.04000186815798286,0.2666809422380242,0.2666809422380242,0.7333190577619758,80
2,2,0.1232800814981897,0.12407032366046936,0.044093499119495144,0.0858381921595714,0.6350809890971585,0.8865407291038772,0.11345927128208885,0.1105959403635266,0.8246584413813679,0.29875274675056845,0.02096645443668625,0.06941655601455068,0.11785647809583397,0.002785782664108183,0.334851686283946,48809.93990665848,9.688386557825165,0.1936600082522109,0.03147169013412032,0.2543230699991793,0.2543230699991793,0.7456769300008206,80
2,3,0.17599459674216805,0.1838475568290457,0.0659244352488371,0.17461015074328387,0.6214846315777879,0.8681878075515735,0.13181218842013168,0.12948343706147308,0.8031432549267645,0.38621481520788803,0.03371118959565411,0.11216045736019764,0.18113883894191835,0.0031529164818380195,0.3458385165780783,113353.639888284,9.700214907900449,0.22300548726770453,0.023450226359361552,0.24903192555416034,0.24903192555416034,0.7509680744458397,80
3,0,0.14677115067770546,0.11043440496971849,0.06988814852533791,0.2811161149588915,0.39861164722368925,0.8640638057201823,0.13593620710636412,0.13155304559313563,0.7242793282777135,0.6185715316259122,0.0932643179681418,0.25399426601931635,0.37356775951277765,0.0025191164441821456,0.4527376126497984,278508.5443613681,10.570686574692397,0.2805853077401654,0.039132521990569054,0.4698353139380835,0.4698353139380835,0.5301646860619165,80
3,1,0.12984554458092765,0.10278415201923766,0.05874062890043476,0.1952682842990289,0.3797281050125524,0.8368810831850512,0.16311891970772802,0.15893699334940692,0.6844343930899973,0.5665401728246018,0.06873080669873821,0.20177559821611535,0.3074493616089676,0.002140921853481359,0.4230869051069021,58691.28680828144,9.82481693042359,0.28490397364164005,0.02789052722042775,0.46133489504801206,0.46133489504801206,0.5386651049519879,80
3,2,0.12270259078411261,0.10710552809652224,0.052797399983262584,0.1979808608564567,0.43174936886795506,0.8800080588923331,0.11999195287391698,0.11547001272105073,0.7398269983671643,0.5164066053593869,0.07257994086255438,0.19460022674497252,0.2869782509493676,0.002393774328820086,0.4038216877728701,178623.00140805292,10.08831494715307,0.2713037318062199,0.04098676726999219,0.4527806311744825,0.4527806311744825,0.5472193688255176,80
3,3,0.16509007959261887,0.11229271121865561,0.08263591795692267,0.3932948764630748,0.4156799133781595,0.8438950201015618,0.1561049798973751,0.14871386361840153,0.6941921240367291,0.5780313833849207,0.08964206787031612,0.25851444570968063,0.37338704410382906,0.002298734744098985,0.41396983042359353,67924.10507376528,9.351796113673384,0.3183240601544365,0.04927205657473164,0.43560623411950755,0.43560623411950755,0.5643937658804925,80
4,0,0.1129762142415777,0.11862506218449653,0.04849644894312929,0.13370101153322908,0.3536544496923946,0.8374421212349612,0.16255788137888466,0.15655644082937897,0.6190870304184186,0.5332468699814693,0.05214478950884188,0.1603560551884374,0.2580789721919102,0.0014315579247295318,0.38832870684564114,23095.80825688436,9.115385044932308,0.3205156163554962,0.04154948188482806,0.4897891122491281,0.4897891122491281,0.510210887750872,80
4,1,0.15102567627956776,0.1350187715844066,0.08145342770961887,0.4623930998895756,0.330970316815723,0.8619323594846957,0.1380676501001642,0.1360064029374764,0.6338072088918526,0.6204475636051147,0.1287434387352584,0.3233160255041057,0.43927514234622045,0.0007475104029538215,0.42822837494313715,56936.8419882335,9.185086727841934,0.35576694933575054,0.019663795793414558,0.5330232861602842,0.5330232861602842,0.4669767138397158,80
4,2,0.11596665839980005,0.08432636133230254,0.056138972553193035,0.27413786134163576,0.31659526236872815,0.8469068981659797,0.15309311562680272,0.1496733553584255,0.6194820041340493,0.5735871160879615,0.10229019460284812,0.25335985552219087,0.3488865637666665,0.0010915408783006343,0.4139372378587723,147963.26983520397,9.746014786815188,0.38843345184821154,0.027771539188221478,0.5337313914670747,0.5337313914670747,0.4662686085329253,80
4,3,0.11857285018329496,0.08503435075465224,0.05466257911021277,0.2728271937532691,0.3442176196367997,0.8305898104216636,0.16941018368253688,0.16225397724488147,0.6159467010085854,0.5381359426939194,0.10658508479091636,0.2581656958361374,0.3482122561385877,0.000801230911224593,0.375963031873107,26342.05622306108,8.704588593531504,0.4082181410701879,0.05346700994607093,0.4935283900478975,0.4935283900478975,0.5064716099521025,80
5,0,0.15071543107010768,0.13300433380358512,0.06717780910635342,0.2175377295451067,0.4087752438099127,0.8104971371914133,0.18950285547864276,0.18469963468940925,0.6753859000826982,0.5850281769757089,0.0691999285217822,0.2018999364514355,0.3070818845985105,0.002005639327433073,0.4228117063641548,127256.53335121006,9.639212678290715,0.27363587527995836,0.02855404936485814,0.40652511819915393,0.40652511819915393,0.5934748818008461,80
5,1,0.1503845081249509,0.1389102305749686,0.06929712053062285,0.22013177024360986,0.44333828460580316,0.9278366464765316,0.07216334564638086,0.06865753349474848,0.8108301460000049,0.6060464049286648,0.06792671481947299,0.19997882408189033,0.3095932782330721,0.0018278799893323594,0.4487059127539396,56847.35360209396,10.250988879376902,0.25874056723003025,0.05680835515176458,0.48800418586472183,0.48800418586472183,0.5119958141352782,80
5,2,0.17059726131843597,0.1491723780873938,0.08355825925964634,0.3425480933261858,0.44140664067172136,0.9479685621133942,0.052031436733882164,0.0500545855006783,0.8241269667967666,0.6540120259637041,0.09728735259222557,0.25814860770239006,0.37809882815896023,0.001732000768316766,0.46942676939070227,88085.28456419718,10.43728170849472,0.31323107487800667,0.049312392509417796,0.5085387711211123,0.5085387711211123,0.49146122887888766,80
5,3,0.18867784175035704,0.15335379680403988,0.10207078906034754,0.541487588218685,0.41252306131989147,0.9153942933752777,0.08460569282288277,0.08007405840628506,0.7915651633907685,0.7367513764186264,0.1345197713657725,0.33674823304770035,0.4735641714269653,0.0013441766432691793,0.5199079647660255,487786.0472606745,11.600564558669447,0.3250136279415184,0.0560493694217409,0.5074028704944521,0.5074028704944521,0.4925971295055479,80
6,0,0.23682229367498747,0.19928654199287643,0.15073578796099918,1.2645561866795147,0.42620779919237683,0.8288458228699437,0.17115417284096213,0.15409140854493086,0.6951369794139339,0.7683603067946818,0.19142281100717887,0.46650718456588225,0.6159073457454117,0.0013672461526370583,0.5625174287706614,663292690.2180383,12.340834615820388,0.38093934024211346,0.08007797207597342,0.41970078251876874,0.41970078251876874,0.5802992174812313,80
6,1,0.18977384810185263,0.21423085418201354,0.0864881645447455,0.25033209692519187,0.49432495251876435,0.9227271374130369,0.07727286240276197,0.07359202212374995,0.779969940526143,0.561104697359079,0.057170609614390154,0.17199773260268686,0.27118173929852474,0.0018361304269205903,0.41750865168869494,64776.38508596246,10.017765195513531,0.28750760872030934,0.05384598591840637,0.43208302086293715,0.43208302086293715,0.5679169791370628,80
6,2,0.1775816100105766,0.16849475018829224,0.0816967694630294,0.31350640673730695,0.46518748646761454,0.8195608228866643,0.1804391832851699,0.16803251675146225,0.696746264666045,0.5687770188457318,0.08926104083228478,0.23412876901911456,0.33638893636312883,0.002234395991976612,0.4024045929312706,310080519.52673525,10.022203681695729,0.29101972719921787,0.08638361440136483,0.36677999798336935,0.36677999798336935,0.6332200020166308,80
6,3,0.2124654022783742,0.18677781848337516,0.11333226484606651,0.6269872671373639,0.48291741869776394,0.9047018323379825,0.09529817037791374,0.08866899590693668,0.763348016710099,0.6563781629046281,0.10877960764787749,0.3043659526508405,0.4375967454027421,0.002330827356468035,0.4476219642907381,203172.18683982253,10.202216635876596,0.3387126579943339,0.076588005363817,0.42841358924666695,0.42841358924666695,0.571586410753333,80
7,0,0.20654068126193628,0.20846494219203543,0.10460078162700101,0.5170429430268078,0.46582130552002765,0.9565121253138834,0.04348787170389981,0.039898645942664616,0.8182524144945604,0.6680155618906519,0.09675959109338045,0.27441939853732933,0.4066622431332191,0.0014909406308037277,0.47241486310958863,1450717.3543508514,11.996782215267563,0.3412974320610329,0.07129603078602645,0.49428004988860674,0.49428004988860674,0.5057199501113933,80
7,1,0.2094078755955139,0.18946627977624791,0.11246865399525593,0.781171109920339,0.46214204724718133,0.9325130461743552,0.06748694696561938,0.0629014263420007,0.8087343378780026,0.686429799421776,0.13170666509398563,0.3477496274159625,0.4660601403414579,0.0019356011722891254,0.49903339613229036,151117140.22365654,12.423441309293862,0.35077438245256637,0.06840981291252549,0.4749565285490208,0.4749565285490208,0.5250434714509792,80
7,2,0.1509121267441187,0.1587023155087121,0.0640829034304451,0.22080068328077934,0.468901684284943,0.9088714544340002,0.09112854980921195,0.08857897668476589,0.7671487004283388,0.5124623629981296,0.06258263415048185,0.1819131829604413,0.2739951114720552,0.0010983757909002634,0.39174763709306715,61748.34674588124,9.603461565210926,0.30349545978804643,0.031100050726875973,0.44251933531963933,0.44251933531963933,0.5574806646803607,80
7,3,0.1637936375240582,0.15810071451322666,0.07439597118064939,0.32838971456244687,0.4467419803914545,0.9081989382860227,0.09180106311764658,0.08690829878832199,0.775354770023768,0.5909387637854782,0.08971255658863451,0.2365457082482208,0.34271725473962433,0.001260419536038171,0.42890078350901606,169953.37919297855,10.513437092941142,0.28073681551314067,0.05692013851146375,0.46634972672385144,0.46634972672385144,0.5336502732761486,80
8,0,0.15921154485409594,0.16830646442112002,0.07207679212066732,0.2616038698360413,0.41119130627097544,0.840358232612599,0.15964177107861047,0.15513324642722273,0.6615960457222365,0.5595104967536162,0.07032422654519102,0.20152789314930444,0.3051489234241894,0.001747033932508657,0.4099940948188305,75745.30953062324,10.014145942763887,0.2631882663025018,0.02962592043738842,0.43367544722739115,0.43367544722739115,0.5663245527726088,80
8,1,0.16007687735812942,0.16199297557298037,0.0750665127875467,0.307163013656356,0.4281378010495045,0.8801206375423571,0.11987935971217016,0.11628005569468461,0.707803796771857,0.5812086989155029,0.0758691632975874,0.2100690439986012,0.3119076912747917,0.0018837976153378122,0.4305383551865816,1292647538.1719027,11.854642823272323,0.26647539643442286,0.03814315940513657,0.4555821435186679,0.4555821435186679,0.5444178564813321,80
8,2,0.19346466440440974,0.15939699395945078,0.10513790362431326,0.7025290605056156,0.4045636520088512,0.8476213048880197,0.1523787021428865,0.1374639528412967,0.6840973333903141,0.6822227096047315,0.15112043726409713,0.3479272164846602,0.46777137084023,0.0008617704902505352,0.4887244746088982,1028746878.8593146,12.013954529308453,0.3368325677064773,0.08734221435387676,0.4579723890325793,0.4579723890325793,0.5420276109674207,80
8,3,0.22183035932846512,0.22234313912399434,0.11561439983824387,0.5354042032778458,0.4487086946919413,0.9204433034783112,0.0795566984269668,0.07766413312449734,0.7424334660996497,0.665148210614265,0.09232283765045728,0.2650809436756658,0.3893699502663819,0.0016854531995363687,0.46859070733189584,52486876.51268111,11.48401467458832,0.3069428645714964,0.029285312523472672,0.47362718082971317,0.47362718082971317,0.5263728191702868,80
9,0,0.17777176700766711,0.18143979186948206,0.08541170805348122,0.2908453563647687,0.4238867469062181,0.8736345063404688,0.12636549602330027,0.12139327804307609,0.6942651485559891,0.6176472094597609,0.07299614063011144,0.20940184439591278,0.3215780896893676,0.0019334194806617689,0.4402643028646708,70246.55198715122,10.046695800377314,0.3034986942780108,0.045213190496617754,0.4547199784718837,0.4547199784718837,0.5452800215281163,80
9,1,0.1928488182971994,0.215578268138578,0.09246059923138474,0.3571962092459891,0.4658748665901589,0.906202102613598,0.09379790602859321,0.09081836155616645,0.7506133150406625,0.5946203433433901,0.08265991599259373,0.2152312369794782,0.321075883975297,0.0018915909047677814,0.42794171832501887,118265.03919810169,10.359006272734,0.32147958596201526,0.036862978587321495,0.4433067808141723,0.4433067808141723,0.5566932191858277,80
9,2,0.14552151556100695,0.15191278951879306,0.06270823386700455,0.2162244203592297,0.43002132282700345,0.8628035676272992,0.13719641875642982,0.1346057047533866,0.6999495381980461,0.5229294141085314,0.07050359605610779,0.18799328679363128,0.2797148351508544,0.00185788891071752,0.38783418759703636,35201.22263852267,9.32923766191243,0.32125541659159074,0.021529909400995938,0.4353729623412546,0.4353729623412546,0.5646270376587454,80
9,3,0.1724562074361878,0.1929143933824572,0.08255131663045398,0.3506358711965137,0.43023394382108926,0.8887988274564489,0.11120118738059619,0.10705480926182617,0.7266185725731407,0.6250994287616397,0.08145896964894674,0.22179685744167563,0.33232947819615777,0.0021601694377977763,0.45041958391666415,429222.37353152345,11.125432233427595,0.2851679516971539,0.04646862865829759,0.4627112575943868,0.4627112575943868,0.5372887424056132,80
10,0,0.19126829176864288,0.1749066538911907,0.0858015786025857,0.34383574516434134,0.46131458182513574,0.8090242968090189,0.19097570380827072,0.18282067028009336,0.6751233336914055,0.5563645002288127,0.07960586520197742,0.228127428806948,0.3269505707011164,0.002138016126070852,0.40309952180832626,85205.28686141814,9.71764509119551,0.2921076964245305,0.0445184874584308,0.35586474968815734,0.35586474968815734,0.6441352503118426,80
10,1,0.22956738680234298,0.21247550654192865,0.11413108459910618,0.5608509374453006,0.5021243313543442,0.9207173521178106,0.07928265402618377,0.07560833358531613,0.7788155124908177,0.6382167856416578,0.10608229630841592,0.2731597852036386,0.38631249811624185,0.0018243768308906284,0.45553531739860775,788914205.9355465,11.822678217787601,0.32033569863616135,0.041152768471121634,0.42226734448943615,0.42226734448943615,0.5777326555105639,80
10,2,0.1859921282188512,0.17649691684500032,0.0868610777867632,0.42422267575952366,0.461422103881212,0.8785391023934814,0.12146090635244984,0.11791935959788266,0.7456364790723955,0.6069877239220738,0.1022104032824479,0.2551119022799254,0.36452627714202607,0.0021948168589119633,0.44497888498008253,574559923.2859579,11.3436663431651,0.2933181217134852,0.02812925368376141,0.4206585294176284,0.4206585294176284,0.5793414705823716,80
10,3,0.23237630550331115,0.19261523116933657,0.12592177193961354,0.866004232892435,0.49726005537026347,0.888265659491983,0.11173433050320795,0.1062270824936246,0.7636560392170336,0.6585564511133793,0.13511137529817477,0.34674841068667017,0.46524063076450994,0.002123879320927813,0.468800759408623,2480291562.5528345,11.510020249613309,0.33933043290301135,0.05619851727602533,0.39651285483338294,0.39651285483338294,0.6034871451666171,80
11,0,0.14688264904810588,0.12069526128900071,0.060600292545552326,0.22460065817941724,0.414001102908104,0.7176420130454847,0.28235799474481915,0.27593417529499553,0.5931875260584735,0.4839300275983652,0.08029125670531585,0.1948199242715839,0.27460090134779774,0.0014004953194984183,0.36637285687029364,79130.6623580236,9.166334144948568,0.29564569410297215,0.029447502488321647,0.31006472944735497,0.31006472944735497,0.689935270552645,80
11,1,0.21144630230799616,0.21243394897596873,0.10209149007046796,0.4460977672835198,0.4813070587027055,0.8846534157253633,0.11534658198383554,0.11166299221087447,0.738868238077817,0.6127685075738827,0.10349463933952459,0.2591633683736317,0.36790519743231176,0.0016577862802634514,0.44333158042281867,353141.0733231511,10.223544612061936,0.32840211891940846,0.034698784771705196,0.4070299436939936,0.4070299436939936,0.5929700563060064,80
11,2,0.16575730883721665,0.10754800689601307,0.08423091390353545,0.5069097371255413,0.40714347877430723,0.8493359197659753,0.15066409101606276,0.14046214428782644,0.7091735559637381,0.5947340194730886,0.1253394130036694,0.3011942901661025,0.4046427942376397,0.000906358202954749,0.43749039731919764,989651.4334145577,10.270045129430049,0.38324267948374874,0.07579452415193441,0.4523943770494035,0.4523943770494035,0.5476056229505966,80
11,3,0.18993615162434235,0.1867988670988168,0.09087458410046399,0.4131289141491645,0.45780026983313044,0.892018099085776,0.10798190718988046,0.10389518296552876,0.7218149328454166,0.5893346533641626,0.08826984161486741,0.23332777771609553,0.33244666990968813,0.0022643455468937647,0.4351647932082415,788885917.148119,10.744912623079014,0.32423787653307107,0.04321992288576537,0.43830455598212226,0.43830455598212226,0.5616954440178777,80
12,0,0.24048127661617644,0.2370900025041902,0.11536472862624256,0.588157520053825,0.5424771754187355,0.8946458968644745,0.10535410052190575,0.10314784523562548,0.802348865140228,0.6048217914461451,0.07665816404412187,0.22110107133044504,0.33339864400148556,0.0027172387235452787,0.44333382695913315,2054536775.4743378,11.909483869318915,0.3250071341099222,0.026229031402019286,0.35437497828348274,0.35437497828348274,0.6456250217165173,80
12,1,0.19082970983958453,0.19883822387793948,0.08058612447913673,0.24105327075158317,0.5082666358571171,0.8020560830817868,0.19794392294965055,0.19413412447336834,0.7069714772329155,0.5070301165077465,0.0540418483695944,0.15109525272884963,0.239116384443376,0.0020018886676439252,0.39385052360594275,79674.84861210198,9.735542092359925,0.2576101374587406,0.02798850482587103,0.2975992450056487,0.2975992450056487,0.7024007549943513,80
12,2,0.24302769264602828,0.26475999901075775,0.11184887524269418,0.3628402610879681,0.5744431888525138,0.9193483907835557,0.08065160506936211,0.07840644077161073,0.8174634022284932,0.5761313154733955,0.06097256733911549,0.17624834797624866,0.2816699713179486,0.0024960349862681143,0.43304866664111613,123042.02363172181,10.497119197135651,0.2787446241308459,0.03566900803535482,0.3471503636987327,0.3471503636987327,0.6528496363012672,80
12,3,0.23991913989601232,0.25380723761391843,0.11668574919146238,0.4353750425947999,0.5143712550868444,0.8694301328581844,0.1305698693177629,0.12579572247303875,0.7572838059118189,0.6360135711682766,0.07314236246735349,0.22182020128811245,0.3444636880023644,0.002362304736442411,0.4490687113255262,424979.55474374694,10.586896189522507,0.3022084486152858,0.045222021937647634,0.3598330319763158,0.3598330319763158,0.6401669680236842,80
13,0,0.23968454490174773,0.24974805958195312,0.11674205625053939,0.520104782660898,0.5380085141773148,0.9304953530802299,0.06950464787414663,0.06733551735165685,0.8266799336085782,0.6386168929592796,0.07714875815727727,0.21559991170846682,0.33391610023959983,0.003069206818247494,0.4677367992699146,710068974.5940914,12.489248693418851,0.33323860038267206,0.03764568174099327,0.39465596494679744,0.39465596494679744,0.6053440350532026,80
13,1,0.23542939780918898,0.220542201560766,0.12132242827680968,0.6535921247819623,0.48603057358762747,0.8807964963765716,0.11920350669870042,0.11513273944048441,0.7774111959445006,0.6622395242598664,0.10223558458535849,0.28666271911110586,0.4112413655405943,0.00225309827854403,0.46475503221154213,210436943.09790057,11.25431693521754,0.36107641384646516,0.03204576908701795,0.39883669140442446,0.39883669140442446,0.6011633085955757,80
13,2,0.21781067711719918,0.21881049154487764,0.1005975003349967,0.38459709998515146,0.5329858871086136,0.8901259940917481,0.10987400795646604,0.1059285251291217,0.7904311368588312,0.585115691036041,0.060079626491786456,0.1774784001860891,0.2791170232581133,0.0030236559437469166,0.44833813384175303,670219625.4526579,12.76798020785894,0.2970526461644257,0.04259667095792227,0.3610855923302734,0.3610855923302734,0.6389144076697266,80
13,3,0.23461183237528874,0.24043972589126236,0.10901546997483813,0.46162916360383016,0.5412818718909915,0.8631377163448144,0.1368622905917229,0.13351667666326886,0.776197177921077,0.585602716144884,0.07010206835569607,0.18538731286199672,0.2844168462153699,0.0033609709180836946,0.4426350276917219,1588157176.7165968,12.176888684935395,0.27015030060296397,0.03418326573200625,0.3252014570775905,0.3252014570775905,0.6747985429224095,80
14,0,0.3173789998802579,0.3334389907555958,0.17605098758750554,1.1166377787853334,0.5529581210503225,0.9380883409207875,0.0619116460851582,0.05901860068844091,0.8322093883730547,0.7330553076658896,0.1373530672560148,0.35901384014283255,0.5046308506852809,0.002246113113545789,0.5155638402327896,731078.8658816314,12.03151473224383,0.35208721540136584,0.04754199384860566,0.38802326973208096,0.38802326973208096,0.6119767302679191,80
14,1,0.23784151704335216,0.2375827627827477,0.1123710668186227,0.4222418398591496,0.5225921580803915,0.8443284890719116,0.155671516994422,0.15050557736423756,0.73774008659729,0.6020107244890972,0.06846033312303967,0.19564519258834462,0.30267538593477694,0.002299937222119297,0.44953618459403516,480399.6547324797,11.871898521804502,0.2805690452064238,0.037614785362867525,0.3269022742198069,0.3269022742198069,0.6730977257801931,80
14,2,0.2578255876229598,0.23929513826413296,0.1344574158840265,0.8904659645577404,0.5466441668269553,0.9241941231637073,0.07580587418869833,0.07136403065566935,0.8205138959374842,0.633084135203186,0.09931455645149417,0.23845990487108848,0.34937056356678203,0.0034657744677019766,0.4703036753460765,1417500801.6797955,13.308527125028826,0.2799475248240625,0.07136446404254268,0.38199179751045004,0.38199179751045004,0.6180082024895499,80
14,3,0.24100986814899023,0.24920369677801316,0.11335539239831527,0.4407915092710587,0.5268911405602951,0.8425666282946203,0.15743338098038187,0.1530187804737587,0.7518328198959631,0.6210595295494848,0.06787500186360271,0.20118904946035981,0.3147436657794868,0.002664301372487898,0.4526482816785574,269179547.0057415,12.039726518447443,0.32744680815733684,0.037067144787920905,0.320090084390174,0.320090084390174,0.6799099156098259,80
15,0,0.17179575929289617,0.16069637975136733,0.07751003421230088,0.3292529659500012,0.4075744361945663,0.7323118911921328,0.2676881127113669,0.2616835818211132,0.5982073601210438,0.5569159969667987,0.08154874895239349,0.2208192825884546,0.3230707685959902,0.001953877248547542,0.40389171838760374,77823.70005958232,10.103386539451366,0.33172436435500174,0.025582537459200895,0.33074198716756,0.33074198716756,0.66925801283244,80
15,1,0.19491365600898714,0.15387648091957085,0.10681093916579525,0.7883490610281492,0.3907019603523344,0.7892810656713288,0.21071894257565535,0.20790780215182297,0.6646186664589231,0.6685420407954501,0.12905229708774732,0.3441795460811269,0.46877507863563117,0.0015711325885859218,0.47264301478862764,1875001797.5410244,11.589663166521909,0.37553357084660693,0.01608666816264718,0.40139023889691056,0.40139023889691056,0.5986097611030894,80
15,2,0.22237429153451654,0.2393700220969071,0.10967530830523745,0.48492167663069574,0.47260213477609164,0.8585576924880669,0.1414423158819905,0.1382762102102419,0.7168971735725677,0.6295068605724579,0.09931926647344735,0.25500237306496426,0.3669992820421901,0.0019454577572275867,0.45384334344416855,171810.90058794167,10.806751209338561,0.32824461315301806,0.024256483718343116,0.38912165624920514,0.38912165624920514,0.6108783437507948,80
15,3,0.1758634324496598,0.1684803096184158,0.08117117059149766,0.3357444755227897,0.4296056317088455,0.8172549257046764,0.18274507502186194,0.1787997331713535,0.6697380751400386,0.5763118748520578,0.08410523231536512,0.235031286924613,0.3438242640157341,0.0021099413131935307,0.4163923213258386,108269.31847582303,9.92447971207598,0.3782035760749292,0.023951478258732707,0.39159463410323536,0.39159463410323536,0.6084053658967646,80
16,0,0.2835187014188978,0.29330305095923365,0.14210902801461817,0.6481408792835722,0.5560573893093834,0.8932824070559198,0.1067175965175369,0.10228214082765678,0.7892185740348692,0.6658636715781282,0.07896125042112637,0.2336222874150335,0.3563199651186996,0.003164921476610516,0.4769572937861085,1486140.5084946798,12.76536003056972,0.3215120473660297,0.040000776077216624,0.34166047445174474,0.34166047445174474,0.6583395255482553,80
16,1,0.28772703208174294,0.3343215598626571,0.16097537342785465,1.008012108523792,0.541154997815812,0.9763060890192318,0.02369390915811499,0.02145784199207692,0.8805895145204994,0.7330820313035685,0.1334181460783686,0.33870430712690364,0.4735205813546367,0.0023974721898895267,0.5211195761337877,833795.9747429842,12.583558195575879,0.37715702241280447,0.08571803515308103,0.4373871647446935,0.4373871647446935,0.5626128352553065,80
16,2,0.3066646735034264,0.33552565494134834,0.1690010035748588,1.3489576492371822,0.5453677551745149,0.9317565043605114,0.06824348612142173,0.06507938388581087,0.8110130528606957,0.7543262377305722,0.12641747879760787,0.3370129743420208,0.4790254540766433,0.003161021425415811,0.5357626447454095,9971058288.501238,17.220086374253473,0.34732880131559074,0.04333054459304776,0.3895528504606269,0.3895528504606269,0.6104471495393732,80
16,3,0.2498076410099382,0.22786592897088553,0.1316761353578999,0.6905201110334696,0.48016830245021014,0.8738332096570058,0.12616679629272337,0.11917168662486996,0.768225603128192,0.6988823881048614,0.10534257957833318,0.2871612369924167,0.4238164046266514,0.0023505109146725544,0.4810633987188339,498129.5849616927,11.4312555657746,0.4158475167091293,0.04735705388866452,0.40066001849412,0.40066001849412,0.59933998150588,80
17,0,0.22934421782622652,0.21179821973913027,0.12078252888506195,0.6740898637109892,0.4560500981036541,0.8384925628017041,0.16150741971100396,0.15712709934781238,0.727953424839697,0.7042726101011129,0.11499535548188115,0.306559667652662,0.44318555488472056,0.0022191459497605593,0.4949566151946783,5401647.536051144,12.71429919576738,0.41499402199261104,0.02525049924555862,0.38682279240461304,0.38682279240461304,0.613177207595387,80
17,1,0.25325270493147806,0.27285008101707575,0.13363823186971632,0.701386938158462,0.5196372985907487,0.9548468812307875,0.045153125346817445,0.042420461974210344,0.8414304812470345,0.7014001566887136,0.12684634112718723,0.3105636736736473,0.43876845465057085,0.0022501814447139167,0.4925448227673769,288675.4565695335,11.380848781784819,0.39497544637665627,0.05229596556112811,0.4379422389208936,0.4379422389208936,0.5620577610791064,80
17,2,0.27535127392853675,0.27622500714722387,0.14556080113829276,0.7496056549736416,0.5369561517713787,0.9288247871795141,0.07117520201233205,0.06342328331322825,0.8307026278023694,0.6961884860491001,0.09368972238624922,0.2725970499591347,0.40473065221192117,0.002514070459682216,0.4923257950693369,1089471.232439299,12.779977260437889,0.36539986144601716,0.09140145663846125,0.3996205551220765,0.3996205551220765,0.6003794448779235,80
17,3,0.23731139212556207,0.22558937947143834,0.11431362547516263,0.5163703986595051,0.505208210212857,0.8095406493679578,0.19045933898118997,0.18343085644270224,0.7099336528049134,0.6035836899956047,0.07043830197278492,0.20852439302963321,0.31942577262511596,0.0029918146427917237,0.44164149314165113,1194588.0305735192,12.049678340883833,0.32936762916525636,0.03663224891413304,0.3113609216677034,0.3113609216677034,0.6886390783322967,80
18,0,0.29184636974262584,0.3135899503435563,0.1425306201779179,0.6223959894490996,0.568380725953923,0.8748377755455531,0.1251622236351952,0.11852053438894586,0.7846435313207871,0.6635250334670129,0.09220374211193424,0.2536409452191641,0.37656320582641967,0.0028731425057287653,0.4678875382989645,776715.8852115646,11.928161912718217,0.31417269199967046,0.05057756444547098,0.3130987427719283,0.3130987427719283,0.6869012572280717,80
18,1,0.23987714339343214,0.25498693645917425,0.10918538772494564,0.4828821532222502,0.5471724703673492,0.842055012912749,0.15794499187613684,0.154261462601529,0.7531171037588179,0.5859220829616985,0.07444750012916172,0.20000830215771873,0.3011824999783636,0.003083428401669153,0.43929002359509467,655597304.4050224,12.731085947344077,0.3264994313039499,0.029030622022947268,0.2985660764715422,0.2985660764715422,0.7014339235284578,80
18,2,0.2430007710132346,0.24771562076803005,0.10880117748075953,0.40047608694038994,0.5782423266639046,0.8671569103186929,0.13284309932008412,0.12859397218677066,0.7807941446028318,0.5440802348092555,0.058507419291886756,0.16858304840048013,0.2648322484778058,0.003620245034926484,0.41804791912436484,467560.34725431015,11.393591473957528,0.29648416772603853,0.03762612877034825,0.29316370716642876,0.29316370716642876,0.7068362928335712,80
18,3,0.23570737746561932,0.25105710384617985,0.1014194611330915,0.3341022129247483,0.5664441677903305,0.8487631647665281,0.15123683667724677,0.1473620744943039,0.7581598398198486,0.5421141901383678,0.056854578701024984,0.17016355668222052,0.26791263297474865,0.0028729409805123398,0.4030332017689943,173400.01110148215,10.55981557176668,0.30779706871960505,0.03534252825332687,0.28619376555568893,0.28619376555568893,0.7138062344443111,80
19,0,0.2357346397619796,0.2285934752203149,0.08366004971872867,0.25440251474317954,0.7177040500115738,0.9363478233083571,0.06365218307196709,0.061021167009264875,0.8905941471885054,0.42613898755993873,0.04949856836314512,0.13508554279674617,0.20513975241212848,0.0029294658670551144,0.3426286593079567,18078.5688289771,9.224283780995341,0.23534387167900025,0.047379171691430924,0.22127479000713463,0.22127479000713463,0.7787252099928653,80
19,1,0.30605450661908606,0.3350937648573301,0.1213398554274365,0.35500539416380616,0.7100339785614397,0.931854919069591,0.0681450831650777,0.06598045769025028,0.8790650135357081,0.5148137716999006,0.056214133763400696,0.16869095424400485,0.2670858381182899,0.0037934525695106913,0.36624379828572273,13742.535211560895,8.753902941058232,0.25007132143370936,0.028965134635330105,0.2239855638587936,0.2239855638587936,0.7760144361412065,80
19,2,0.25576937767398733,0.2535751168992214,0.09761305163923838,0.3175348517610095,0.7329932395487858,0.9291566272597738,0.07084336882739573,0.06812894926727389,0.871056697865899,0.4448044614768178,0.055768186649786874,0.14152796767376358,0.21515450120817087,0.0036253678577509163,0.3699983052909374,66994.21701660479,10.412540505851174,0.21816184110148482,0.033732833219536115,0.19887780822171647,0.19887780822171647,0.8011221917782836,80
19,3,0.21929466164521547,0.22735836917459226,0.0745766997249784,0.225034413947794,0.7100223152309562,0.8914440647087666,0.10855591765129433,0.10188228623323863,0.8427433188534463,0.3907913901136842,0.04181883933651779,0.11664902711372256,0.18278067580984098,0.0029268646241462195,0.331631426140666,39035.396228365375,9.911813793740537,0.21159463037468354,0.05765753247028403,0.18809538566394177,0.18809538566394177,0.8119046143360583,80
20,0,0.2410459421698954,0.2686367331323095,0.08374347498117427,0.23050403956367743,0.6649925665002288,0.83497418246625,0.16502580560320718,0.1623082261531645,0.7887676382982037,0.4272497938875051,0.0577883301573464,0.145573387532622,0.21841922584479234,0.0031920618139565705,0.327539599686861,8311.286494155338,8.48338690567721,0.21913981870031254,0.014853052603446656,0.17269920170558242,0.17269920170558242,0.8273007982944176,80
20,1,0.29645160299069745,0.3097714582794796,0.1189450109835235,0.36980997066050236,0.7433716103347112,0.9559409572080486,0.044059046466202456,0.041548013669978984,0.911342226404584,0.5125556407239191,0.06031519357257871,0.17081428571120025,0.26158234039889583,0.00295680487648724,0.3941865585744381,25508.162614457146,9.551317058157668,0.22420949405646762,0.05973050131149578,0.21508037988445977,0.21508037988445977,0.7849196201155403,80
20,2,0.20507214753379227,0.20175107949391335,0.06765430751291365,0.16980335773800576,0.7198886313114048,0.8895999431825421,0.11040005163124741,0.10338116153727239,0.840171092195274,0.35460904264503423,0.031639537736492,0.0964504230237761,0.15707594466975852,0.0032226402587639314,0.31404778361320496,17538.656066173622,9.066278048790753,0.20750148983816258,0.05996996924365653,0.176730214582301,0.176730214582301,0.823269785417699,80
20,3,0.1888930788492825,0.1889384983996108,0.058168706888551414,0.15667851959672566,0.6788624906968417,0.8216339339250492,0.17836606740896788,0.17221275739465688,0.7758718881206247,0.3312156229589852,0.03592367893642081,0.09912054081042007,0.15405061641743847,0.0028697866503989643,0.29108584970235823,11251.86304490435,8.676212116646715,0.2039499006805705,0.033611847601762126,0.14892474917002468,0.14892474917002468,0.8510752508299753,80
21,0,0.24535160749402815,0.244125171981671,0.09171483338288296,0.28166833349580683,0.7240109124572813,0.9248707918583428,0.0751292135462299,0.06858407531321972,0.8824659525382454,0.43869860123357435,0.05063697912214944,0.13422092641585434,0.20930780035114943,0.0025832322631913485,0.36227311193943024,45487.217211887066,10.077503219762775,0.22265237858008463,0.07438786285709992,0.2074050188365173,0.2074050188365173,0.7925949811634827,80
21,1,0.2330001566296894,0.2571957664583106,0.08054193063919368,0.22974166909095084,0.7078758131066903,0.9103378563962778,0.08966213536312145,0.08552750649497208,0.8602796357254361,0.41551095836301366,0.04679598709165463,0.13210429235684623,0.20394922725540748,0.002324664553088951,0.33126839324831964,11623.756158250946,8.82086428459916,0.2364966488611162,0.044891137905214026,0.2065966829547899,0.2065966829547899,0.79340331704521,80
21,2,0.28452562828817846,0.2946467358888806,0.11645034565271259,0.34636628655161067,0.6834319696908205,0.9273659471852435,0.07263406037453862,0.07042481278272954,0.8557545147737222,0.5233933345546937,0.05486813244677101,0.16484503279301368,0.26109048032253745,0.003497633886570384,0.3932047750800848,34976.177529526445,9.803227490375095,0.2840100941543685,0.028964448940147308,0.24614321443441192,0.24614321443441192,0.7538567855655881,80
21,3,0.23121156939972504,0.23140997110102388,0.08487675080476675,0.2583257162589268,0.7078003550700771,0.8946522932015007,0.10534769722438826,0.09798382496725824,0.8519433928842084,0.42333612670722925,0.04422406069576449,0.12805722893701865,0.20135087937674195,0.0023693645918683613,0.3555432815104723,37582.34505432569,9.9524259943282,0.21758853291202912,0.06615896423284184,0.19421581880917116,0.19421581880917116,0.8057841811908288,80
22,0,0.36485863520081924,0.3767049938658559,0.17002376865972363,0.6449449392064838,0.7468972335882144,0.9721236672108265,0.02787633732597781,0.025886170901820695,0.9388489085831335,0.6082085480007046,0.07560799801157606,0.21652205301389751,0.3232397893054878,0.004412211486101114,0.4574874058365822,107208.25191901058,10.943840837089535,0.2308471690498771,0.05587992950048799,0.22721659722211038,0.22721659722211038,0.7727834027778896,80
22,1,0.244251345407947,0.24880509586033905,0.08877050107705997,0.27340344549248,0.7183757980579876,0.9118026347309544,0.08819736985005876,0.08446859325238888,0.8593555647631984,0.42205451645342273,0.04667008717029665,0.12882384493574536,0.199398019977971,0.002924864542205796,0.352708612754941,36687.309129919784,9.908806612933066,0.22183723389024262,0.042381684951909866,0.19715561828775158,0.19715561828775158,0.8028443817122485,80
22,2,0.25308715780906244,0.2585745860906954,0.08560350840828478,0.2667474050282538,0.718677880832068,0.890037463658919,0.10996254456145287,0.10218144721805696,0.8563705741504739,0.4195733573367879,0.04962732549747519,0.1393519065139513,0.2125171341531516,0.0019383307053431054,0.33026410564780234,13510.35047368654,9.153004160580686,0.19624436100754963,0.07335828258345281,0.1791406702736888,0.1791406702736888,0.8208593297263113,80
22,3,0.296960874834613,0.2921331530673152,0.12470027288094983,0.4660526999131779,0.7458091143763872,0.9553375260622674,0.04466247158945118,0.041862853280390855,0.9078025438051082,0.5087735030107406,0.05614802072006185,0.15924493218035704,0.24664519032025328,0.0033057116957479595,0.4113488018512726,360591.8217278843,11.90174224427323,0.22435410752274185,0.062105791492155796,0.212328040433838,0.212328040433838,0.787671959566162,80
23,0,0.26489856477506035,0.26887419042308613,0.0917575691828368,0.2944678625202792,0.6971827127001247,0.8357878494155646,0.16421213848373395,0.15707281547743934,0.7967461930746886,0.4363774896069996,0.053347073892248256,0.14196339705797445,0.21920123779109257,0.0015607581148287864,0.3351920433342457,22575.96047898077,9.258322837781744,0.17433763943755023,0.04210076347208644,0.14574446262674198,0.14574446262674198,0.8542555373732579,80
23,1,0.2894006839884894,0.2999597011207249,0.12081414809625717,0.42305993281072907,0.7102529002370397,0.9543863763503155,0.045613621168594465,0.04333382493570378,0.9013596788376443,0.5228371027202012,0.06316854037871968,0.17060025229879122,0.26524046790546363,0.00276187651257942,0.4089955471456051,180301.64466515172,11.216502138330634,0.2573582567951972,0.04372384762249207,0.24641327794432427,0.24641327794432427,0.7535867220556758,80
23,2,0.2541060912373314,0.239855674300815,0.10119690014043044,0.3475232197828767,0.7509749937883586,0.9591388021675474,0.04086119957397415,0.035617166552687506,0.9172870530630254,0.4432091948018099,0.053270201871902165,0.13794429372985656,0.20959139137447846,0.002678217034701902,0.3840307142585516,105263.69218699662,10.917766870938493,0.2195569890639267,0.10795300166651349,0.21340783346135472,0.21340783346135472,0.7865921665386453,80
23,3,0.29463959266380646,0.3141894156710675,0.1251767589240777,0.4040002531706037,0.6615600574296459,0.8897508358856839,0.11024916810395351,0.10280631107184726,0.8399299148758276,0.5247991602819687,0.059777102969904336,0.17654644963958124,0.2799687644989439,0.0031679943842846114,0.38329751677811147,28661.99939770231,9.401720600384067,0.2631016022779283,0.0382893709932476,0.2356336280558921,0.2356336280558921,0.7643663719441078,80
24,0,0.33752360241342705,0.3755648788305478,0.15719907193719188,0.6103962027253084,0.6683771620631376,0.8876301611303283,0.1123698272976055,0.10863005223672098,0.8442350137961636,0.5590800403909992,0.07032026942606344,0.21300033172785104,0.32203511297707393,0.0027231236924222914,0.38661480136215687,24813.242535707323,8.891789334955288,0.2507025931271718,0.02161107693398754,0.2229927829990869,0.2229927829990869,0.7770072170009131,80
24,1,0.3102990850124772,0.3006307669609992,0.1276726594302871,0.40623295309540974,0.7697809719833031,0.982254032369551,0.017745972396013037,0.01655767871102809,0.9618465339745533,0.5028253002413688,0.054678738130940006,0.14730647211217734,0.23243628827594276,0.002142151126599856,0.3952486228197813,57189.124084684685,10.31197918934922,0.17207243751273515,0.07009189062177341,0.21366134819638768,0.21366134819638768,0.7863386518036123,80
24,2,0.24836575565956048,0.26304895165126274,0.0848904385569476,0.2391694592091261,0.7062236932141006,0.9035965593881216,0.09640343917221687,0.09311864830681857,0.8576589643163899,0.4316418068675822,0.049574755298265404,0.13687224250670765,0.21181587598240448,0.002849801347520042,0.3360302414745092,15261.294028020053,9.187006202673206,0.22625730492099647,0.027278153743393235,0.20065765420962695,0.20065765420962695,0.7993423457903731,80
24,3,0.3424218819761017,0.36431291611244376,0.1446563708041852,0.5528843986886564,0.7431985171359463,0.9450850409927105,0.05491496385735143,0.05312850726573385,0.901032900764948,0.5440020080539548,0.06878384394973644,0.1871952953048806,0.2833113422347265,0.003392357406994506,0.40683512277901174,88942.29281177044,10.637789703084561,0.21796901473122582,0.030525403010052486,0.20367297526530548,0.20367297526530548,0.7963270247346945,80
25,0,0.2561456842700659,0.2864068952654081,0.09636953223817173,0.24982130151040058,0.6466392415666012,0.8454739877883268,0.15452601218613857,0.1513287821721589,0.7952431232865497,0.4564943672546097,0.043292395882153195,0.13816591867641786,0.22497510320614295,0.0027165287801835802,0.338765412569046,10191.460779015093,8.496601766494965,0.24329951014504955,0.015112082996277112,0.2020319745617834,0.2020319745617834,0.7979680254382167,80
25,1,0.26378354939389287,0.27131337822038765,0.09544352001404827,0.29879140102537594,0.740476570739393,0.9145102466131452,0.08548975708476318,0.08306284684794805,0.8637572024403471,0.433438191583466,0.04729588271044914,0.13524788328356308,0.20920351309577204,0.00325851425457131,0.3543819472193718,33967.27765445893,9.865045401629688,0.20266436833985096,0.02367076048827673,0.17646058777392387,0.17646058777392387,0.8235394122260761,80
25,2,0.30182607698494124,0.3222979024677974,0.1262954186991987,0.39166834679346507,0.6838985934006727,0.923819738057295,0.07618025936617986,0.07474250359543647,0.8651003138389157,0.5416042171053488,0.0651261895997582,0.19175193234370752,0.29359657491080915,0.0029249915926584436,0.39113432727754116,18327.676556413113,9.15090138215516,0.2730505800435027,0.011611145471462274,0.24135890157329434,0.24135890157329434,0.7586410984267056,80
25,3,0.2828922078629871,0.29477112224675667,0.11452212662919785,0.3999710404628305,0.7131022258282795,0.9484870373569242,0.05151297117754883,0.048703709864983895,0.9031833849128578,0.5115009036029392,0.06524212018848212,0.17476870512913587,0.2614635193509027,0.0030124539752478087,0.39849025905132296,63700.84836120217,10.423160203084922,0.2546239028264271,0.040797914587768096,0.23819407726352107,0.23819407726352107,0.761805922736479,80
26,0,0.2687956208774845,0.28516006544415085,0.10034795251836814,0.2586680561666658,0.7261107706324167,0.9015111076708464,0.09848887723347381,0.09644736051392036,0.8514208902971288,0.44874932853451543,0.04508423535413532,0.12407352171181149,0.19965464389630236,0.0025997157597430487,0.36582469567656517,22803.000385769858,9.673706296580674,0.20184362695874475,0.017835363210249745,0.17744186657005315,0.17744186657005315,0.8225581334299468,80
26,1,0.3135457101954747,0.3449299793205038,0.1258833500007094,0.387410573764802,0.7235628550441803,0.9206483902736465,0.07935161390038978,0.07408647088666898,0.8771983370424165,0.5205782684020906,0.05640995992910308,0.16810680164213979,0.26257386563568724,0.0028791087521767623,0.3895602207630873,26055.661192216554,9.740949966106102,0.21992670698402578,0.059132764223825,0.20235067987841368,0.20235067987841368,0.7976493201215863,80
26,2,0.2551016309807274,0.25951809795196307,0.09417330380256984,0.22679171687759356,0.7331151891482676,0.9170009928449738,0.08299900505622874,0.08079597074008298,0.8725911049650895,0.43526556660655125,0.038321592912799386,0.11300249227947119,0.18661951096353543,0.002669024652277585,0.36316037699580195,21192.32774322427,9.620313282001764,0.2032841031395801,0.022471436214914015,0.18608883834301085,0.18608883834301085,0.8139111616569892,80
26,3,0.2640478259962232,0.2869839241427755,0.10096154314802457,0.2754285662967323,0.6618761916776498,0.8582237186237561,0.14177628357099728,0.1399893654345056,0.7940367752667066,0.4763328455102947,0.046790289096838605,0.14096120383052105,0.2265326626721919,0.002935894962411112,0.3670771084725857,21635.922085804326,9.447791808917477,0.24099785504087765,0.011779770685044695,0.19813445213600855,0.19813445213600855,0.8018655478639914,80
27,0,0.2375690317177342,0.24243624863322932,0.08224607002836774,0.21040333375289264,0.7299241111514826,0.9041771842273363,0.0958228207260771,0.09291247591188194,0.8555260097449823,0.4042708364689222,0.03988655423238934,0.11549754525342479,0.1867443785052248,0.00334579320742705,0.3385454908013344,17400.697011228334,9.224468626944644,0.20421860603261366,0.024812053851484335,0.17716342016237546,0.17716342016237546,0.8228365798376245,80
27,1,0.38396233161342674,0.4450431790614876,0.1907034092005223,0.9954372967057695,0.673246404202587,0.9021195480925245,0.0978804612609094,0.08912708197223873,0.8543090195615646,0.6274287905959834,0.12850670703815165,0.3001241266076472,0.41442124618765536,0.003793348184509071,0.48553726337850095,244261.1784826317,10.429127801915273,0.28118784032320676,0.04567543298997471,0.23762652413351812,0.23762652413351812,0.7623734758664819,80
27,2,0.23311651736777197,0.23158666751945384,0.07876479852381602,0.18252580580320624,0.7403552536388296,0.8989028703974254,0.10109713678582974,0.09820177057129303,0.8568067396377348,0.38871215535654596,0.03422130784231506,0.1043439319111837,0.16995118044843235,0.003187706748394703,0.32882624715566633,13397.348428336754,8.949034801160284,0.18076983441638195,0.0246156539806788,0.16144297878196384,0.16144297878196384,0.8385570212180362,80
27,3,0.22162939554217567,0.22283895487571653,0.07357228530351925,0.16026977239242615,0.7336972246645198,0.8964098236260121,0.10359016972049298,0.09932951526764226,0.8531496115312631,0.37400618228914234,0.03433380037376224,0.09683945811587373,0.15754099357048615,0.0032897645293815,0.3212522387504578,8603.512598166319,8.65003372689265,0.19074664148468978,0.0323837944290878,0.16697325577719085,0.16697325577719085,0.8330267442228092,80
